source_relative_path,source_group,candidate_id,center_x,center_y,area,bbox_x,bbox_y,bbox_width,bbox_height,max_radius,mean_gray,touches_border,strength,marker_score,marker_scale_radius,marker_mask_radius,marker_source
basler_120126/Image__2026-01-12__16-31-10.bmp,basler_120126,1,1530,828,4988,1503,794,73,89,33.560,117.923,no,strong,1.000000,36.000,25.975,frst
basler_120126/Image__2026-01-12__16-31-10.bmp,basler_120126,2,1309,688,6799,1266,639,91,97,42.150,79.016,no,strong,0.764134,42.000,38.747,frst
basler_120126/Image__2026-01-12__16-31-10.bmp,basler_120126,3,1684,553,26598,1584,515,218,209,52.597,151.339,no,strong,0.578853,30.000,29.969,frst
basler_120126/Image__2026-01-12__16-31-10.bmp,basler_120126,4,1433,131,3007,1401,110,86,61,22.400,108.485,no,strong,0.485528,36.000,16.800,frst
basler_120126/Image__2026-01-12__16-31-10.bmp,basler_120126,5,1786,637,435,1775,637,23,33,13.181,145.285,no,strong,0.379156,24.000,13.181,frst
basler_120126/Image__2026-01-12__16-31-10.bmp,basler_120126,6,1646,112,13312,1592,0,120,221,44.741,116.041,yes,strong,0.370922,36.000,36.197,frst
basler_120126/Image__2026-01-12__16-31-10.bmp,basler_120126,7,1593,631,413,1572,621,22,28,14.797,134.450,no,strong,0.362730,18.000,14.797,frst
basler_120126/Image__2026-01-12__16-31-10.bmp,basler_120126,8,1310,314,6455,1268,260,89,113,34.353,111.652,no,strong,0.355550,42.000,21.772,frst
basler_120126/Image__2026-01-12__16-31-10.bmp,basler_120126,9,1813,433,9,1813,433,9,9,10.591,128.333,no,strong,0.350163,18.000,10.591,frst
basler_120126/Image__2026-01-12__16-31-10.bmp,basler_120126,10,1147,826,8117,1106,774,118,96,35.560,99.998,no,strong,0.329421,36.000,15.000,frst
basler_120126/Image__2026-01-12__16-31-10.bmp,basler_120126,11,1005,433,37349,894,275,299,248,76.378,78.981,no,strong,0.324464,18.000,50.591,frst
basler_120126/Image__2026-01-12__16-31-10.bmp,basler_120126,12,1126,385,24,1126,362,24,24,32.997,189.875,no,strong,0.323622,18.000,32.997,frst
basler_120126/Image__2026-01-12__16-31-10.bmp,basler_120126,13,1306,456,32276,1204,306,291,242,52.166,113.578,no,strong,0.314798,18.000,30.197,frst
basler_120126/Image__2026-01-12__16-31-10.bmp,basler_120126,14,1798,526,8122,1749,413,92,170,36.000,135.852,no,strong,0.282534,42.000,35.757,frst
basler_120126/Image__2026-01-12__16-31-10.bmp,basler_120126,15,1349,404,16,1334,389,16,16,24.378,59.812,no,strong,0.268676,18.000,24.378,frst
basler_120126/Image__2026-01-12__16-31-10.bmp,basler_120126,16,1695,37,435,1695,22,27,32,21.788,124.979,no,strong,0.268198,18.000,21.788,frst
basler_120126/Image__2026-01-12__16-31-10.bmp,basler_120126,17,1637,193,9,1629,193,9,9,11.984,102.000,no,strong,0.245448,18.000,11.984,frst
basler_120126/Image__2026-01-12__16-31-10.bmp,basler_120126,18,1353,496,70,1352,478,19,19,21.000,103.357,no,strong,0.240724,18.000,21.000,frst
basler_120126/Image__2026-01-12__16-31-10.bmp,basler_120126,19,1082,205,18387,962,79,225,213,48.000,83.611,no,strong,0.226026,18.000,39.575,frst
basler_120126/Image__2026-01-12__16-31-10.bmp,basler_120126,20,1480,112,4255,1403,70,104,80,22.594,102.849,no,strong,0.224327,24.000,21.388,frst
basler_120126/Image__2026-01-12__16-31-10.bmp,basler_120126,21,1401,429,18,1401,429,18,18,25.200,133.167,no,strong,0.200618,18.000,25.200,frst
basler_120126/Image__2026-01-12__16-31-10.bmp,basler_120126,22,1637,670,14,1624,670,14,14,17.181,105.786,no,strong,0.191319,18.000,17.181,frst
basler_120126/Image__2026-01-12__16-31-10.bmp,basler_120126,23,1011,477,23,989,477,23,23,30.984,56.174,no,strong,0.185850,18.000,30.984,frst
basler_120126/Image__2026-01-12__16-31-10.bmp,basler_120126,24,1190,559,20654,978,505,263,137,44.347,99.548,no,strong,0.185847,36.000,21.984,frst
basler_120126/Image__2026-01-12__16-31-10.bmp,basler_120126,25,1062,451,27,1062,451,27,27,36.572,84.296,no,strong,0.181322,18.000,36.572,frst
basler_120126/Image__2026-01-12__16-31-10.bmp,basler_120126,26,1470,414,14,1470,414,14,14,21.388,137.929,no,strong,0.177633,24.000,21.388,frst
basler_120126/Image__2026-01-12__16-31-10.bmp,basler_120126,27,1093,577,16,1078,562,16,16,21.575,55.875,no,strong,0.174871,36.000,21.575,frst
basler_120126/Image__2026-01-12__16-31-10.bmp,basler_120126,28,1153,231,17,1153,231,17,17,21.172,76.765,no,strong,0.163178,24.000,21.172,frst
basler_120126/Image__2026-01-12__16-31-10.bmp,basler_120126,29,1203,418,855,1181,392,24,52,20.197,100.415,no,strong,0.162539,18.000,20.197,frst
basler_120126/Image__2026-01-12__16-31-10.bmp,basler_120126,30,1448,336,7488,1385,216,122,136,24.575,120.281,no,weak,0.161902,18.000,19.181,frst
basler_120126/Image__2026-01-12__16-31-10.bmp,basler_120126,31,1694,708,4186,1659,670,88,104,24.181,173.114,no,weak,0.160282,18.000,16.391,frst
basler_120126/Image__2026-01-12__16-31-10.bmp,basler_120126,32,1304,520,437,1262,517,43,22,22.197,110.437,no,weak,0.160016,18.000,22.197,frst
basler_120126/Image__2026-01-12__16-31-10.bmp,basler_120126,33,1124,456,17,1108,456,17,17,27.969,51.412,no,weak,0.159090,18.000,27.969,frst
basler_120126/Image__2026-01-12__16-31-10.bmp,basler_120126,34,1611,503,872,1595,486,34,36,13.397,120.758,no,weak,0.148349,18.000,13.397,frst
basler_120126/Image__2026-01-12__16-31-10.bmp,basler_120126,35,1023,583,8,1016,576,8,8,21.591,32.125,no,weak,0.139474,24.000,21.591,frst
basler_120126/Image__2026-01-12__16-31-10.bmp,basler_120126,36,1056,388,27,1030,362,27,27,47.750,57.481,no,weak,0.137782,18.000,47.750,frst
basler_120126/Image__2026-01-12__16-31-10.bmp,basler_120126,37,886,440,1168,876,386,56,87,8.788,51.768,no,weak,0.002855,18.000,8.788,fallback
basler_120126/Image__2026-01-12__16-32-11.bmp,basler_120126,1,1585,675,17,1585,675,17,17,21.575,133.176,no,strong,0.983004,24.000,21.575,frst
basler_120126/Image__2026-01-12__16-32-11.bmp,basler_120126,2,1531,735,39,1504,735,28,29,32.560,118.513,no,strong,0.526462,36.000,32.560,frst
basler_120126/Image__2026-01-12__16-32-11.bmp,basler_120126,3,1462,719,24,1439,696,24,24,29.163,91.750,no,strong,0.497149,18.000,29.163,frst
basler_120126/Image__2026-01-12__16-32-11.bmp,basler_120126,4,1646,112,12018,1590,7,118,216,45.553,101.734,no,strong,0.479929,18.000,37.575,frst
basler_120126/Image__2026-01-12__16-32-11.bmp,basler_120126,5,1335,669,20,1316,650,20,20,25.969,82.350,no,strong,0.407480,24.000,25.969,frst
basler_120126/Image__2026-01-12__16-32-11.bmp,basler_120126,6,1317,605,5,1317,605,5,5,27.788,48.600,no,strong,0.405688,18.000,27.788,frst
basler_120126/Image__2026-01-12__16-32-11.bmp,basler_120126,7,1366,614,14,1365,610,5,5,31.000,67.571,no,strong,0.393569,18.000,31.000,frst
basler_120126/Image__2026-01-12__16-32-11.bmp,basler_120126,8,1295,443,30683,1195,338,306,200,63.753,100.482,no,strong,0.362660,18.000,47.578,frst
basler_120126/Image__2026-01-12__16-32-11.bmp,basler_120126,9,1749,225,13,1749,213,13,13,14.984,109.769,no,strong,0.346778,18.000,14.984,frst
basler_120126/Image__2026-01-12__16-32-11.bmp,basler_120126,10,1377,748,17,1361,732,17,17,21.575,92.471,no,strong,0.307287,36.000,21.575,frst
basler_120126/Image__2026-01-12__16-32-11.bmp,basler_120126,11,1424,574,13,1412,574,13,13,29.363,144.231,no,strong,0.306761,18.000,29.363,frst
basler_120126/Image__2026-01-12__16-32-11.bmp,basler_120126,12,1695,37,2514,1653,0,70,61,24.769,100.744,yes,strong,0.303936,18.000,21.772,frst
basler_120126/Image__2026-01-12__16-32-11.bmp,basler_120126,13,965,429,15211,861,312,195,168,44.544,61.055,no,strong,0.299635,18.000,32.200,frst
basler_120126/Image__2026-01-12__16-32-11.bmp,basler_120126,14,1512,305,575,1512,292,37,35,18.781,74.325,no,strong,0.286348,18.000,18.781,frst
basler_120126/Image__2026-01-12__16-32-11.bmp,basler_120126,15,1638,193,9,1630,193,9,9,10.791,104.000,no,strong,0.274451,18.000,10.791,frst
basler_120126/Image__2026-01-12__16-32-11.bmp,basler_120126,16,1437,645,58516,1275,526,335,258,72.175,100.723,no,strong,0.266497,18.000,36.981,frst
basler_120126/Image__2026-01-12__16-32-11.bmp,basler_120126,17,1456,345,9635,1397,248,129,137,39.575,116.381,no,strong,0.265438,42.000,32.200,frst
basler_120126/Image__2026-01-12__16-32-11.bmp,basler_120126,18,1338,471,16,1338,471,16,16,21.775,111.688,no,strong,0.261867,18.000,21.775,frst
basler_120126/Image__2026-01-12__16-32-11.bmp,basler_120126,19,1758,281,3798,1728,209,70,92,22.184,101.877,no,strong,0.259596,18.000,18.000,frst
basler_120126/Image__2026-01-12__16-32-11.bmp,basler_120126,20,1792,356,15464,1732,284,124,213,45.544,144.173,no,strong,0.256061,18.000,27.763,frst
basler_120126/Image__2026-01-12__16-32-11.bmp,basler_120126,21,1507,616,12,1507,605,12,12,31.166,185.333,no,strong,0.255440,18.000,31.166,frst
basler_120126/Image__2026-01-12__16-32-11.bmp,basler_120126,22,1352,400,10,1343,391,10,10,28.772,45.300,no,strong,0.253721,18.000,28.772,frst
basler_120126/Image__2026-01-12__16-32-11.bmp,basler_120126,23,1111,216,16246,976,89,212,203,41.197,73.112,no,strong,0.242737,18.000,34.000,frst
basler_120126/Image__2026-01-12__16-32-11.bmp,basler_120126,24,1221,571,2822,1182,523,66,78,21.194,117.106,no,strong,0.236026,24.000,21.194,frst
basler_120126/Image__2026-01-12__16-32-11.bmp,basler_120126,25,1475,426,9,1475,426,9,9,22.591,110.222,no,strong,0.230123,24.000,22.591,frst
basler_120126/Image__2026-01-12__16-32-11.bmp,basler_120126,26,1109,362,16546,1043,252,150,244,29.960,75.363,no,strong,0.228000,24.000,21.591,frst
basler_120126/Image__2026-01-12__16-32-11.bmp,basler_120126,27,1840,344,31989,1824,88,96,1112,35.000,33.245,yes,strong,0.225353,18.000,21.581,frst
basler_120126/Image__2026-01-12__16-32-11.bmp,basler_120126,28,1288,498,420,1260,495,29,26,26.591,84.310,no,strong,0.221440,18.000,26.591,frst
basler_120126/Image__2026-01-12__16-32-11.bmp,basler_120126,29,1397,433,14,1384,433,14,14,24.378,192.786,no,strong,0.216106,18.000,24.378,frst
basler_120126/Image__2026-01-12__16-32-11.bmp,basler_120126,30,1143,607,11814,1058,513,150,140,41.544,88.486,no,strong,0.191123,18.000,21.984,frst
basler_120126/Image__2026-01-12__16-32-11.bmp,basler_120126,31,1038,596,4750,1005,559,82,96,29.772,64.008,no,weak,0.189906,18.000,19.591,frst
basler_120126/Image__2026-01-12__16-32-11.bmp,basler_120126,32,1796,432,17,1780,432,17,17,21.991,142.353,no,weak,0.189191,18.000,21.991,frst
basler_120126/Image__2026-01-12__16-32-11.bmp,basler_120126,33,1188,395,2728,1160,329,56,92,21.378,73.854,no,weak,0.187566,18.000,21.181,frst
basler_120126/Image__2026-01-12__16-32-11.bmp,basler_120126,34,1156,233,19,1156,233,19,19,24.188,51.474,no,weak,0.187010,24.000,24.188,frst
basler_120126/Image__2026-01-12__16-32-11.bmp,basler_120126,35,1532,567,6,1532,562,6,6,8.394,125.667,no,weak,0.183617,24.000,8.394,frst
basler_120126/Image__2026-01-12__16-32-11.bmp,basler_120126,36,1085,322,16,1070,307,16,16,19.378,53.875,no,weak,0.167484,18.000,19.378,frst
basler_120126/Image__2026-01-12__16-32-11.bmp,basler_120126,37,1798,494,760,1781,480,31,44,13.000,121.651,no,weak,0.162759,18.000,11.997,frst
basler_120126/Image__2026-01-12__16-32-11.bmp,basler_120126,38,942,346,335,936,329,14,44,5.794,47.934,no,weak,0.005043,42.000,5.794,fallback
basler_120126/Image__2026-01-12__16-32-40.bmp,basler_120126,1,1666,725,9498,1570,618,127,144,31.381,129.808,no,strong,1.000000,36.000,27.763,frst
basler_120126/Image__2026-01-12__16-32-40.bmp,basler_120126,2,1457,753,21,1457,753,21,21,27.166,131.762,no,strong,0.696108,36.000,27.166,frst
basler_120126/Image__2026-01-12__16-32-40.bmp,basler_120126,3,1325,681,21,1305,661,21,21,27.375,69.381,no,strong,0.498717,24.000,27.375,frst
basler_120126/Image__2026-01-12__16-32-40.bmp,basler_120126,4,1353,620,22,1353,620,22,22,30.197,91.909,no,strong,0.459943,18.000,30.197,frst
basler_120126/Image__2026-01-12__16-32-40.bmp,basler_120126,5,1541,714,1373,1527,670,47,57,17.791,91.034,no,strong,0.412592,18.000,16.778,frst
basler_120126/Image__2026-01-12__16-32-40.bmp,basler_120126,6,1556,617,3208,1533,591,72,92,31.984,98.619,no,strong,0.411115,24.000,31.984,frst
basler_120126/Image__2026-01-12__16-32-40.bmp,basler_120126,7,1569,852,9440,1493,771,121,153,39.760,127.061,no,strong,0.410397,24.000,33.169,frst
basler_120126/Image__2026-01-12__16-32-40.bmp,basler_120126,8,1589,538,6,1589,538,6,6,33.197,187.167,no,strong,0.387605,42.000,33.197,frst
basler_120126/Image__2026-01-12__16-32-40.bmp,basler_120126,9,1420,660,571,1404,660,24,32,30.363,113.583,no,strong,0.382181,18.000,30.363,frst
basler_120126/Image__2026-01-12__16-32-40.bmp,basler_120126,10,1434,571,40550,1373,439,260,269,83.095,114.312,no,strong,0.374882,30.000,50.347,frst
basler_120126/Image__2026-01-12__16-32-40.bmp,basler_120126,11,1420,468,21,1400,448,21,21,26.772,69.952,no,strong,0.371037,24.000,26.772,frst
basler_120126/Image__2026-01-12__16-32-40.bmp,basler_120126,12,1335,509,14,1335,506,5,5,26.000,229.429,no,strong,0.370067,18.000,26.000,frst
basler_120126/Image__2026-01-12__16-32-40.bmp,basler_120126,13,965,429,15037,859,317,197,169,44.969,61.686,no,strong,0.364716,18.000,30.994,frst
basler_120126/Image__2026-01-12__16-32-40.bmp,basler_120126,14,1540,756,5381,1491,701,86,110,35.797,106.501,no,strong,0.354270,18.000,28.797,frst
basler_120126/Image__2026-01-12__16-32-40.bmp,basler_120126,15,1279,765,28,1265,752,15,14,22.000,56.786,no,strong,0.337174,36.000,22.000,frst
basler_120126/Image__2026-01-12__16-32-40.bmp,basler_120126,16,1496,632,1,1496,632,1,1,22.000,255.000,no,strong,0.326642,24.000,22.000,frst
basler_120126/Image__2026-01-12__16-32-40.bmp,basler_120126,17,1303,627,6,1302,627,3,3,28.000,180.000,no,strong,0.312554,18.000,28.000,frst
basler_120126/Image__2026-01-12__16-32-40.bmp,basler_120126,18,1523,900,30,1513,891,11,11,11.000,120.500,no,strong,0.309947,24.000,11.000,frst
basler_120126/Image__2026-01-12__16-32-40.bmp,basler_120126,19,1229,617,68164,1143,396,367,417,50.594,95.882,no,strong,0.308587,18.000,34.591,frst
basler_120126/Image__2026-01-12__16-32-40.bmp,basler_120126,20,1745,478,4803,1701,430,138,77,25.788,148.058,no,strong,0.300883,18.000,17.984,frst
basler_120126/Image__2026-01-12__16-32-40.bmp,basler_120126,21,1109,363,17455,1045,252,148,244,31.772,77.627,no,strong,0.280668,24.000,21.394,frst
basler_120126/Image__2026-01-12__16-32-40.bmp,basler_120126,22,1280,479,5,1276,479,5,5,31.394,47.400,no,strong,0.271774,24.000,31.394,frst
basler_120126/Image__2026-01-12__16-32-40.bmp,basler_120126,23,1363,766,398,1348,766,27,25,21.775,108.367,no,strong,0.263744,18.000,21.775,frst
basler_120126/Image__2026-01-12__16-32-40.bmp,basler_120126,24,1614,775,2552,1588,717,56,82,20.591,135.598,no,strong,0.254740,18.000,20.591,frst
basler_120126/Image__2026-01-12__16-32-40.bmp,basler_120126,25,1522,526,16,1522,511,16,16,27.772,125.188,no,weak,0.251197,18.000,27.772,frst
basler_120126/Image__2026-01-12__16-32-40.bmp,basler_120126,26,1127,617,3148,1101,590,67,77,23.369,70.894,no,weak,0.223098,18.000,19.378,frst
basler_120126/Image__2026-01-12__16-32-40.bmp,basler_120126,27,1085,321,16,1070,306,16,16,18.394,55.438,no,weak,0.219210,18.000,18.394,frst
basler_120126/Image__2026-01-12__16-32-40.bmp,basler_120126,28,1170,660,4,1167,657,4,4,20.591,51.500,no,weak,0.215171,18.000,20.591,frst
basler_120126/Image__2026-01-12__16-32-40.bmp,basler_120126,29,1232,453,4,1229,450,4,4,17.591,64.000,no,weak,0.163189,18.000,17.591,frst
basler_120126/Image__2026-01-12__16-32-40.bmp,basler_120126,30,1806,439,2106,1767,420,76,42,19.378,179.258,no,weak,0.158874,18.000,19.181,frst
basler_120126/Image__2026-01-12__16-32-51.bmp,basler_120126,1,1666,733,17,1666,733,17,17,22.969,91.588,no,strong,1.000000,24.000,22.969,frst
basler_120126/Image__2026-01-12__16-32-51.bmp,basler_120126,2,1457,753,21,1457,753,21,21,27.166,132.000,no,strong,0.861489,36.000,27.166,frst
basler_120126/Image__2026-01-12__16-32-51.bmp,basler_120126,3,1326,681,22,1305,660,22,22,27.978,69.273,no,strong,0.543922,24.000,27.978,frst
basler_120126/Image__2026-01-12__16-32-51.bmp,basler_120126,4,1802,605,4698,1770,576,84,92,30.378,138.242,no,strong,0.520045,24.000,22.197,frst
basler_120126/Image__2026-01-12__16-32-51.bmp,basler_120126,5,1764,659,16821,1573,614,225,149,39.975,120.410,no,strong,0.510669,18.000,27.591,frst
basler_120126/Image__2026-01-12__16-32-51.bmp,basler_120126,6,1570,852,9453,1492,770,122,154,39.760,127.258,no,strong,0.495464,24.000,32.372,frst
basler_120126/Image__2026-01-12__16-32-51.bmp,basler_120126,7,1353,620,22,1353,620,22,22,30.197,92.045,no,strong,0.473037,18.000,30.197,frst
basler_120126/Image__2026-01-12__16-32-51.bmp,basler_120126,8,1545,715,12,1545,715,12,12,14.581,83.333,no,strong,0.449163,18.000,14.581,frst
basler_120126/Image__2026-01-12__16-32-51.bmp,basler_120126,9,1434,571,40282,1370,438,235,267,82.901,108.643,no,strong,0.431410,30.000,50.357,frst
basler_120126/Image__2026-01-12__16-32-51.bmp,basler_120126,10,1593,538,3747,1547,496,86,77,29.000,165.706,no,strong,0.425916,36.000,21.378,frst
basler_120126/Image__2026-01-12__16-32-51.bmp,basler_120126,11,1541,758,34704,1195,657,382,156,50.594,99.043,no,strong,0.425907,18.000,28.581,frst
basler_120126/Image__2026-01-12__16-32-51.bmp,basler_120126,12,1553,615,25,1529,615,25,25,31.769,78.080,no,strong,0.420793,24.000,31.769,frst
basler_120126/Image__2026-01-12__16-32-51.bmp,basler_120126,13,1279,765,28,1265,752,15,14,22.000,56.893,no,strong,0.410545,36.000,22.000,frst
basler_120126/Image__2026-01-12__16-32-51.bmp,basler_120126,14,1419,467,21,1399,447,21,21,25.372,71.952,no,strong,0.404602,24.000,25.372,frst
basler_120126/Image__2026-01-12__16-32-51.bmp,basler_120126,15,1334,508,15,1334,506,5,5,27.000,239.333,no,strong,0.392247,18.000,27.000,frst
basler_120126/Image__2026-01-12__16-32-51.bmp,basler_120126,16,1420,660,561,1405,660,23,33,30.363,115.294,no,strong,0.390024,18.000,30.363,frst
basler_120126/Image__2026-01-12__16-32-51.bmp,basler_120126,17,1177,616,22,1156,595,22,22,28.166,47.636,no,strong,0.371641,18.000,28.166,frst
basler_120126/Image__2026-01-12__16-32-51.bmp,basler_120126,18,1304,628,3,1304,628,3,3,26.394,189.000,no,strong,0.363651,24.000,26.394,frst
basler_120126/Image__2026-01-12__16-32-51.bmp,basler_120126,19,1522,901,9,1514,893,9,9,10.197,137.889,no,strong,0.353355,24.000,10.197,frst
basler_120126/Image__2026-01-12__16-32-51.bmp,basler_120126,20,1496,631,4,1493,631,4,4,21.591,255.000,no,strong,0.347030,24.000,21.591,frst
basler_120126/Image__2026-01-12__16-32-51.bmp,basler_120126,21,1745,478,6820,1701,420,143,87,25.788,158.434,no,strong,0.320628,18.000,17.984,frst
basler_120126/Image__2026-01-12__16-32-51.bmp,basler_120126,22,1229,619,24681,1108,551,273,145,54.529,87.512,no,strong,0.311838,24.000,36.591,frst
basler_120126/Image__2026-01-12__16-32-51.bmp,basler_120126,23,1280,480,17960,1208,401,186,179,48.560,100.987,no,strong,0.311287,24.000,37.347,frst
basler_120126/Image__2026-01-12__16-32-51.bmp,basler_120126,24,1109,363,17594,1045,252,148,244,29.969,77.539,no,strong,0.308570,24.000,21.394,frst
basler_120126/Image__2026-01-12__16-32-51.bmp,basler_120126,25,1522,524,14,1522,511,14,14,25.772,101.357,no,weak,0.291039,18.000,25.772,frst
basler_120126/Image__2026-01-12__16-32-51.bmp,basler_120126,26,1362,766,31,1347,766,16,16,21.000,100.645,no,weak,0.287320,24.000,21.000,frst
basler_120126/Image__2026-01-12__16-32-51.bmp,basler_120126,27,1614,775,2167,1589,728,51,71,20.591,126.602,no,weak,0.267322,24.000,20.591,frst
basler_120126/Image__2026-01-12__16-32-51.bmp,basler_120126,28,1086,322,17,1070,306,17,17,19.591,55.059,no,weak,0.254377,18.000,19.591,frst
basler_120126/Image__2026-01-12__16-32-51.bmp,basler_120126,29,1648,671,16,1648,656,16,16,21.797,81.562,no,weak,0.252725,24.000,21.797,frst
basler_120126/Image__2026-01-12__16-32-51.bmp,basler_120126,30,1126,616,960,1103,590,40,43,19.578,79.702,no,weak,0.245506,18.000,19.394,frst
basler_OldObj/Image__2025-12-29__16-02-21.bmp,basler_OldObj,1,1688,902,20,1669,883,20,20,28.000,42.100,no,strong,1.000000,30.000,28.000,frst
basler_OldObj/Image__2025-12-29__16-02-21.bmp,basler_OldObj,2,1741,462,7,1735,456,7,7,26.788,67.000,no,strong,0.720942,24.000,26.788,frst
basler_OldObj/Image__2025-12-29__16-02-21.bmp,basler_OldObj,3,1675,489,26,1650,489,26,26,34.984,57.692,no,strong,0.639785,30.000,34.984,frst
basler_OldObj/Image__2025-12-29__16-02-21.bmp,basler_OldObj,4,1395,1076,10,1395,1076,10,10,22.575,35.900,no,strong,0.632917,30.000,22.575,frst
basler_OldObj/Image__2025-12-29__16-02-21.bmp,basler_OldObj,5,1730,295,16,1715,295,16,16,21.797,30.000,no,strong,0.628190,18.000,21.797,frst
basler_OldObj/Image__2025-12-29__16-02-21.bmp,basler_OldObj,6,1000,661,22,979,661,22,22,28.166,50.500,no,strong,0.604092,24.000,28.166,frst
basler_OldObj/Image__2025-12-29__16-02-21.bmp,basler_OldObj,7,1818,294,17,1802,278,17,17,23.772,40.647,no,strong,0.598918,24.000,23.772,frst
basler_OldObj/Image__2025-12-29__16-02-21.bmp,basler_OldObj,8,1374,568,8,1374,561,8,8,23.378,47.875,no,strong,0.507262,18.000,23.378,frst
basler_OldObj/Image__2025-12-29__16-02-21.bmp,basler_OldObj,9,1806,794,19,1788,794,19,19,24.769,48.421,no,strong,0.507000,24.000,24.769,frst
basler_OldObj/Image__2025-12-29__16-02-21.bmp,basler_OldObj,10,1073,1025,478,1047,1009,27,33,21.394,56.042,no,strong,0.485115,18.000,21.394,frst
basler_OldObj/Image__2025-12-29__16-02-21.bmp,basler_OldObj,11,843,487,30306,757,387,218,224,68.591,76.335,no,strong,0.482860,30.000,42.991,frst
basler_OldObj/Image__2025-12-29__16-02-21.bmp,basler_OldObj,12,1378,1158,3080,1287,1134,92,66,33.363,82.394,yes,strong,0.477127,30.000,33.363,frst
basler_OldObj/Image__2025-12-29__16-02-21.bmp,basler_OldObj,13,1341,709,27,1332,708,10,10,25.000,34.481,no,strong,0.475483,18.000,25.000,frst
basler_OldObj/Image__2025-12-29__16-02-21.bmp,basler_OldObj,14,1889,76,14,1876,63,14,14,27.363,82.286,no,strong,0.470651,24.000,27.363,frst
basler_OldObj/Image__2025-12-29__16-02-21.bmp,basler_OldObj,15,1751,91,28,1751,64,28,28,43.163,160.929,no,strong,0.470157,18.000,43.163,frst
basler_OldObj/Image__2025-12-29__16-02-21.bmp,basler_OldObj,16,1702,1002,2,1701,1001,2,2,32.197,238.000,no,strong,0.466536,30.000,32.197,frst
basler_OldObj/Image__2025-12-29__16-02-21.bmp,basler_OldObj,17,989,347,52587,746,110,334,338,69.772,82.625,no,strong,0.456411,24.000,61.119,frst
basler_OldObj/Image__2025-12-29__16-02-21.bmp,basler_OldObj,18,1029,535,4,1026,535,4,4,34.591,53.000,no,strong,0.455532,30.000,34.591,frst
basler_OldObj/Image__2025-12-29__16-02-21.bmp,basler_OldObj,19,1505,151,110148,1239,0,633,322,106.316,87.420,yes,strong,0.452491,24.000,66.394,frst
basler_OldObj/Image__2025-12-29__16-02-21.bmp,basler_OldObj,20,1311,438,25,1287,414,25,25,29.560,131.360,no,strong,0.447345,18.000,29.560,frst
basler_OldObj/Image__2025-12-29__16-02-21.bmp,basler_OldObj,21,1609,708,19,1591,690,19,19,35.953,122.158,no,strong,0.444095,18.000,35.953,frst
basler_OldObj/Image__2025-12-29__16-02-21.bmp,basler_OldObj,22,919,505,21,919,505,21,21,28.797,130.095,no,strong,0.441647,18.000,28.797,frst
basler_OldObj/Image__2025-12-29__16-02-21.bmp,basler_OldObj,23,1664,84,23,1642,62,23,23,30.560,56.522,no,strong,0.437836,24.000,30.560,frst
basler_OldObj/Image__2025-12-29__16-02-21.bmp,basler_OldObj,24,1373,150,19,1373,132,19,19,31.963,192.684,no,strong,0.437794,30.000,31.963,frst
basler_OldObj/Image__2025-12-29__16-02-21.bmp,basler_OldObj,25,1195,161,16,1195,146,16,16,21.969,89.188,no,strong,0.429413,24.000,21.969,frst
basler_OldObj/Image__2025-12-29__16-02-21.bmp,basler_OldObj,26,1305,548,28,1278,521,28,28,36.357,80.179,no,strong,0.429148,18.000,36.357,frst
basler_OldObj/Image__2025-12-29__16-02-21.bmp,basler_OldObj,27,1006,1116,25,982,1116,25,25,30.563,60.880,no,strong,0.425146,18.000,30.563,frst
basler_OldObj/Image__2025-12-29__16-02-21.bmp,basler_OldObj,28,1494,681,23,1494,659,23,23,31.597,164.478,no,strong,0.424207,24.000,31.597,frst
basler_OldObj/Image__2025-12-29__16-02-21.bmp,basler_OldObj,29,1781,1130,19611,1670,1016,215,160,60.363,80.240,no,strong,0.423409,18.000,43.550,frst
basler_OldObj/Image__2025-12-29__16-02-21.bmp,basler_OldObj,30,1609,139,11,1609,129,11,11,53.969,176.727,no,strong,0.418179,18.000,53.969,frst
basler_OldObj/Image__2025-12-29__16-02-21.bmp,basler_OldObj,31,1706,153,7,1706,147,7,7,21.788,100.286,no,strong,0.409738,24.000,21.788,frst
basler_OldObj/Image__2025-12-29__16-02-21.bmp,basler_OldObj,32,1497,552,188691,1169,41,751,634,107.000,86.914,yes,strong,0.405572,18.000,96.119,frst
basler_OldObj/Image__2025-12-29__16-02-21.bmp,basler_OldObj,33,1348,66,23,1326,66,23,23,31.757,45.478,no,strong,0.402108,24.000,31.757,frst
basler_OldObj/Image__2025-12-29__16-02-21.bmp,basler_OldObj,34,1247,997,25,1223,973,25,25,32.560,74.120,no,strong,0.394300,24.000,32.560,frst
basler_OldObj/Image__2025-12-29__16-02-21.bmp,basler_OldObj,35,1167,398,50225,991,286,296,293,93.735,84.888,no,strong,0.393735,18.000,85.788,frst
basler_OldObj/Image__2025-12-29__16-02-21.bmp,basler_OldObj,36,1204,519,32,1204,519,32,32,40.378,135.125,no,strong,0.389242,36.000,40.378,frst
basler_OldObj/Image__2025-12-29__16-02-21.bmp,basler_OldObj,37,1692,1115,80,1672,1114,21,22,23.000,37.400,no,strong,0.383401,24.000,23.000,frst
basler_OldObj/Image__2025-12-29__16-02-21.bmp,basler_OldObj,38,1204,654,18,1187,637,18,18,21.775,53.056,no,strong,0.378901,24.000,21.775,frst
basler_OldObj/Image__2025-12-29__16-02-21.bmp,basler_OldObj,39,1587,1094,8631,1553,1053,155,75,39.000,101.471,no,strong,0.376224,30.000,30.994,frst
basler_OldObj/Image__2025-12-29__16-02-21.bmp,basler_OldObj,40,1675,427,28,1675,427,28,28,38.597,145.429,no,strong,0.375850,24.000,38.597,frst
basler_OldObj/Image__2025-12-29__16-02-21.bmp,basler_OldObj,41,1223,330,32,1223,330,32,32,50.960,106.031,no,strong,0.368707,18.000,50.960,frst
basler_OldObj/Image__2025-12-29__16-02-21.bmp,basler_OldObj,42,1472,853,19,1454,835,19,19,24.381,44.895,no,strong,0.365583,24.000,24.381,frst
basler_OldObj/Image__2025-12-29__16-02-21.bmp,basler_OldObj,43,1138,664,35,1138,630,35,35,48.397,142.971,no,strong,0.365378,18.000,48.397,frst
basler_OldObj/Image__2025-12-29__16-02-21.bmp,basler_OldObj,44,1278,208,32,1247,177,32,32,64.513,75.500,no,strong,0.364713,18.000,64.513,frst
basler_OldObj/Image__2025-12-29__16-02-21.bmp,basler_OldObj,45,1391,1002,32,1391,971,32,32,44.800,84.875,no,strong,0.363634,18.000,44.800,frst
basler_OldObj/Image__2025-12-29__16-02-21.bmp,basler_OldObj,46,1762,1199,2897,1714,1161,112,39,40.578,99.883,yes,strong,0.362091,24.000,39.975,frst
basler_OldObj/Image__2025-12-29__16-02-21.bmp,basler_OldObj,47,1801,395,23,1801,373,23,23,31.597,64.609,no,strong,0.360610,36.000,31.597,frst
basler_OldObj/Image__2025-12-29__16-02-21.bmp,basler_OldObj,48,1453,380,39,1415,342,39,39,53.781,74.974,no,strong,0.357932,18.000,53.781,frst
basler_OldObj/Image__2025-12-29__16-02-21.bmp,basler_OldObj,49,1162,61,3947,1117,29,88,69,33.197,81.010,no,strong,0.356438,30.000,28.772,frst
basler_OldObj/Image__2025-12-29__16-02-21.bmp,basler_OldObj,50,1061,105,12465,984,50,173,133,43.960,86.026,no,strong,0.354649,24.000,32.157,frst
basler_OldObj/Image__2025-12-29__16-02-21.bmp,basler_OldObj,51,1531,1177,87974,1209,772,505,428,73.381,81.491,yes,strong,0.354342,18.000,50.400,frst
basler_OldObj/Image__2025-12-29__16-02-21.bmp,basler_OldObj,52,1440,627,6,1435,627,6,6,35.394,108.500,no,strong,0.351204,24.000,35.394,frst
basler_OldObj/Image__2025-12-29__16-02-21.bmp,basler_OldObj,53,1299,917,22,1299,896,22,22,30.800,99.455,no,strong,0.350476,24.000,30.800,frst
basler_OldObj/Image__2025-12-29__16-02-21.bmp,basler_OldObj,54,1156,982,62539,840,886,453,299,62.935,82.613,no,strong,0.342740,18.000,45.741,frst
basler_OldObj/Image__2025-12-29__16-02-21.bmp,basler_OldObj,55,1685,788,18,1668,788,18,18,63.347,118.056,no,strong,0.342125,18.000,63.347,frst
basler_OldObj/Image__2025-12-29__16-02-21.bmp,basler_OldObj,56,1413,712,12,1413,701,12,12,21.181,31.833,no,strong,0.340202,18.000,21.181,frst
basler_OldObj/Image__2025-12-29__16-02-21.bmp,basler_OldObj,57,1061,243,12102,1022,147,128,172,42.000,89.579,no,strong,0.334022,36.000,35.797,frst
basler_OldObj/Image__2025-12-29__16-02-21.bmp,basler_OldObj,58,830,630,31,800,600,31,31,42.797,70.355,no,strong,0.333055,18.000,42.797,frst
basler_OldObj/Image__2025-12-29__16-02-21.bmp,basler_OldObj,59,1894,395,3835,1850,358,70,75,37.000,91.875,yes,strong,0.324982,24.000,27.763,frst
basler_OldObj/Image__2025-12-29__16-02-21.bmp,basler_OldObj,60,1228,1098,10862,1160,1060,193,100,35.394,83.043,no,strong,0.317406,18.000,26.600,frst
basler_OldObj/Image__2025-12-29__16-02-21.bmp,basler_OldObj,61,1532,79,269,1516,53,19,27,22.000,42.766,no,strong,0.316990,18.000,22.000,frst
basler_OldObj/Image__2025-12-29__16-02-21.bmp,basler_OldObj,62,1134,874,8260,1063,824,138,102,39.197,94.354,no,strong,0.315272,18.000,30.000,frst
basler_OldObj/Image__2025-12-29__16-02-21.bmp,basler_OldObj,63,1612,610,24,1589,610,24,24,50.135,124.667,no,strong,0.310355,18.000,50.135,frst
basler_OldObj/Image__2025-12-29__16-02-21.bmp,basler_OldObj,64,1265,263,62024,1103,54,324,350,103.984,88.450,no,strong,0.309800,18.000,91.575,frst
basler_OldObj/Image__2025-12-29__16-02-21.bmp,basler_OldObj,65,1449,1009,20,1430,990,20,20,40.147,41.050,no,strong,0.308197,24.000,40.147,frst
basler_OldObj/Image__2025-12-29__16-02-21.bmp,basler_OldObj,66,983,740,13,983,728,13,13,26.166,175.308,no,strong,0.306608,18.000,26.166,frst
basler_OldObj/Image__2025-12-29__16-02-21.bmp,basler_OldObj,67,1701,838,20,1682,838,20,20,27.397,66.200,no,strong,0.305775,24.000,27.397,frst
basler_OldObj/Image__2025-12-29__16-02-21.bmp,basler_OldObj,68,1217,774,8870,1161,724,164,88,33.363,90.782,no,strong,0.304308,30.000,29.969,frst
basler_OldObj/Image__2025-12-29__16-02-21.bmp,basler_OldObj,69,1807,202,21,1807,182,21,21,26.166,89.857,no,strong,0.301101,18.000,26.166,frst
basler_OldObj/Image__2025-12-29__16-02-21.bmp,basler_OldObj,70,1153,787,360,1142,787,20,26,21.575,47.394,no,strong,0.296686,18.000,21.575,frst
basler_OldObj/Image__2025-12-29__16-02-21.bmp,basler_OldObj,71,1847,622,224236,1310,433,610,668,154.366,82.726,yes,strong,0.296085,18.000,79.391,frst
basler_OldObj/Image__2025-12-29__16-02-21.bmp,basler_OldObj,72,1365,229,21,1365,229,21,21,26.363,87.619,no,strong,0.294410,24.000,26.363,frst
basler_OldObj/Image__2025-12-29__16-02-21.bmp,basler_OldObj,73,1455,205,4,1452,205,4,4,34.000,255.000,no,strong,0.293266,18.000,34.000,frst
basler_OldObj/Image__2025-12-29__16-02-21.bmp,basler_OldObj,74,1792,33,955,1770,12,50,38,20.591,73.851,no,strong,0.292061,18.000,19.575,frst
basler_OldObj/Image__2025-12-29__16-02-21.bmp,basler_OldObj,75,1085,1159,323,1071,1159,18,28,20.591,79.183,no,strong,0.291873,18.000,20.591,frst
basler_OldObj/Image__2025-12-29__16-02-21.bmp,basler_OldObj,76,1583,451,378,1583,451,41,49,51.741,114.481,no,strong,0.289065,24.000,51.741,frst
basler_OldObj/Image__2025-12-29__16-02-21.bmp,basler_OldObj,77,1553,311,9,1553,303,9,9,37.575,74.222,no,strong,0.286801,36.000,37.575,frst
basler_OldObj/Image__2025-12-29__16-02-21.bmp,basler_OldObj,78,1384,352,568,1363,328,37,42,21.378,71.783,no,strong,0.282954,24.000,21.378,frst
basler_OldObj/Image__2025-12-29__16-02-21.bmp,basler_OldObj,79,905,990,2351,818,941,88,71,21.388,66.801,no,strong,0.281913,24.000,21.388,frst
basler_OldObj/Image__2025-12-29__16-02-21.bmp,basler_OldObj,80,920,285,34,920,252,34,34,55.353,53.088,no,strong,0.277927,30.000,55.353,frst
basler_OldObj/Image__2025-12-29__16-02-21.bmp,basler_OldObj,81,1676,571,17,1660,555,17,17,22.572,58.059,no,strong,0.277401,24.000,22.572,frst
basler_OldObj/Image__2025-12-29__16-02-21.bmp,basler_OldObj,82,835,314,82,822,309,14,12,8.394,19.963,no,strong,0.274457,24.000,8.394,frst
basler_OldObj/Image__2025-12-29__16-02-21.bmp,basler_OldObj,83,1126,725,46125,966,545,283,273,87.513,75.922,no,strong,0.274202,18.000,57.572,frst
basler_OldObj/Image__2025-12-29__16-02-21.bmp,basler_OldObj,84,1854,1027,18,1837,1010,18,18,28.363,43.611,no,strong,0.270617,18.000,28.363,frst
basler_OldObj/Image__2025-12-29__16-02-21.bmp,basler_OldObj,85,1777,953,10,1768,944,10,10,21.591,59.600,no,strong,0.267067,18.000,21.591,frst
basler_OldObj/Image__2025-12-29__16-02-21.bmp,basler_OldObj,86,995,889,25,995,889,25,25,33.984,141.200,no,strong,0.261996,18.000,33.984,frst
basler_OldObj/Image__2025-12-29__16-02-21.bmp,basler_OldObj,87,1842,563,10,1842,554,10,10,30.772,159.100,no,strong,0.256078,18.000,30.772,frst
basler_OldObj/Image__2025-12-29__16-02-21.bmp,basler_OldObj,88,1372,901,15,1358,887,15,15,23.772,30.067,no,strong,0.255996,24.000,23.772,frst
basler_OldObj/Image__2025-12-29__16-02-21.bmp,basler_OldObj,89,868,182,18,851,165,18,18,23.369,64.778,no,strong,0.253210,24.000,23.369,frst
basler_OldObj/Image__2025-12-29__16-02-21.bmp,basler_OldObj,90,1602,536,16,1602,521,16,16,21.575,188.250,no,strong,0.252415,18.000,21.575,frst
basler_OldObj/Image__2025-12-29__16-02-21.bmp,basler_OldObj,91,1606,1175,283,1599,1150,27,26,26.000,169.890,no,strong,0.239848,18.000,26.000,frst
basler_OldObj/Image__2025-12-29__16-02-21.bmp,basler_OldObj,92,1455,19,32,1455,19,32,32,38.591,82.062,no,strong,0.237315,18.000,38.591,frst
basler_OldObj/Image__2025-12-29__16-02-21.bmp,basler_OldObj,93,784,696,32870,665,591,233,216,64.150,77.861,no,weak,0.236653,24.000,51.563,frst
basler_OldObj/Image__2025-12-29__16-02-21.bmp,basler_OldObj,94,1400,809,33,1368,777,33,33,41.544,53.091,no,weak,0.235557,18.000,41.544,frst
basler_OldObj/Image__2025-12-29__16-02-21.bmp,basler_OldObj,95,1845,858,20,1826,858,20,20,28.000,57.900,no,weak,0.233298,30.000,28.000,frst
basler_OldObj/Image__2025-12-29__16-02-21.bmp,basler_OldObj,96,1116,255,20,1097,255,20,20,24.769,87.900,no,weak,0.232208,18.000,24.769,frst
basler_OldObj/Image__2025-12-29__16-02-21.bmp,basler_OldObj,97,1919,1153,5657,1830,1108,90,92,73.181,72.970,yes,weak,0.229395,18.000,42.394,frst
basler_OldObj/Image__2025-12-29__16-02-21.bmp,basler_OldObj,98,1738,627,14,1725,614,14,14,32.166,38.500,no,weak,0.229360,36.000,32.166,frst
basler_OldObj/Image__2025-12-29__16-02-21.bmp,basler_OldObj,99,1777,1002,14,1777,1002,14,14,20.181,94.214,no,weak,0.229304,24.000,20.181,frst
basler_OldObj/Image__2025-12-29__16-02-21.bmp,basler_OldObj,100,1537,839,23,1515,817,23,23,63.544,48.913,no,weak,0.226929,24.000,63.544,frst
basler_OldObj/Image__2025-12-29__16-02-21.bmp,basler_OldObj,101,719,692,14,719,679,14,14,44.363,137.643,no,weak,0.226622,24.000,44.363,frst
basler_OldObj/Image__2025-12-29__16-02-21.bmp,basler_OldObj,102,1768,894,26,1768,869,26,26,34.166,111.000,no,weak,0.226081,24.000,34.166,frst
basler_OldObj/Image__2025-12-29__16-02-21.bmp,basler_OldObj,103,1739,565,38,1702,565,38,38,52.597,77.658,no,weak,0.222758,18.000,52.597,frst
basler_OldObj/Image__2025-12-29__16-02-21.bmp,basler_OldObj,104,1102,782,8,1101,782,3,4,31.000,36.250,no,weak,0.202686,24.000,31.000,frst
basler_OldObj/Image__2025-12-29__16-02-21.bmp,basler_OldObj,105,760,1101,12217,661,1033,190,133,39.969,75.791,no,weak,0.202619,18.000,36.591,frst
basler_OldObj/Image__2025-12-29__16-02-21.bmp,basler_OldObj,106,1483,495,45,1483,451,45,45,72.907,104.556,no,weak,0.202598,18.000,72.907,frst
basler_OldObj/Image__2025-12-29__16-02-21.bmp,basler_OldObj,107,1483,782,13,1471,782,13,13,30.166,23.077,no,weak,0.198877,18.000,30.166,frst
basler_OldObj/Image__2025-12-29__16-02-21.bmp,basler_OldObj,108,1136,1088,62,1136,1088,24,28,30.369,103.129,no,weak,0.188182,18.000,30.369,frst
basler_OldObj/Image__2025-12-29__16-02-21.bmp,basler_OldObj,109,1231,860,9,1223,852,9,9,11.997,68.222,no,weak,0.180086,18.000,11.997,frst
basler_OldObj/Image__2025-12-29__16-02-21.bmp,basler_OldObj,110,886,1105,1,886,1105,1,1,26.000,158.000,no,weak,0.177593,18.000,26.000,frst
basler_OldObj/Image__2025-12-29__16-02-21.bmp,basler_OldObj,111,903,562,21,903,542,21,21,27.591,77.905,no,weak,0.176695,18.000,27.591,frst
basler_OldObj/Image__2025-12-29__16-02-21.bmp,basler_OldObj,112,1112,547,29,1084,547,29,29,32.363,59.207,no,weak,0.173817,36.000,32.363,frst
basler_OldObj/Image__2025-12-29__16-02-21.bmp,basler_OldObj,113,915,786,38066,845,661,249,282,53.757,84.100,no,weak,0.164494,24.000,40.772,frst
basler_OldObj/Image__2025-12-29__16-02-21.bmp,basler_OldObj,114,897,688,7,891,682,7,7,9.197,73.000,no,weak,0.162434,18.000,9.197,frst
basler_OldObj/Image__2025-12-29__16-02-21.bmp,basler_OldObj,115,1333,1092,431,1333,1082,31,27,21.575,100.262,no,weak,0.146165,24.000,21.575,frst
basler_OldObj/Image__2025-12-29__16-02-54.bmp,basler_OldObj,1,1090,76,6,1088,75,3,3,31.000,73.833,no,strong,1.000000,24.000,31.000,frst
basler_OldObj/Image__2025-12-29__16-02-54.bmp,basler_OldObj,2,1681,479,9342,1603,429,197,101,35.953,92.075,no,strong,0.873975,36.000,27.375,frst
basler_OldObj/Image__2025-12-29__16-02-54.bmp,basler_OldObj,3,620,915,32,589,884,32,32,44.197,63.375,no,strong,0.838671,18.000,44.197,frst
basler_OldObj/Image__2025-12-29__16-02-54.bmp,basler_OldObj,4,1235,229,11,1235,219,11,11,30.969,176.364,no,strong,0.786601,18.000,30.969,frst
basler_OldObj/Image__2025-12-29__16-02-54.bmp,basler_OldObj,5,1619,722,23,1619,700,23,23,31.597,120.652,no,strong,0.708176,18.000,31.597,frst
basler_OldObj/Image__2025-12-29__16-02-54.bmp,basler_OldObj,6,1285,776,31,1255,776,31,31,42.388,117.226,no,strong,0.705180,18.000,42.388,frst
basler_OldObj/Image__2025-12-29__16-02-54.bmp,basler_OldObj,7,1670,574,8,1663,574,8,8,12.984,18.500,no,strong,0.663476,18.000,12.984,frst
basler_OldObj/Image__2025-12-29__16-02-54.bmp,basler_OldObj,8,517,276,65252,317,35,376,371,74.695,71.431,no,strong,0.639341,24.000,58.778,frst
basler_OldObj/Image__2025-12-29__16-02-54.bmp,basler_OldObj,9,1455,766,34357,1359,665,305,180,64.726,78.895,no,strong,0.635884,36.000,34.353,frst
basler_OldObj/Image__2025-12-29__16-02-54.bmp,basler_OldObj,10,1432,300,19,1432,300,19,19,24.969,81.368,no,strong,0.627666,24.000,24.969,frst
basler_OldObj/Image__2025-12-29__16-02-54.bmp,basler_OldObj,11,1415,73,21,1395,73,21,21,33.557,51.429,no,strong,0.618528,30.000,33.557,frst
basler_OldObj/Image__2025-12-29__16-02-54.bmp,basler_OldObj,12,1798,667,9893,1655,557,165,133,35.388,76.416,no,strong,0.613946,18.000,18.591,frst
basler_OldObj/Image__2025-12-29__16-02-54.bmp,basler_OldObj,13,949,704,11,939,704,11,11,29.969,95.545,no,strong,0.610429,18.000,29.969,frst
basler_OldObj/Image__2025-12-29__16-02-54.bmp,basler_OldObj,14,1378,907,257,1374,907,31,29,33.000,109.428,no,strong,0.609975,30.000,33.000,frst
basler_OldObj/Image__2025-12-29__16-02-54.bmp,basler_OldObj,15,1289,689,169,1263,686,27,23,37.000,38.740,no,strong,0.597763,30.000,37.000,frst
basler_OldObj/Image__2025-12-29__16-02-54.bmp,basler_OldObj,16,893,450,41,853,450,41,41,56.753,89.634,no,strong,0.579224,18.000,56.753,frst
basler_OldObj/Image__2025-12-29__16-02-54.bmp,basler_OldObj,17,754,416,26,729,391,26,26,52.532,60.192,no,strong,0.573726,18.000,52.532,frst
basler_OldObj/Image__2025-12-29__16-02-54.bmp,basler_OldObj,18,837,968,23769,699,873,240,162,63.797,70.443,no,strong,0.558515,24.000,49.363,frst
basler_OldObj/Image__2025-12-29__16-02-54.bmp,basler_OldObj,19,1543,581,25,1543,557,25,25,34.160,85.760,no,strong,0.550631,36.000,34.160,frst
basler_OldObj/Image__2025-12-29__16-02-54.bmp,basler_OldObj,20,818,148,21,818,128,21,21,45.938,81.190,no,strong,0.540355,18.000,45.938,frst
basler_OldObj/Image__2025-12-29__16-02-54.bmp,basler_OldObj,21,1289,375,211814,1032,165,609,778,90.363,81.500,no,strong,0.534973,18.000,74.135,frst
basler_OldObj/Image__2025-12-29__16-02-54.bmp,basler_OldObj,22,1446,210,8351,1400,148,127,122,37.153,97.663,no,strong,0.531249,18.000,29.981,frst
basler_OldObj/Image__2025-12-29__16-02-54.bmp,basler_OldObj,23,656,683,21,636,663,21,21,45.938,115.619,no,strong,0.515027,18.000,45.938,frst
basler_OldObj/Image__2025-12-29__16-02-54.bmp,basler_OldObj,24,1010,249,24,1010,226,24,24,33.578,92.042,no,strong,0.513658,18.000,33.578,frst
basler_OldObj/Image__2025-12-29__16-02-54.bmp,basler_OldObj,25,517,851,21,517,851,21,21,41.544,118.524,no,strong,0.511372,18.000,41.544,frst
basler_OldObj/Image__2025-12-29__16-02-54.bmp,basler_OldObj,26,1026,186,14,1026,186,14,14,21.969,56.857,no,strong,0.508467,18.000,21.969,frst
basler_OldObj/Image__2025-12-29__16-02-54.bmp,basler_OldObj,27,719,225,27,693,225,27,27,37.950,107.259,no,strong,0.503694,24.000,37.950,frst
basler_OldObj/Image__2025-12-29__16-02-54.bmp,basler_OldObj,28,1447,1088,3104,1415,1057,73,70,25.997,79.612,no,strong,0.503050,24.000,23.369,frst
basler_OldObj/Image__2025-12-29__16-02-54.bmp,basler_OldObj,29,1505,639,36,1505,639,36,36,42.344,159.861,no,strong,0.501927,18.000,42.344,frst
basler_OldObj/Image__2025-12-29__16-02-54.bmp,basler_OldObj,30,1467,972,10882,1434,872,121,165,39.197,79.963,no,strong,0.500805,18.000,22.594,frst
basler_OldObj/Image__2025-12-29__16-02-54.bmp,basler_OldObj,31,846,683,31884,788,521,294,219,57.788,86.027,no,strong,0.488572,18.000,57.788,frst
basler_OldObj/Image__2025-12-29__16-02-54.bmp,basler_OldObj,32,1037,752,62730,870,656,379,276,90.544,74.919,no,strong,0.484427,24.000,57.575,frst
basler_OldObj/Image__2025-12-29__16-02-54.bmp,basler_OldObj,33,691,874,43358,513,767,244,314,79.316,67.806,no,strong,0.482090,18.000,46.372,frst
basler_OldObj/Image__2025-12-29__16-02-54.bmp,basler_OldObj,34,788,49,26,763,24,26,26,34.363,46.154,no,strong,0.479426,24.000,34.363,frst
basler_OldObj/Image__2025-12-29__16-02-54.bmp,basler_OldObj,35,726,1145,13,714,1145,13,13,23.972,48.692,no,strong,0.476306,18.000,23.972,frst
basler_OldObj/Image__2025-12-29__16-02-54.bmp,basler_OldObj,36,1474,1187,2411,1441,1162,86,38,30.000,59.189,yes,strong,0.471383,18.000,21.197,frst
basler_OldObj/Image__2025-12-29__16-02-54.bmp,basler_OldObj,37,1234,1082,15,1234,1068,15,15,21.775,169.067,no,strong,0.464156,18.000,21.775,frst
basler_OldObj/Image__2025-12-29__16-02-54.bmp,basler_OldObj,38,1445,417,6,1445,412,6,6,21.591,111.167,no,strong,0.462147,30.000,21.591,frst
basler_OldObj/Image__2025-12-29__16-02-54.bmp,basler_OldObj,39,988,975,17,988,975,17,17,29.163,90.471,no,strong,0.459541,18.000,29.163,frst
basler_OldObj/Image__2025-12-29__16-02-54.bmp,basler_OldObj,40,1250,427,27,1224,427,27,27,47.341,55.370,no,strong,0.456054,18.000,47.341,frst
basler_OldObj/Image__2025-12-29__16-02-54.bmp,basler_OldObj,41,891,534,137,878,525,14,16,12.788,42.920,no,strong,0.443673,24.000,12.788,frst
basler_OldObj/Image__2025-12-29__16-02-54.bmp,basler_OldObj,42,766,945,25,742,921,25,25,33.363,75.000,no,strong,0.442305,18.000,33.363,frst
basler_OldObj/Image__2025-12-29__16-02-54.bmp,basler_OldObj,43,985,616,20,984,609,8,8,35.000,88.000,no,strong,0.439615,18.000,35.000,frst
basler_OldObj/Image__2025-12-29__16-02-54.bmp,basler_OldObj,44,1195,962,21,1175,962,21,21,40.750,114.095,no,strong,0.437665,18.000,40.750,frst
basler_OldObj/Image__2025-12-29__16-02-54.bmp,basler_OldObj,45,1102,237,31,1102,207,31,31,41.181,108.129,no,strong,0.435494,18.000,41.181,frst
basler_OldObj/Image__2025-12-29__16-02-54.bmp,basler_OldObj,46,1359,107,13,1359,107,7,7,27.000,193.846,no,strong,0.431895,18.000,27.000,frst
basler_OldObj/Image__2025-12-29__16-02-54.bmp,basler_OldObj,47,1247,984,27,1247,984,27,27,31.575,100.296,no,strong,0.431789,30.000,31.575,frst
basler_OldObj/Image__2025-12-29__16-02-54.bmp,basler_OldObj,48,651,337,5828,597,281,99,90,44.153,93.931,no,strong,0.430111,18.000,41.757,frst
basler_OldObj/Image__2025-12-29__16-02-54.bmp,basler_OldObj,49,1194,112,45594,1126,0,369,199,90.679,85.972,yes,strong,0.428623,24.000,34.575,frst
basler_OldObj/Image__2025-12-29__16-02-54.bmp,basler_OldObj,50,851,294,13,839,282,13,13,20.978,36.846,no,strong,0.419916,18.000,20.978,frst
basler_OldObj/Image__2025-12-29__16-02-54.bmp,basler_OldObj,51,976,1160,39173,849,974,273,226,71.701,79.105,yes,strong,0.419807,18.000,49.544,frst
basler_OldObj/Image__2025-12-29__16-02-54.bmp,basler_OldObj,52,1256,912,17,1256,896,17,17,23.175,74.353,no,strong,0.416995,24.000,23.175,frst
basler_OldObj/Image__2025-12-29__16-02-54.bmp,basler_OldObj,53,627,604,85573,517,337,317,431,75.513,72.070,no,strong,0.415946,18.000,58.150,frst
basler_OldObj/Image__2025-12-29__16-02-54.bmp,basler_OldObj,54,1540,339,8871,1490,244,88,158,34.363,80.919,no,strong,0.414426,36.000,31.360,frst
basler_OldObj/Image__2025-12-29__16-02-54.bmp,basler_OldObj,55,1249,6,14,1236,6,14,14,28.560,47.143,no,strong,0.413677,18.000,28.560,frst
basler_OldObj/Image__2025-12-29__16-02-54.bmp,basler_OldObj,56,1383,575,8,1383,573,4,4,37.000,103.000,no,strong,0.411461,24.000,37.000,frst
basler_OldObj/Image__2025-12-29__16-02-54.bmp,basler_OldObj,57,1389,1167,7225,1346,1101,101,99,40.600,77.833,yes,strong,0.410436,36.000,40.363,frst
basler_OldObj/Image__2025-12-29__16-02-54.bmp,basler_OldObj,58,975,868,17,975,868,17,17,45.560,92.941,no,strong,0.409759,18.000,45.560,frst
basler_OldObj/Image__2025-12-29__16-02-54.bmp,basler_OldObj,59,1389,633,13,1389,633,13,13,25.166,17.615,no,strong,0.409512,18.000,25.166,frst
basler_OldObj/Image__2025-12-29__16-02-54.bmp,basler_OldObj,60,707,712,28,707,685,28,28,43.141,52.429,no,strong,0.403115,18.000,43.141,frst
basler_OldObj/Image__2025-12-29__16-02-54.bmp,basler_OldObj,61,1566,787,18,1566,787,18,18,24.597,110.000,no,strong,0.400458,24.000,24.597,frst
basler_OldObj/Image__2025-12-29__16-02-54.bmp,basler_OldObj,62,1325,264,30,1325,235,30,30,39.588,104.700,no,strong,0.385412,24.000,39.588,frst
basler_OldObj/Image__2025-12-29__16-02-54.bmp,basler_OldObj,63,1491,12,6336,1455,0,138,98,30.575,86.917,yes,strong,0.374828,36.000,23.000,frst
basler_OldObj/Image__2025-12-29__16-02-54.bmp,basler_OldObj,64,1097,1007,73050,941,822,427,319,81.150,87.815,no,strong,0.368034,18.000,62.375,frst
basler_OldObj/Image__2025-12-29__16-02-54.bmp,basler_OldObj,65,1422,517,4,1422,517,4,4,51.591,156.750,no,strong,0.364246,24.000,51.591,frst
basler_OldObj/Image__2025-12-29__16-02-54.bmp,basler_OldObj,66,1014,334,213010,667,0,531,578,118.935,79.552,yes,strong,0.357217,24.000,80.295,frst
basler_OldObj/Image__2025-12-29__16-02-54.bmp,basler_OldObj,67,669,549,30,669,549,30,30,51.153,86.467,no,strong,0.356279,18.000,51.153,frst
basler_OldObj/Image__2025-12-29__16-02-54.bmp,basler_OldObj,68,1482,505,16,1482,490,16,16,21.797,66.938,no,strong,0.355555,24.000,21.797,frst
basler_OldObj/Image__2025-12-29__16-02-54.bmp,basler_OldObj,69,1263,570,27,1237,570,27,27,36.378,122.296,no,strong,0.354304,18.000,36.378,frst
basler_OldObj/Image__2025-12-29__16-02-54.bmp,basler_OldObj,70,1153,700,20,1153,681,20,20,23.972,89.100,no,strong,0.353454,18.000,23.972,frst
basler_OldObj/Image__2025-12-29__16-02-54.bmp,basler_OldObj,71,627,452,34,594,452,34,34,45.791,82.294,no,strong,0.351348,18.000,45.791,frst
basler_OldObj/Image__2025-12-29__16-02-54.bmp,basler_OldObj,72,991,514,16,976,514,16,16,37.953,82.312,no,strong,0.347142,30.000,37.953,frst
basler_OldObj/Image__2025-12-29__16-02-54.bmp,basler_OldObj,73,779,734,35365,703,607,187,285,81.372,75.715,no,strong,0.340681,18.000,58.529,frst
basler_OldObj/Image__2025-12-29__16-02-54.bmp,basler_OldObj,74,458,1153,19705,361,941,214,259,40.966,70.986,yes,strong,0.338181,18.000,32.363,frst
basler_OldObj/Image__2025-12-29__16-02-54.bmp,basler_OldObj,75,926,276,26,901,276,26,26,34.953,80.615,no,strong,0.337084,24.000,34.953,frst
basler_OldObj/Image__2025-12-29__16-02-54.bmp,basler_OldObj,76,894,1011,6,889,1011,6,6,36.984,118.333,no,strong,0.333788,18.000,36.984,frst
basler_OldObj/Image__2025-12-29__16-02-54.bmp,basler_OldObj,77,900,382,40,861,343,40,40,68.944,74.775,no,strong,0.331946,18.000,68.944,frst
basler_OldObj/Image__2025-12-29__16-02-54.bmp,basler_OldObj,78,828,575,23,806,575,23,23,32.200,65.087,no,strong,0.326254,30.000,32.200,frst
basler_OldObj/Image__2025-12-29__16-02-54.bmp,basler_OldObj,79,919,1172,2,919,1171,1,2,38.000,126.500,no,strong,0.325202,18.000,38.000,frst
basler_OldObj/Image__2025-12-29__16-02-54.bmp,basler_OldObj,80,1384,353,16,1384,338,16,16,26.969,118.125,no,strong,0.322393,18.000,26.969,frst
basler_OldObj/Image__2025-12-29__16-02-54.bmp,basler_OldObj,81,455,854,28288,350,744,228,218,64.594,66.194,no,strong,0.321357,18.000,49.344,frst
basler_OldObj/Image__2025-12-29__16-02-54.bmp,basler_OldObj,82,1571,972,11053,1502,884,163,159,33.988,81.816,no,strong,0.320164,24.000,21.797,frst
basler_OldObj/Image__2025-12-29__16-02-54.bmp,basler_OldObj,83,164,457,12406,89,390,176,123,44.347,60.985,no,strong,0.319987,18.000,43.400,frst
basler_OldObj/Image__2025-12-29__16-02-54.bmp,basler_OldObj,84,890,804,21,870,804,21,21,53.938,168.000,no,strong,0.318450,24.000,53.938,frst
basler_OldObj/Image__2025-12-29__16-02-54.bmp,basler_OldObj,85,417,248,19,399,248,19,19,26.600,44.421,no,strong,0.316123,18.000,26.600,frst
basler_OldObj/Image__2025-12-29__16-02-54.bmp,basler_OldObj,86,648,1107,31034,609,1010,227,190,63.316,70.619,yes,strong,0.310582,18.000,32.757,frst
basler_OldObj/Image__2025-12-29__16-02-54.bmp,basler_OldObj,87,1227,660,17,1227,660,17,17,22.184,89.000,no,strong,0.308195,18.000,22.184,frst
basler_OldObj/Image__2025-12-29__16-02-54.bmp,basler_OldObj,88,894,155,11,894,155,11,11,46.969,110.182,no,strong,0.302231,24.000,46.969,frst
basler_OldObj/Image__2025-12-29__16-02-54.bmp,basler_OldObj,89,1155,477,1,1155,477,1,1,27.000,255.000,no,strong,0.300074,18.000,27.000,frst
basler_OldObj/Image__2025-12-29__16-02-54.bmp,basler_OldObj,90,1055,624,11,1055,624,11,11,21.394,208.545,no,strong,0.296403,30.000,21.394,frst
basler_OldObj/Image__2025-12-29__16-02-54.bmp,basler_OldObj,91,443,637,11241,365,542,170,146,38.381,72.070,no,strong,0.291798,18.000,33.000,frst
basler_OldObj/Image__2025-12-29__16-02-54.bmp,basler_OldObj,92,1306,854,13,1294,854,13,13,15.981,137.538,no,strong,0.291106,18.000,15.981,frst
basler_OldObj/Image__2025-12-29__16-02-54.bmp,basler_OldObj,93,711,36,13,699,24,13,13,29.772,141.769,no,strong,0.285715,18.000,29.772,frst
basler_OldObj/Image__2025-12-29__16-02-54.bmp,basler_OldObj,94,444,437,32394,331,304,242,307,62.181,63.914,no,strong,0.282273,30.000,50.550,frst
basler_OldObj/Image__2025-12-29__16-02-54.bmp,basler_OldObj,95,305,710,55278,102,442,338,403,58.938,62.621,no,strong,0.280968,24.000,41.953,frst
basler_OldObj/Image__2025-12-29__16-02-54.bmp,basler_OldObj,96,1281,501,36,1281,501,36,36,59.922,73.944,no,strong,0.278681,18.000,59.922,frst
basler_OldObj/Image__2025-12-29__16-02-54.bmp,basler_OldObj,97,476,716,4827,425,684,98,86,31.560,40.171,no,strong,0.274146,30.000,21.575,frst
basler_OldObj/Image__2025-12-29__16-02-54.bmp,basler_OldObj,98,1282,129,22,1282,129,22,22,30.175,165.136,no,strong,0.272098,18.000,30.175,frst
basler_OldObj/Image__2025-12-29__16-02-54.bmp,basler_OldObj,99,1123,630,72,1111,622,13,12,26.000,43.361,no,strong,0.271364,30.000,26.000,frst
basler_OldObj/Image__2025-12-29__16-02-54.bmp,basler_OldObj,100,1530,273,5,1526,273,5,5,21.788,26.200,no,strong,0.268559,24.000,21.788,frst
basler_OldObj/Image__2025-12-29__16-02-54.bmp,basler_OldObj,101,1372,801,6,1367,796,6,6,32.984,55.833,no,strong,0.265232,18.000,32.984,frst
basler_OldObj/Image__2025-12-29__16-02-54.bmp,basler_OldObj,102,544,341,10,544,341,10,10,34.772,74.900,no,weak,0.264627,18.000,34.772,frst
basler_OldObj/Image__2025-12-29__16-02-54.bmp,basler_OldObj,103,970,1038,28,970,1011,28,28,37.563,80.536,no,weak,0.264011,18.000,37.563,frst
basler_OldObj/Image__2025-12-29__16-02-54.bmp,basler_OldObj,104,801,847,15,801,847,15,15,26.772,79.600,no,weak,0.261454,18.000,26.772,frst
basler_OldObj/Image__2025-12-29__16-02-54.bmp,basler_OldObj,105,1094,556,2,1094,555,2,2,27.197,67.500,no,weak,0.253486,24.000,27.197,frst
basler_OldObj/Image__2025-12-29__16-02-54.bmp,basler_OldObj,106,727,503,12,727,503,12,12,46.969,73.500,no,weak,0.248972,24.000,46.969,frst
basler_OldObj/Image__2025-12-29__16-02-54.bmp,basler_OldObj,107,1391,989,9963,1283,963,160,132,31.000,97.862,no,weak,0.248332,24.000,21.591,frst
basler_OldObj/Image__2025-12-29__16-02-54.bmp,basler_OldObj,108,596,807,30,567,778,30,30,34.788,74.933,no,weak,0.232434,18.000,34.788,frst
basler_OldObj/Image__2025-12-29__16-02-54.bmp,basler_OldObj,109,254,398,13104,196,348,195,138,42.969,59.255,no,weak,0.225800,30.000,31.788,frst
basler_OldObj/Image__2025-12-29__16-02-54.bmp,basler_OldObj,110,397,137,17,397,137,17,17,27.181,83.353,no,weak,0.223564,18.000,27.181,frst
basler_OldObj/Image__2025-12-29__16-02-54.bmp,basler_OldObj,111,502,485,26,502,485,26,26,32.757,111.500,no,weak,0.219306,18.000,32.757,frst
basler_OldObj/Image__2025-12-29__16-02-54.bmp,basler_OldObj,112,207,764,23,185,764,23,23,30.994,75.696,no,weak,0.214427,18.000,30.994,frst
basler_OldObj/Image__2025-12-29__16-02-54.bmp,basler_OldObj,113,1068,1090,22,1047,1069,22,22,28.969,93.227,no,weak,0.210939,24.000,28.969,frst
basler_OldObj/Image__2025-12-29__16-02-54.bmp,basler_OldObj,114,601,151,12,590,151,12,12,42.166,110.750,no,weak,0.209972,18.000,42.166,frst
basler_OldObj/Image__2025-12-29__16-02-54.bmp,basler_OldObj,115,1241,1193,4397,1110,1162,162,38,33.000,93.813,yes,weak,0.209886,24.000,28.194,frst
basler_OldObj/Image__2025-12-29__16-02-54.bmp,basler_OldObj,116,914,68,3,914,66,3,3,20.197,20.000,no,weak,0.197824,18.000,20.197,frst
basler_OldObj/Image__2025-12-29__16-02-54.bmp,basler_OldObj,117,1346,200,18,1346,183,18,18,21.581,114.333,no,weak,0.197543,30.000,21.581,frst
basler_OldObj/Image__2025-12-29__16-02-54.bmp,basler_OldObj,118,653,256,1322,638,225,44,50,17.984,41.303,no,weak,0.194111,18.000,17.591,frst
basler_OldObj/Image__2025-12-29__16-02-54.bmp,basler_OldObj,119,624,94,23,624,72,23,23,30.563,98.478,no,weak,0.190829,18.000,30.563,frst
basler_OldObj/Image__2025-12-29__16-02-54.bmp,basler_OldObj,120,1178,789,17,1178,789,17,17,23.197,94.706,no,weak,0.186877,18.000,23.197,frst
basler_OldObj/Image__2025-12-29__16-02-54.bmp,basler_OldObj,121,468,0,20809,344,0,236,185,39.200,64.658,yes,weak,0.184168,18.000,31.000,frst
basler_OldObj/Image__2025-12-29__16-02-54.bmp,basler_OldObj,122,1126,345,20,1107,345,20,20,28.775,70.750,no,weak,0.182236,24.000,28.775,frst
basler_OldObj/Image__2025-12-29__16-02-54.bmp,basler_OldObj,123,822,1086,2325,822,1030,54,78,20.772,45.445,no,weak,0.179520,18.000,20.772,frst
basler_OldObj/Image__2025-12-29__16-02-54.bmp,basler_OldObj,124,210,685,10,210,676,10,10,27.772,48.600,no,weak,0.178725,18.000,27.772,frst
basler_OldObj/Image__2025-12-29__16-02-54.bmp,basler_OldObj,125,341,198,437,329,183,36,25,7.591,71.522,no,weak,0.005962,42.000,7.591,fallback
basler_OldObj/Image__2025-12-29__16-02-54.bmp,basler_OldObj,126,338,1186,131,331,1179,13,14,5.600,62.313,no,weak,0.001907,42.000,5.600,fallback
basler_OldObj/Image__2025-12-29__16-02-54.bmp,basler_OldObj,127,85,497,494,56,482,58,33,6.000,57.706,no,weak,0.001880,36.000,6.000,fallback
basler_OldObj/Image__2025-12-29__16-03-48.bmp,basler_OldObj,1,1388,70,713,1365,47,28,42,21.772,50.812,no,strong,0.994032,18.000,21.772,frst
basler_OldObj/Image__2025-12-29__16-03-48.bmp,basler_OldObj,2,1681,480,9476,1603,430,197,100,36.150,91.619,no,strong,0.935878,30.000,28.366,frst
basler_OldObj/Image__2025-12-29__16-03-48.bmp,basler_OldObj,3,1614,714,22,1614,693,22,22,30.800,118.955,no,strong,0.792611,18.000,30.800,frst
basler_OldObj/Image__2025-12-29__16-03-48.bmp,basler_OldObj,4,619,917,26,619,892,26,26,39.975,67.654,no,strong,0.757614,18.000,39.975,frst
basler_OldObj/Image__2025-12-29__16-03-48.bmp,basler_OldObj,5,1455,767,34253,1359,664,294,180,65.778,79.182,no,strong,0.747880,36.000,36.184,frst
basler_OldObj/Image__2025-12-29__16-03-48.bmp,basler_OldObj,6,1559,583,26,1559,558,26,26,33.772,115.731,no,strong,0.734268,36.000,33.772,frst
basler_OldObj/Image__2025-12-29__16-03-48.bmp,basler_OldObj,7,508,279,99392,285,8,494,368,89.535,67.800,no,strong,0.731683,18.000,51.197,frst
basler_OldObj/Image__2025-12-29__16-03-48.bmp,basler_OldObj,8,1285,777,31,1255,777,31,31,41.784,114.774,no,strong,0.707647,18.000,41.784,frst
basler_OldObj/Image__2025-12-29__16-03-48.bmp,basler_OldObj,9,1427,135,8512,1371,41,111,130,42.797,94.198,no,strong,0.688688,24.000,31.360,frst
basler_OldObj/Image__2025-12-29__16-03-48.bmp,basler_OldObj,10,742,261,14,729,248,14,14,48.000,126.071,no,strong,0.678222,18.000,48.000,frst
basler_OldObj/Image__2025-12-29__16-03-48.bmp,basler_OldObj,11,1441,971,26,1416,946,26,26,33.166,58.154,no,strong,0.672426,36.000,33.166,frst
basler_OldObj/Image__2025-12-29__16-03-48.bmp,basler_OldObj,12,1798,667,1813,1758,646,63,44,18.575,71.683,no,strong,0.665531,18.000,18.197,frst
basler_OldObj/Image__2025-12-29__16-03-48.bmp,basler_OldObj,13,885,457,58126,782,360,349,270,78.513,79.816,no,strong,0.663964,18.000,56.344,frst
basler_OldObj/Image__2025-12-29__16-03-48.bmp,basler_OldObj,14,1288,691,19,1270,691,19,19,35.150,30.053,no,strong,0.641145,30.000,35.150,frst
basler_OldObj/Image__2025-12-29__16-03-48.bmp,basler_OldObj,15,651,690,25677,580,607,224,168,67.197,59.812,no,strong,0.614580,18.000,50.969,frst
basler_OldObj/Image__2025-12-29__16-03-48.bmp,basler_OldObj,16,1540,895,17,1524,879,17,17,22.572,36.176,no,strong,0.592793,24.000,22.572,frst
basler_OldObj/Image__2025-12-29__16-03-48.bmp,basler_OldObj,17,1716,616,8025,1655,556,126,118,35.581,79.154,no,strong,0.585396,42.000,28.000,frst
basler_OldObj/Image__2025-12-29__16-03-48.bmp,basler_OldObj,18,1059,1104,29,1059,1076,29,29,46.560,98.241,no,strong,0.562162,24.000,46.560,frst
basler_OldObj/Image__2025-12-29__16-03-48.bmp,basler_OldObj,19,516,853,24,516,853,24,24,40.147,112.750,no,strong,0.548939,18.000,40.147,frst
basler_OldObj/Image__2025-12-29__16-03-48.bmp,basler_OldObj,20,812,281,38,775,281,38,38,51.391,53.184,no,strong,0.544078,18.000,51.391,frst
basler_OldObj/Image__2025-12-29__16-03-48.bmp,basler_OldObj,21,1506,639,2,1505,638,2,2,32.197,223.000,no,strong,0.542914,18.000,32.197,frst
basler_OldObj/Image__2025-12-29__16-03-48.bmp,basler_OldObj,22,1440,300,17,1440,300,17,17,21.775,87.412,no,strong,0.534198,24.000,21.775,frst
basler_OldObj/Image__2025-12-29__16-03-48.bmp,basler_OldObj,23,689,873,4,686,873,4,4,37.000,224.000,no,strong,0.532680,30.000,37.000,frst
basler_OldObj/Image__2025-12-29__16-03-48.bmp,basler_OldObj,24,815,956,19,815,956,19,19,54.544,95.368,no,strong,0.527619,24.000,54.544,frst
basler_OldObj/Image__2025-12-29__16-03-48.bmp,basler_OldObj,25,1387,632,16,1387,632,16,16,25.378,20.375,no,strong,0.518456,24.000,25.378,frst
basler_OldObj/Image__2025-12-29__16-03-48.bmp,basler_OldObj,26,1120,247,1332,1068,205,76,85,58.994,94.736,no,strong,0.512597,24.000,58.994,frst
basler_OldObj/Image__2025-12-29__16-03-48.bmp,basler_OldObj,27,1405,215,16,1390,215,16,16,21.194,41.812,no,strong,0.512594,18.000,21.194,frst
basler_OldObj/Image__2025-12-29__16-03-48.bmp,basler_OldObj,28,1372,1058,25,1348,1034,25,25,31.166,70.280,no,strong,0.510578,30.000,31.166,frst
basler_OldObj/Image__2025-12-29__16-03-48.bmp,basler_OldObj,29,1321,409,7,1321,403,7,7,53.394,124.571,no,strong,0.508914,18.000,53.394,frst
basler_OldObj/Image__2025-12-29__16-03-48.bmp,basler_OldObj,30,1221,274,13,1209,274,13,13,51.969,210.692,no,strong,0.502378,18.000,51.969,frst
basler_OldObj/Image__2025-12-29__16-03-48.bmp,basler_OldObj,31,1100,169,24,1077,169,24,24,32.997,34.542,no,strong,0.491516,36.000,32.997,frst
basler_OldObj/Image__2025-12-29__16-03-48.bmp,basler_OldObj,32,1048,766,4,1045,763,4,4,69.591,251.250,no,strong,0.491467,18.000,69.591,frst
basler_OldObj/Image__2025-12-29__16-03-48.bmp,basler_OldObj,33,951,716,35,917,716,35,35,51.369,83.314,no,strong,0.488021,18.000,51.369,frst
basler_OldObj/Image__2025-12-29__16-03-48.bmp,basler_OldObj,34,1374,886,29,1374,886,29,29,39.997,91.862,no,strong,0.486873,24.000,39.997,frst
basler_OldObj/Image__2025-12-29__16-03-48.bmp,basler_OldObj,35,859,695,11396,789,613,128,132,59.984,83.531,no,strong,0.483084,18.000,58.994,frst
basler_OldObj/Image__2025-12-29__16-03-48.bmp,basler_OldObj,36,1263,449,305545,1042,0,605,1129,133.495,81.965,yes,strong,0.480137,18.000,111.654,frst
basler_OldObj/Image__2025-12-29__16-03-48.bmp,basler_OldObj,37,1383,575,20,1383,575,20,20,82.741,188.350,no,strong,0.475381,30.000,82.741,frst
basler_OldObj/Image__2025-12-29__16-03-48.bmp,basler_OldObj,38,1147,1123,11,1137,1123,11,11,40.969,180.091,no,strong,0.471368,18.000,40.969,frst
basler_OldObj/Image__2025-12-29__16-03-48.bmp,basler_OldObj,39,1205,1077,11,1205,1067,11,11,33.378,179.364,no,strong,0.470755,30.000,33.378,frst
basler_OldObj/Image__2025-12-29__16-03-48.bmp,basler_OldObj,40,1442,524,49,1442,476,49,49,67.997,117.367,no,strong,0.469529,24.000,67.997,frst
basler_OldObj/Image__2025-12-29__16-03-48.bmp,basler_OldObj,41,1323,162,7,1317,156,7,7,36.181,57.286,no,strong,0.469525,30.000,36.181,frst
basler_OldObj/Image__2025-12-29__16-03-48.bmp,basler_OldObj,42,987,626,7,987,620,7,7,33.984,179.286,no,strong,0.467334,18.000,33.984,frst
basler_OldObj/Image__2025-12-29__16-03-48.bmp,basler_OldObj,43,1276,527,19,1258,527,19,19,92.363,84.789,no,strong,0.465578,30.000,92.363,frst
basler_OldObj/Image__2025-12-29__16-03-48.bmp,basler_OldObj,44,1080,95,8,1073,88,8,8,21.984,85.625,no,strong,0.461526,24.000,21.984,frst
basler_OldObj/Image__2025-12-29__16-03-48.bmp,basler_OldObj,45,1465,204,10898,1382,127,153,139,41.984,95.063,no,strong,0.458741,18.000,34.160,frst
basler_OldObj/Image__2025-12-29__16-03-48.bmp,basler_OldObj,46,966,140,51,955,131,12,12,12.000,56.392,no,strong,0.456943,24.000,12.000,frst
basler_OldObj/Image__2025-12-29__16-03-48.bmp,basler_OldObj,47,1153,700,20,1153,681,20,20,26.384,88.150,no,strong,0.445033,18.000,26.384,frst
basler_OldObj/Image__2025-12-29__16-03-48.bmp,basler_OldObj,48,1541,338,5477,1492,301,84,99,34.957,86.240,no,strong,0.444866,36.000,31.757,frst
basler_OldObj/Image__2025-12-29__16-03-48.bmp,basler_OldObj,49,938,1100,2,938,1100,2,2,53.197,20.500,no,strong,0.443612,18.000,53.197,frst
basler_OldObj/Image__2025-12-29__16-03-48.bmp,basler_OldObj,50,714,1115,26987,600,1012,221,188,60.953,66.896,yes,strong,0.437262,24.000,35.000,frst
basler_OldObj/Image__2025-12-29__16-03-48.bmp,basler_OldObj,51,829,572,5,829,568,5,5,31.788,107.000,no,strong,0.436553,18.000,31.788,frst
basler_OldObj/Image__2025-12-29__16-03-48.bmp,basler_OldObj,52,1022,469,36,1022,469,36,36,50.400,154.472,no,strong,0.427100,18.000,50.400,frst
basler_OldObj/Image__2025-12-29__16-03-48.bmp,basler_OldObj,53,617,442,32,586,442,32,32,43.981,66.688,no,strong,0.420271,18.000,43.981,frst
basler_OldObj/Image__2025-12-29__16-03-48.bmp,basler_OldObj,54,1125,942,21,1105,922,21,21,28.194,117.000,no,strong,0.411680,24.000,28.194,frst
basler_OldObj/Image__2025-12-29__16-03-48.bmp,basler_OldObj,55,1212,190,10,1212,181,10,10,47.000,62.000,no,strong,0.410898,18.000,47.000,frst
basler_OldObj/Image__2025-12-29__16-03-48.bmp,basler_OldObj,56,1215,862,33,1183,830,33,33,40.544,113.394,no,strong,0.409251,30.000,40.544,frst
basler_OldObj/Image__2025-12-29__16-03-48.bmp,basler_OldObj,57,663,72,21,643,52,21,21,30.363,115.333,no,strong,0.406821,18.000,30.363,frst
basler_OldObj/Image__2025-12-29__16-03-48.bmp,basler_OldObj,58,976,207,26,951,182,26,26,64.922,137.577,no,strong,0.406331,18.000,64.922,frst
basler_OldObj/Image__2025-12-29__16-03-48.bmp,basler_OldObj,59,635,1103,25,611,1103,25,25,28.969,70.600,no,strong,0.403494,24.000,28.969,frst
basler_OldObj/Image__2025-12-29__16-03-48.bmp,basler_OldObj,60,1318,284,30,1318,255,30,30,42.000,84.533,no,strong,0.400841,30.000,42.000,frst
basler_OldObj/Image__2025-12-29__16-03-48.bmp,basler_OldObj,61,783,42,36,783,7,36,36,49.797,88.861,no,strong,0.392671,18.000,49.797,frst
basler_OldObj/Image__2025-12-29__16-03-48.bmp,basler_OldObj,62,1211,924,102749,760,821,627,379,87.544,78.816,yes,strong,0.392437,18.000,69.719,frst
basler_OldObj/Image__2025-12-29__16-03-48.bmp,basler_OldObj,63,965,806,83725,862,533,388,393,94.332,78.723,no,strong,0.391017,18.000,75.794,frst
basler_OldObj/Image__2025-12-29__16-03-48.bmp,basler_OldObj,64,1221,135,38,1221,135,38,38,50.766,78.974,no,strong,0.385269,30.000,50.766,frst
basler_OldObj/Image__2025-12-29__16-03-48.bmp,basler_OldObj,65,746,135,15,746,135,15,15,38.363,87.333,no,strong,0.382984,18.000,38.363,frst
basler_OldObj/Image__2025-12-29__16-03-48.bmp,basler_OldObj,66,981,959,26,956,934,26,26,44.938,76.692,no,strong,0.382827,18.000,44.938,frst
basler_OldObj/Image__2025-12-29__16-03-48.bmp,basler_OldObj,67,765,793,82733,479,707,444,355,98.378,69.274,no,strong,0.380282,18.000,55.529,frst
basler_OldObj/Image__2025-12-29__16-03-48.bmp,basler_OldObj,68,766,424,68527,507,321,321,434,67.938,70.315,no,strong,0.377765,18.000,48.363,frst
basler_OldObj/Image__2025-12-29__16-03-48.bmp,basler_OldObj,69,1158,38,15,1158,38,15,15,32.363,252.400,no,strong,0.375937,18.000,32.363,frst
basler_OldObj/Image__2025-12-29__16-03-48.bmp,basler_OldObj,70,1449,423,5,1449,421,3,3,33.000,225.800,no,strong,0.373861,18.000,33.000,frst
basler_OldObj/Image__2025-12-29__16-03-48.bmp,basler_OldObj,71,442,437,35831,327,304,284,299,63.581,64.781,no,strong,0.372930,30.000,48.353,frst
basler_OldObj/Image__2025-12-29__16-03-48.bmp,basler_OldObj,72,1486,22,8600,1410,0,190,71,61.578,87.871,yes,strong,0.369837,18.000,39.757,frst
basler_OldObj/Image__2025-12-29__16-03-48.bmp,basler_OldObj,73,1245,328,6,1240,328,6,6,27.591,33.833,no,strong,0.369328,24.000,27.591,frst
basler_OldObj/Image__2025-12-29__16-03-48.bmp,basler_OldObj,74,1512,817,17,1496,817,17,17,21.991,89.882,no,strong,0.366450,24.000,21.991,frst
basler_OldObj/Image__2025-12-29__16-03-48.bmp,basler_OldObj,75,163,456,12290,87,390,177,123,43.788,60.181,no,strong,0.362366,18.000,40.757,frst
basler_OldObj/Image__2025-12-29__16-03-48.bmp,basler_OldObj,76,927,308,126034,613,0,534,399,125.119,77.236,yes,strong,0.361953,18.000,85.347,frst
basler_OldObj/Image__2025-12-29__16-03-48.bmp,basler_OldObj,77,1388,810,21,1388,790,21,21,26.772,70.143,no,strong,0.355750,18.000,26.772,frst
basler_OldObj/Image__2025-12-29__16-03-48.bmp,basler_OldObj,78,1260,970,20,1260,970,10,11,38.000,174.300,no,strong,0.354435,18.000,38.000,frst
basler_OldObj/Image__2025-12-29__16-03-48.bmp,basler_OldObj,79,457,853,35600,349,755,299,209,64.938,66.595,no,strong,0.353696,18.000,49.741,frst
basler_OldObj/Image__2025-12-29__16-03-48.bmp,basler_OldObj,80,1222,579,36,1222,579,36,36,50.594,107.778,no,strong,0.353466,18.000,50.594,frst
basler_OldObj/Image__2025-12-29__16-03-48.bmp,basler_OldObj,81,856,174,29,856,146,29,29,43.741,82.621,no,strong,0.347863,18.000,43.741,frst
basler_OldObj/Image__2025-12-29__16-03-48.bmp,basler_OldObj,82,980,72,13,968,60,13,13,24.769,81.308,no,strong,0.345947,24.000,24.769,frst
basler_OldObj/Image__2025-12-29__16-03-48.bmp,basler_OldObj,83,876,984,31,846,984,31,31,42.797,77.258,no,strong,0.342607,30.000,42.797,frst
basler_OldObj/Image__2025-12-29__16-03-48.bmp,basler_OldObj,84,947,1171,29,919,1171,29,29,35.753,64.345,yes,strong,0.340407,18.000,35.753,frst
basler_OldObj/Image__2025-12-29__16-03-48.bmp,basler_OldObj,85,728,635,3,726,633,3,3,22.394,30.000,no,strong,0.339674,24.000,22.394,frst
basler_OldObj/Image__2025-12-29__16-03-48.bmp,basler_OldObj,86,417,246,20,398,246,20,20,27.397,64.600,no,strong,0.338247,18.000,27.397,frst
basler_OldObj/Image__2025-12-29__16-03-48.bmp,basler_OldObj,87,457,1154,17312,361,989,215,211,40.966,72.779,yes,strong,0.335177,18.000,33.166,frst
basler_OldObj/Image__2025-12-29__16-03-48.bmp,basler_OldObj,88,1396,358,19,1396,340,19,19,24.984,126.421,no,strong,0.333902,18.000,24.984,frst
basler_OldObj/Image__2025-12-29__16-03-48.bmp,basler_OldObj,89,1084,1001,32,1053,1001,32,32,42.772,54.812,no,strong,0.332604,18.000,42.772,frst
basler_OldObj/Image__2025-12-29__16-03-48.bmp,basler_OldObj,90,1052,250,14,1052,237,14,14,40.363,87.929,no,strong,0.332234,18.000,40.363,frst
basler_OldObj/Image__2025-12-29__16-03-48.bmp,basler_OldObj,91,895,800,8,895,793,8,8,45.378,191.500,no,strong,0.321479,18.000,45.378,frst
basler_OldObj/Image__2025-12-29__16-03-48.bmp,basler_OldObj,92,377,150,27,351,124,27,27,38.791,66.407,no,strong,0.320602,18.000,38.791,frst
basler_OldObj/Image__2025-12-29__16-03-48.bmp,basler_OldObj,93,719,508,7,719,508,7,7,21.591,201.857,no,strong,0.318169,30.000,21.591,frst
basler_OldObj/Image__2025-12-29__16-03-48.bmp,basler_OldObj,94,1457,904,24,1434,904,24,24,31.575,71.708,no,strong,0.316852,36.000,31.575,frst
basler_OldObj/Image__2025-12-29__16-03-48.bmp,basler_OldObj,95,472,77,17,456,61,17,17,23.391,63.176,no,strong,0.316758,18.000,23.391,frst
basler_OldObj/Image__2025-12-29__16-03-48.bmp,basler_OldObj,96,442,636,12001,348,538,177,143,38.381,69.986,no,strong,0.311755,18.000,32.757,frst
basler_OldObj/Image__2025-12-29__16-03-48.bmp,basler_OldObj,97,1501,507,16,1501,492,16,16,21.797,54.500,no,strong,0.309680,30.000,21.797,frst
basler_OldObj/Image__2025-12-29__16-03-48.bmp,basler_OldObj,98,598,512,20,579,493,20,20,24.969,74.700,no,strong,0.304409,18.000,24.969,frst
basler_OldObj/Image__2025-12-29__16-03-48.bmp,basler_OldObj,99,1060,642,16,1060,627,16,16,21.797,142.625,no,strong,0.303484,18.000,21.797,frst
basler_OldObj/Image__2025-12-29__16-03-48.bmp,basler_OldObj,100,891,77,23,869,77,23,23,35.953,109.087,no,strong,0.297787,18.000,35.953,frst
basler_OldObj/Image__2025-12-29__16-03-48.bmp,basler_OldObj,101,306,709,39779,102,590,284,255,60.119,65.385,no,strong,0.297588,30.000,41.150,frst
basler_OldObj/Image__2025-12-29__16-03-48.bmp,basler_OldObj,102,615,599,12,615,599,12,12,32.166,55.167,no,weak,0.295523,30.000,32.166,frst
basler_OldObj/Image__2025-12-29__16-03-48.bmp,basler_OldObj,103,1306,853,11,1296,853,11,11,13.591,101.000,no,weak,0.295110,18.000,13.591,frst
basler_OldObj/Image__2025-12-29__16-03-48.bmp,basler_OldObj,104,1120,626,3,1118,626,3,3,21.000,24.333,no,weak,0.295100,24.000,21.000,frst
basler_OldObj/Image__2025-12-29__16-03-48.bmp,basler_OldObj,105,1530,272,3357,1505,243,71,66,28.991,70.823,no,weak,0.294340,24.000,21.591,frst
basler_OldObj/Image__2025-12-29__16-03-48.bmp,basler_OldObj,106,496,486,2343,496,471,77,54,40.953,62.495,no,weak,0.294198,18.000,40.953,frst
basler_OldObj/Image__2025-12-29__16-03-48.bmp,basler_OldObj,107,476,716,5107,421,682,100,102,30.778,39.959,no,weak,0.291341,30.000,21.797,frst
basler_OldObj/Image__2025-12-29__16-03-48.bmp,basler_OldObj,108,868,1137,29,868,1137,29,29,39.997,70.621,no,weak,0.290527,18.000,39.997,frst
basler_OldObj/Image__2025-12-29__16-03-48.bmp,basler_OldObj,109,1095,564,1,1095,564,1,1,28.000,64.000,no,weak,0.287318,24.000,28.000,frst
basler_OldObj/Image__2025-12-29__16-03-48.bmp,basler_OldObj,110,252,397,12940,195,348,196,138,43.197,58.602,no,weak,0.287245,30.000,31.378,frst
basler_OldObj/Image__2025-12-29__16-03-48.bmp,basler_OldObj,111,1225,660,18,1225,660,18,18,23.391,96.222,no,weak,0.284950,30.000,23.391,frst
basler_OldObj/Image__2025-12-29__16-03-48.bmp,basler_OldObj,112,207,764,22,186,764,22,22,30.778,76.636,no,weak,0.275718,18.000,30.778,frst
basler_OldObj/Image__2025-12-29__16-03-48.bmp,basler_OldObj,113,1033,1170,43718,905,1038,401,162,77.969,93.293,yes,weak,0.271257,18.000,53.738,frst
basler_OldObj/Image__2025-12-29__16-03-48.bmp,basler_OldObj,114,1290,217,15,1276,203,15,15,21.000,28.800,no,weak,0.271242,18.000,21.000,frst
basler_OldObj/Image__2025-12-29__16-03-48.bmp,basler_OldObj,115,1178,791,19,1178,791,19,19,23.584,96.158,no,weak,0.267405,18.000,23.584,frst
basler_OldObj/Image__2025-12-29__16-03-48.bmp,basler_OldObj,116,575,174,4,572,174,4,4,48.591,39.250,no,weak,0.260637,18.000,48.591,frst
basler_OldObj/Image__2025-12-29__16-03-48.bmp,basler_OldObj,117,1016,331,14,1003,331,14,14,37.560,53.786,no,weak,0.251988,18.000,37.560,frst
basler_OldObj/Image__2025-12-29__16-03-48.bmp,basler_OldObj,118,553,625,22,532,604,22,22,31.560,41.409,no,weak,0.241575,18.000,31.560,frst
basler_OldObj/Image__2025-12-29__16-03-48.bmp,basler_OldObj,119,1284,56,2398,1253,29,68,58,18.178,105.772,no,weak,0.240886,30.000,16.394,frst
basler_OldObj/Image__2025-12-29__16-03-48.bmp,basler_OldObj,120,595,811,29,567,783,29,29,37.772,72.655,no,weak,0.238750,18.000,37.772,frst
basler_OldObj/Image__2025-12-29__16-03-48.bmp,basler_OldObj,121,585,121,25,585,97,25,25,37.153,111.320,no,weak,0.229022,24.000,37.153,frst
basler_OldObj/Image__2025-12-29__16-03-48.bmp,basler_OldObj,122,214,694,24,214,671,24,24,33.169,74.000,no,weak,0.224537,18.000,33.169,frst
basler_OldObj/Image__2025-12-29__16-03-48.bmp,basler_OldObj,123,1162,479,12,1151,468,12,12,31.166,111.000,no,weak,0.200566,18.000,31.166,frst
basler_OldObj/Image__2025-12-29__16-03-48.bmp,basler_OldObj,124,314,558,14649,252,442,190,171,41.763,53.512,no,weak,0.198325,30.000,37.778,frst
basler_OldObj/Image__2025-12-29__16-03-48.bmp,basler_OldObj,125,684,347,12,673,336,12,12,22.181,14.167,no,weak,0.197837,30.000,22.181,frst
basler_OldObj/Image__2025-12-29__16-03-48.bmp,basler_OldObj,126,337,1185,145,331,1179,15,16,5.600,62.724,no,weak,0.001798,42.000,5.600,fallback
basler_OldObj/Image__2025-12-29__16-04-04.bmp,basler_OldObj,1,1115,632,6247,1083,598,110,69,35.000,76.623,no,strong,1.000000,24.000,31.360,frst
basler_OldObj/Image__2025-12-29__16-04-15.bmp,basler_OldObj,1,1115,631,6248,1082,596,111,71,33.575,76.610,no,strong,1.000000,30.000,30.363,frst
basler_OldObj/Image__2025-12-29__16-04-15.bmp,basler_OldObj,2,822,355,5403,790,323,105,72,34.378,68.418,no,weak,0.749175,30.000,20.591,frst
basler_OldObj/Image__2025-12-29__16-04-24.bmp,basler_OldObj,1,1114,631,6211,1080,596,113,71,33.984,75.876,no,strong,1.000000,24.000,29.960,frst
basler_OldObj/Image__2025-12-29__16-04-24.bmp,basler_OldObj,2,822,356,5386,790,323,105,73,33.984,68.311,no,strong,0.718461,30.000,21.181,frst
basler_OldObj/Image__2025-12-29__16-04-24.bmp,basler_OldObj,3,458,650,7738,425,611,123,83,40.000,53.650,no,weak,0.505295,30.000,33.557,frst
basler_OldObj/Image__2025-12-29__16-04-32.bmp,basler_OldObj,1,1115,631,6202,1082,596,111,71,34.000,75.705,no,strong,1.000000,30.000,30.363,frst
basler_OldObj/Image__2025-12-29__16-04-32.bmp,basler_OldObj,2,822,356,5347,790,325,106,70,34.378,67.990,no,strong,0.744293,30.000,21.194,frst
basler_OldObj/Image__2025-12-29__16-04-32.bmp,basler_OldObj,3,458,650,7721,425,613,123,81,40.000,53.379,no,strong,0.501449,30.000,33.557,frst
basler_OldObj/Image__2025-12-29__16-04-32.bmp,basler_OldObj,4,159,345,8114,120,306,128,80,39.347,60.556,no,weak,0.403751,30.000,37.347,frst
basler_tstRGB/RGB_blue_E100000.bmp,basler_tstRGB,1,1062,735,5311,1035,704,97,79,34.397,63.556,no,strong,1.000000,24.000,26.169,frst
basler_tstRGB/RGB_blue_E100000.bmp,basler_tstRGB,2,971,817,19,953,799,19,19,23.969,28.316,no,strong,0.961842,24.000,23.969,frst
basler_tstRGB/RGB_blue_E100000.bmp,basler_tstRGB,3,815,661,5840,765,620,89,97,39.560,61.530,no,strong,0.950306,42.000,35.560,frst
basler_tstRGB/RGB_blue_E100000.bmp,basler_tstRGB,4,1028,976,18,1011,976,18,18,23.369,32.056,no,strong,0.905942,24.000,23.369,frst
basler_tstRGB/RGB_blue_E100000.bmp,basler_tstRGB,5,986,436,9157,962,361,137,125,36.181,73.816,no,strong,0.869673,24.000,24.575,frst
basler_tstRGB/RGB_blue_E100000.bmp,basler_tstRGB,6,1114,741,458,1114,724,24,35,23.175,81.328,no,strong,0.843953,24.000,23.175,frst
basler_tstRGB/RGB_blue_E100000.bmp,basler_tstRGB,7,747,729,5661,724,694,97,83,36.150,55.950,no,strong,0.769703,24.000,23.369,frst
basler_tstRGB/RGB_blue_E100000.bmp,basler_tstRGB,8,1081,974,5972,1004,930,103,80,37.150,49.555,no,strong,0.701415,30.000,25.166,frst
basler_tstRGB/RGB_blue_E100000.bmp,basler_tstRGB,9,1056,505,5264,1021,452,88,83,37.150,65.447,no,strong,0.695108,24.000,26.988,frst
basler_tstRGB/RGB_blue_E100000.bmp,basler_tstRGB,10,1111,816,18,1111,799,18,18,23.972,76.056,no,strong,0.690894,30.000,23.972,frst
basler_tstRGB/RGB_blue_E100000.bmp,basler_tstRGB,11,723,637,6452,679,590,97,92,41.547,44.697,no,strong,0.635144,42.000,40.557,frst
basler_tstRGB/RGB_blue_E100000.bmp,basler_tstRGB,12,1034,390,15,1020,376,15,15,20.375,37.333,no,strong,0.540366,24.000,20.375,frst
basler_tstRGB/RGB_blue_E100000.bmp,basler_tstRGB,13,1082,387,425,1082,371,25,33,21.772,110.212,no,strong,0.514273,30.000,21.772,frst
basler_tstRGB/RGB_blue_E100000.bmp,basler_tstRGB,14,1036,892,16338,945,775,193,164,38.769,58.404,no,strong,0.492145,36.000,33.363,frst
basler_tstRGB/RGB_blue_E100000.bmp,basler_tstRGB,15,1750,932,15,1750,918,15,15,20.181,26.133,no,strong,0.367792,18.000,20.181,frst
basler_tstRGB/RGB_blue_E100000.bmp,basler_tstRGB,16,1753,305,77,1735,291,19,17,20.000,31.805,no,strong,0.344588,18.000,20.000,frst
basler_tstRGB/RGB_blue_E100000.bmp,basler_tstRGB,17,1850,1155,8,1843,1155,8,8,18.378,21.875,no,strong,0.343955,18.000,18.378,frst
basler_tstRGB/RGB_blue_E100000.bmp,basler_tstRGB,18,1766,391,10873,1701,264,146,176,31.360,74.861,no,strong,0.339808,24.000,21.194,frst
basler_tstRGB/RGB_blue_E100000.bmp,basler_tstRGB,19,1529,1128,7123,1494,1088,137,112,34.788,91.237,yes,strong,0.329911,36.000,27.763,frst
basler_tstRGB/RGB_blue_E100000.bmp,basler_tstRGB,20,1733,1065,404,1715,1065,35,23,21.575,72.166,no,strong,0.328298,24.000,21.575,frst
basler_tstRGB/RGB_blue_E100000.bmp,basler_tstRGB,21,1835,288,25769,1776,242,144,314,74.738,77.332,yes,strong,0.325013,36.000,25.566,frst
basler_tstRGB/RGB_blue_E100000.bmp,basler_tstRGB,22,1481,1086,1879,1459,1056,57,53,21.394,54.827,no,strong,0.304271,18.000,17.000,frst
basler_tstRGB/RGB_blue_E100000.bmp,basler_tstRGB,23,1851,1097,47427,1586,898,334,302,69.000,80.501,yes,strong,0.282258,18.000,63.129,frst
basler_tstRGB/RGB_blue_E100000.bmp,basler_tstRGB,24,1851,498,16,1836,483,16,16,21.775,46.062,no,strong,0.267253,18.000,21.775,frst
basler_tstRGB/RGB_blue_E100000.bmp,basler_tstRGB,25,1806,539,548,1789,539,34,30,21.775,66.146,no,strong,0.258309,24.000,21.775,frst
basler_tstRGB/RGB_blue_E100000.bmp,basler_tstRGB,26,1791,1068,18,1774,1068,18,18,23.778,54.722,no,strong,0.256614,24.000,23.778,frst
basler_tstRGB/RGB_blue_E100000.bmp,basler_tstRGB,27,1603,949,8,1596,949,8,8,9.994,29.875,no,strong,0.241555,24.000,9.994,frst
basler_tstRGB/RGB_blue_E100000.bmp,basler_tstRGB,28,1766,1011,25,1742,987,25,25,34.160,47.120,no,strong,0.213206,36.000,34.160,frst
basler_tstRGB/RGB_blue_E100000.bmp,basler_tstRGB,29,1690,941,19,1672,923,19,19,21.591,82.737,no,strong,0.211667,18.000,21.591,frst
basler_tstRGB/RGB_blue_E100000.bmp,basler_tstRGB,30,1882,702,10612,1847,675,73,212,56.560,64.277,yes,strong,0.197579,30.000,21.775,frst
basler_tstRGB/RGB_blue_E100000.bmp,basler_tstRGB,31,1876,384,14,1863,371,14,14,17.378,21.714,no,strong,0.176647,18.000,17.378,frst
basler_tstRGB/RGB_blue_E100000.bmp,basler_tstRGB,32,1831,931,16,1831,916,16,16,20.784,30.500,no,strong,0.171700,24.000,20.784,frst
basler_tstRGB/RGB_blue_E100000.bmp,basler_tstRGB,33,1854,445,16,1839,445,16,16,21.194,26.938,no,strong,0.150609,24.000,21.194,frst
basler_tstRGB/RGB_blue_E100000.bmp,basler_tstRGB,34,1883,772,16,1868,757,16,16,20.181,30.438,no,weak,0.146746,18.000,20.181,frst
basler_tstRGB/RGB_blue_E100000.bmp,basler_tstRGB,35,246,265,226,237,256,23,17,6.397,102.235,no,weak,0.065811,18.000,6.397,fallback
basler_tstRGB/RGB_blue_E100000.bmp,basler_tstRGB,36,1713,1199,1114,1675,1182,103,18,18.000,86.384,yes,weak,0.037995,18.000,18.000,fallback
basler_tstRGB/RGB_blue_E100000.bmp,basler_tstRGB,37,38,1042,7034,0,1003,143,111,28.581,87.909,yes,weak,0.023448,36.000,28.581,fallback
basler_tstRGB/RGB_blue_E100000.bmp,basler_tstRGB,38,224,105,364,198,98,37,16,7.000,103.088,no,weak,0.012309,24.000,7.000,fallback
basler_tstRGB/RGB_blue_E100000.bmp,basler_tstRGB,39,96,1142,498,70,1122,38,29,6.394,101.990,no,weak,0.009815,24.000,6.394,fallback
basler_tstRGB/RGB_blue_E100000.bmp,basler_tstRGB,40,84,1199,2110,18,1129,94,71,9.000,97.097,yes,weak,0.009494,18.000,9.000,fallback
basler_tstRGB/RGB_blue_E100000.bmp,basler_tstRGB,41,0,833,155,0,820,14,23,7.194,96.652,yes,weak,0.003005,18.000,7.194,fallback
basler_tstRGB/RGB_blue_E100000.bmp,basler_tstRGB,42,188,86,1468,175,77,104,52,7.797,102.512,no,weak,0.001915,24.000,7.797,fallback
basler_tstRGB/RGB_green_E100000.bmp,basler_tstRGB,1,1062,735,5541,1035,703,99,74,36.550,39.669,no,strong,1.000000,30.000,27.969,frst
basler_tstRGB/RGB_green_E100000.bmp,basler_tstRGB,2,972,817,21,952,797,21,21,28.166,17.905,no,strong,0.924002,30.000,28.166,frst
basler_tstRGB/RGB_green_E100000.bmp,basler_tstRGB,3,986,436,5246,955,404,100,87,33.578,75.475,no,strong,0.869495,24.000,28.969,frst
basler_tstRGB/RGB_green_E100000.bmp,basler_tstRGB,4,1028,976,19,1010,976,19,19,25.166,21.105,no,strong,0.844467,24.000,25.166,frst
basler_tstRGB/RGB_green_E100000.bmp,basler_tstRGB,5,814,660,7814,765,609,119,104,44.000,65.430,no,strong,0.780167,42.000,42.797,frst
basler_tstRGB/RGB_green_E100000.bmp,basler_tstRGB,6,1115,742,541,1115,724,27,37,25.166,62.281,no,strong,0.767706,24.000,25.166,frst
basler_tstRGB/RGB_green_E100000.bmp,basler_tstRGB,7,748,729,6776,720,694,112,94,35.581,59.798,no,strong,0.738462,24.000,24.597,frst
basler_tstRGB/RGB_green_E100000.bmp,basler_tstRGB,8,1055,506,5628,1024,452,91,88,32.588,67.906,no,strong,0.704302,24.000,25.178,frst
basler_tstRGB/RGB_green_E100000.bmp,basler_tstRGB,9,1111,817,20,1111,798,20,20,26.169,60.700,no,strong,0.651366,30.000,26.169,frst
basler_tstRGB/RGB_green_E100000.bmp,basler_tstRGB,10,1082,975,6328,1002,932,107,79,39.178,35.312,no,strong,0.645659,24.000,26.772,frst
basler_tstRGB/RGB_green_E100000.bmp,basler_tstRGB,11,1032,389,6147,1010,344,103,89,35.772,77.261,no,strong,0.583674,24.000,21.772,frst
basler_tstRGB/RGB_green_E100000.bmp,basler_tstRGB,12,1874,1104,13207,1764,1038,156,162,51.994,71.659,yes,strong,0.524487,24.000,46.000,frst
basler_tstRGB/RGB_green_E100000.bmp,basler_tstRGB,13,1038,896,17725,942,775,198,164,37.953,41.422,no,strong,0.487360,42.000,35.991,frst
basler_tstRGB/RGB_green_E100000.bmp,basler_tstRGB,14,721,639,7085,682,582,90,106,40.788,48.105,no,strong,0.464166,42.000,30.757,frst
basler_tstRGB/RGB_green_E100000.bmp,basler_tstRGB,15,1852,498,12537,1766,426,154,151,42.753,86.447,yes,strong,0.453727,24.000,24.984,frst
basler_tstRGB/RGB_green_E100000.bmp,basler_tstRGB,16,1837,286,14646,1789,239,131,199,51.529,65.584,yes,strong,0.444998,36.000,34.000,frst
basler_tstRGB/RGB_green_E100000.bmp,basler_tstRGB,17,1817,1062,6,1817,1062,6,6,36.788,186.000,no,strong,0.434151,18.000,36.788,frst
basler_tstRGB/RGB_green_E100000.bmp,basler_tstRGB,18,1530,1125,10623,1449,1046,188,154,38.347,84.659,yes,strong,0.428211,36.000,32.157,frst
basler_tstRGB/RGB_green_E100000.bmp,basler_tstRGB,19,1686,938,15,1672,924,15,15,21.575,80.000,no,strong,0.400094,18.000,21.575,frst
basler_tstRGB/RGB_green_E100000.bmp,basler_tstRGB,20,1735,1066,17,1735,1066,17,17,22.594,87.000,no,strong,0.389700,18.000,22.594,frst
basler_tstRGB/RGB_green_E100000.bmp,basler_tstRGB,21,1751,306,17,1735,290,17,17,21.772,24.471,no,strong,0.375216,18.000,21.772,frst
basler_tstRGB/RGB_green_E100000.bmp,basler_tstRGB,22,1774,386,14138,1698,258,176,208,35.366,74.216,no,strong,0.370295,36.000,28.969,frst
basler_tstRGB/RGB_green_E100000.bmp,basler_tstRGB,23,1850,1154,301,1836,1154,24,22,20.575,34.179,no,strong,0.336183,18.000,20.575,frst
basler_tstRGB/RGB_green_E100000.bmp,basler_tstRGB,24,1860,700,2414,1841,669,79,64,20.575,64.089,yes,strong,0.316845,18.000,16.197,frst
basler_tstRGB/RGB_green_E100000.bmp,basler_tstRGB,25,1811,1000,36410,1575,893,345,216,69.526,81.753,yes,weak,0.286466,24.000,51.369,frst
basler_tstRGB/RGB_green_E100000.bmp,basler_tstRGB,26,1751,933,17,1751,917,17,17,21.575,65.941,no,weak,0.262958,24.000,21.575,frst
basler_tstRGB/RGB_green_E100000.bmp,basler_tstRGB,27,1876,384,16,1861,369,16,16,20.575,16.188,no,weak,0.257960,18.000,20.575,frst
basler_tstRGB/RGB_green_E100000.bmp,basler_tstRGB,28,1881,771,9219,1853,709,67,184,61.513,55.780,yes,weak,0.245156,18.000,21.378,frst
basler_tstRGB/RGB_green_E100000.bmp,basler_tstRGB,29,1835,930,14,1835,917,14,14,18.975,42.857,no,weak,0.240433,18.000,18.975,frst
basler_tstRGB/RGB_green_E100000.bmp,basler_tstRGB,30,1715,1199,1588,1659,1177,102,23,23.000,58.784,yes,weak,0.049088,18.000,23.000,fallback
basler_tstRGB/RGB_red_E100000.bmp,basler_tstRGB,1,765,734,16,750,734,16,16,28.172,82.375,no,strong,1.000000,30.000,28.172,frst
basler_tstRGB/RGB_red_E100000.bmp,basler_tstRGB,2,827,653,20827,707,596,179,205,51.544,63.169,no,strong,0.965070,36.000,42.947,frst
basler_tstRGB/RGB_red_E100000.bmp,basler_tstRGB,3,1078,737,19,1060,719,19,19,25.997,72.211,no,strong,0.918043,30.000,25.997,frst
basler_tstRGB/RGB_red_E100000.bmp,basler_tstRGB,4,987,820,16,972,805,16,16,31.197,75.938,no,strong,0.813297,30.000,31.197,frst
basler_tstRGB/RGB_red_E100000.bmp,basler_tstRGB,5,732,625,11510,667,569,124,157,44.741,54.915,no,strong,0.717404,36.000,40.191,frst
basler_tstRGB/RGB_red_E100000.bmp,basler_tstRGB,6,1877,1106,20,1858,1106,20,20,29.788,44.450,no,strong,0.700908,18.000,29.788,frst
basler_tstRGB/RGB_red_E100000.bmp,basler_tstRGB,7,1006,440,21439,951,340,175,212,45.757,56.570,no,strong,0.611094,30.000,28.581,frst
basler_tstRGB/RGB_red_E100000.bmp,basler_tstRGB,8,1081,816,38162,934,690,222,326,46.394,63.308,no,strong,0.552565,30.000,33.953,frst
basler_tstRGB/RGB_red_E100000.bmp,basler_tstRGB,9,1818,1062,38487,1682,947,238,253,79.994,58.874,yes,strong,0.503406,18.000,57.529,frst
basler_tstRGB/RGB_red_E100000.bmp,basler_tstRGB,10,1559,1132,20981,1439,1032,337,168,51.150,59.880,yes,strong,0.486714,18.000,39.560,frst
basler_tstRGB/RGB_red_E100000.bmp,basler_tstRGB,11,1053,392,19,1035,374,19,19,25.178,54.000,no,strong,0.430785,36.000,25.178,frst
basler_tstRGB/RGB_red_E100000.bmp,basler_tstRGB,12,1790,994,26991,1560,878,316,135,56.991,66.556,no,strong,0.372422,18.000,55.984,frst
basler_tstRGB/RGB_red_E100000.bmp,basler_tstRGB,13,1893,507,25,1893,507,25,25,46.741,112.200,no,strong,0.369091,18.000,46.741,frst
basler_tstRGB/RGB_red_E100000.bmp,basler_tstRGB,14,1689,942,19,1671,924,19,19,40.544,77.895,no,strong,0.365242,18.000,40.544,frst
basler_tstRGB/RGB_red_E100000.bmp,basler_tstRGB,15,1855,274,10417,1804,223,116,119,50.529,66.630,yes,strong,0.350777,36.000,31.769,frst
basler_tstRGB/RGB_red_E100000.bmp,basler_tstRGB,16,1818,395,17,1818,379,17,17,23.800,82.941,no,strong,0.349247,18.000,23.800,frst
basler_tstRGB/RGB_red_E100000.bmp,basler_tstRGB,17,1042,883,20,1023,883,20,20,31.560,54.650,no,strong,0.331746,36.000,31.560,frst
basler_tstRGB/RGB_red_E100000.bmp,basler_tstRGB,18,1753,932,17,1737,916,17,17,23.800,27.824,no,strong,0.324820,18.000,23.800,frst
basler_tstRGB/RGB_red_E100000.bmp,basler_tstRGB,19,1063,507,3,1061,505,3,3,17.394,38.000,no,strong,0.312297,36.000,17.394,frst
basler_tstRGB/RGB_red_E100000.bmp,basler_tstRGB,20,1041,973,213,1036,973,17,24,15.984,54.793,no,strong,0.298321,36.000,15.984,frst
basler_tstRGB/RGB_red_E100000.bmp,basler_tstRGB,21,1742,1065,7,1736,1065,7,7,21.181,19.714,no,strong,0.233618,18.000,21.181,frst
basler_tstRGB/RGB_red_E100000.bmp,basler_tstRGB,22,1893,393,41176,1684,293,236,303,102.350,61.683,yes,weak,0.231175,18.000,54.726,frst
basler_tstRGB/RGB_red_E100000.bmp,basler_tstRGB,23,1776,295,6064,1717,233,110,101,30.788,54.912,no,weak,0.202418,18.000,24.984,frst
basler_tstRGB/RGB_red_E100000.bmp,basler_tstRGB,24,1882,771,17914,1823,646,97,265,58.519,55.675,yes,weak,0.168363,18.000,24.769,frst
basler_tstRGB/RGB_red_E100000.bmp,basler_tstRGB,25,1804,908,13,1792,896,13,13,23.175,51.615,no,weak,0.162277,18.000,23.175,frst
basler_tstRGB/RGB_red_E100000.bmp,basler_tstRGB,26,1888,699,11,1878,689,11,11,14.591,29.727,no,weak,0.157745,18.000,14.591,frst
basler_tstRGB/RGB_red_E100000.bmp,basler_tstRGB,27,1772,733,2083,1752,713,51,57,19.191,85.987,no,weak,0.012824,18.000,19.191,fallback
basler_tstRGB/RGB_white_E100000.bmp,basler_tstRGB,1,750,730,5574,728,694,95,92,35.000,169.228,no,strong,0.974643,30.000,21.575,frst
basler_tstRGB/RGB_white_E100000.bmp,basler_tstRGB,2,813,661,6111,777,618,89,106,36.953,164.139,no,strong,0.935496,42.000,34.353,frst
basler_tstRGB/RGB_white_E100000.bmp,basler_tstRGB,3,1068,737,15,1054,723,15,15,20.978,106.933,no,strong,0.888851,30.000,20.978,frst
basler_tstRGB/RGB_white_E100000.bmp,basler_tstRGB,4,978,818,12,967,807,12,12,20.575,120.667,no,strong,0.876476,36.000,20.575,frst
basler_tstRGB/RGB_white_E100000.bmp,basler_tstRGB,5,718,640,5710,684,591,83,90,27.197,135.339,no,strong,0.687611,42.000,22.197,frst
basler_tstRGB/RGB_white_E100000.bmp,basler_tstRGB,6,1061,503,4665,1035,454,76,86,30.772,162.976,no,strong,0.658657,36.000,21.000,frst
basler_tstRGB/RGB_white_E100000.bmp,basler_tstRGB,7,1033,976,32,1024,975,10,9,18.000,111.219,no,strong,0.637330,24.000,18.000,frst
basler_tstRGB/RGB_white_E100000.bmp,basler_tstRGB,8,1036,890,16126,953,788,156,214,35.969,129.746,no,strong,0.580773,36.000,32.157,frst
basler_tstRGB/RGB_white_E100000.bmp,basler_tstRGB,9,1078,812,10848,1038,703,108,148,36.400,153.524,no,strong,0.344832,24.000,28.366,frst
basler_tstRGB/RGB_white_E100000.bmp,basler_tstRGB,10,1838,284,8133,1793,242,127,84,38.953,159.828,yes,strong,0.331320,36.000,27.763,frst
basler_tstRGB/RGB_white_E100000.bmp,basler_tstRGB,11,984,429,2400,968,411,60,78,13.181,151.943,no,strong,0.315504,24.000,7.394,frst
basler_tstRGB/RGB_white_E100000.bmp,basler_tstRGB,12,1028,389,4805,1015,353,94,102,18.997,174.348,no,strong,0.292508,18.000,10.000,frst
basler_tstRGB/RGB_white_E100000.bmp,basler_tstRGB,13,1531,1126,8673,1460,1051,176,149,32.200,158.763,yes,strong,0.290861,36.000,28.363,frst
basler_tstRGB/RGB_white_E100000.bmp,basler_tstRGB,14,1769,389,10657,1703,261,142,181,30.363,147.468,no,strong,0.280510,24.000,21.388,frst
basler_tstRGB/RGB_white_E100000.bmp,basler_tstRGB,15,1803,1064,12912,1767,972,153,180,59.726,158.255,yes,strong,0.275647,36.000,28.581,frst
basler_tstRGB/RGB_white_E100000.bmp,basler_tstRGB,16,1855,501,6226,1775,476,127,98,27.166,162.301,no,strong,0.273396,24.000,21.591,frst
basler_tstRGB/RGB_white_E100000.bmp,basler_tstRGB,17,1766,1010,11670,1705,897,155,182,62.726,145.185,no,strong,0.241367,36.000,28.581,frst
basler_tstRGB/RGB_white_E100000.bmp,basler_tstRGB,18,1735,1064,469,1721,1064,29,27,20.397,160.503,no,strong,0.228180,18.000,20.397,frst
basler_tstRGB/RGB_white_E100000.bmp,basler_tstRGB,19,1755,306,52,1742,293,14,15,16.000,69.981,no,strong,0.208399,18.000,16.000,frst
basler_tstRGB/RGB_white_E100000.bmp,basler_tstRGB,20,1874,1140,9060,1825,1051,95,149,54.535,140.210,yes,strong,0.189217,18.000,28.363,frst
basler_tstRGB/RGB_white_E100000.bmp,basler_tstRGB,21,1890,389,10922,1830,326,90,204,63.710,138.981,yes,strong,0.158915,36.000,27.969,frst
basler_tstRGB/RGB_white_E100000.bmp,basler_tstRGB,22,1665,947,7308,1586,911,153,75,32.394,170.402,no,weak,0.155267,18.000,21.772,frst
basler_tstRGB/RGB_white_E100000.bmp,basler_tstRGB,23,1888,790,9162,1851,674,69,208,54.600,123.001,yes,weak,0.152641,36.000,27.375,frst
basler_tstRGB/RGB_white_E100000.bmp,basler_tstRGB,24,1871,437,18,1854,420,18,18,23.584,183.056,no,weak,0.146763,36.000,23.584,frst
basler_tstRGB/RGB_white_E100000.bmp,basler_tstRGB,25,1745,937,1858,1721,905,51,63,21.591,138.139,no,weak,0.146518,24.000,20.978,frst
basler_tstRGB/RGB_white_E100000.bmp,basler_tstRGB,26,1713,1199,1275,1669,1179,90,21,21.000,156.153,yes,weak,0.025788,18.000,21.000,fallback
basler_tstRGB/RGB_white_E100000.bmp,basler_tstRGB,27,259,91,194,246,85,21,13,5.794,151.155,no,weak,0.019586,18.000,5.794,fallback
basler_tstRGB/upper_white_E12000.bmp,basler_tstRGB,1,1041,738,22290,995,665,223,159,59.529,53.802,no,strong,1.000000,24.000,37.150,frst
basler_tstRGB/upper_white_E12000.bmp,basler_tstRGB,2,951,685,9854,899,615,111,129,51.197,75.633,no,strong,0.912705,36.000,49.363,frst
basler_tstRGB/upper_white_E12000.bmp,basler_tstRGB,3,916,764,10137,843,699,123,119,54.135,80.982,no,strong,0.820828,36.000,46.591,frst
basler_tstRGB/upper_white_E12000.bmp,basler_tstRGB,4,853,663,11387,786,588,125,131,53.741,78.043,no,strong,0.777318,36.000,48.375,frst
basler_tstRGB/upper_white_E12000.bmp,basler_tstRGB,5,1174,717,17,1174,717,17,17,23.197,30.000,no,strong,0.739281,30.000,23.197,frst
basler_tstRGB/upper_white_E12000.bmp,basler_tstRGB,6,1224,495,14,1224,482,14,14,21.775,32.786,no,strong,0.679269,30.000,21.775,frst
basler_tstRGB/upper_white_E12000.bmp,basler_tstRGB,7,1207,407,10,1207,398,10,10,21.772,49.700,no,strong,0.656823,36.000,21.772,frst
basler_tstRGB/upper_white_E12000.bmp,basler_tstRGB,8,1333,129,5932,1279,64,94,113,24.381,43.858,no,strong,0.579882,36.000,19.788,frst
basler_tstRGB/upper_white_E12000.bmp,basler_tstRGB,9,1131,771,20,1131,771,20,20,26.169,40.650,no,strong,0.568821,30.000,26.169,frst
basler_tstRGB/upper_white_E12000.bmp,basler_tstRGB,10,948,82,20957,841,0,260,164,47.984,64.857,yes,strong,0.461927,18.000,27.591,frst
basler_tstRGB/upper_white_E12000.bmp,basler_tstRGB,11,1067,201,13848,974,136,149,193,46.588,64.815,no,strong,0.385415,24.000,28.166,frst
basler_tstRGB/upper_white_E12000.bmp,basler_tstRGB,12,915,252,27,915,226,27,27,40.147,66.889,no,strong,0.339524,24.000,40.147,frst
basler_tstRGB/upper_white_E12000.bmp,basler_tstRGB,13,1083,635,6763,1037,592,139,96,21.194,62.184,no,strong,0.335211,30.000,10.188,frst
basler_tstRGB/upper_white_E12000.bmp,basler_tstRGB,14,1349,533,10490,1287,471,146,123,41.741,64.675,no,strong,0.313701,24.000,26.969,frst
basler_tstRGB/upper_white_E12000.bmp,basler_tstRGB,15,1100,527,16,1100,527,16,16,21.581,65.688,no,strong,0.311000,36.000,21.581,frst
basler_tstRGB/upper_white_E12000.bmp,basler_tstRGB,16,1127,456,36066,989,361,275,258,52.953,63.977,no,strong,0.282908,36.000,42.947,frst
basler_tstRGB/upper_white_E12000.bmp,basler_tstRGB,17,1837,198,21774,1775,89,145,280,53.726,45.142,yes,strong,0.274537,24.000,44.363,frst
basler_tstRGB/upper_white_E12000.bmp,basler_tstRGB,18,834,268,30085,767,150,209,254,59.338,67.940,no,strong,0.269639,18.000,44.772,frst
basler_tstRGB/upper_white_E12000.bmp,basler_tstRGB,19,1780,459,10184,1671,390,152,129,42.194,45.792,no,strong,0.264097,24.000,23.000,frst
basler_tstRGB/upper_white_E12000.bmp,basler_tstRGB,20,1910,1036,12192,1813,959,107,228,65.391,47.600,yes,strong,0.263605,18.000,55.957,frst
basler_tstRGB/upper_white_E12000.bmp,basler_tstRGB,21,1618,460,11517,1550,375,106,190,42.347,62.749,no,strong,0.253963,24.000,24.381,frst
basler_tstRGB/upper_white_E12000.bmp,basler_tstRGB,22,1436,447,13780,1360,327,175,201,35.560,54.106,no,strong,0.235774,18.000,25.372,frst
basler_tstRGB/upper_white_E12000.bmp,basler_tstRGB,23,1537,573,12864,1462,513,180,129,37.772,51.711,no,strong,0.214623,24.000,29.378,frst
basler_tstRGB/upper_white_E12000.bmp,basler_tstRGB,24,1679,1143,10459,1573,1051,190,149,30.563,43.426,yes,strong,0.190865,18.000,23.197,frst
basler_tstRGB/upper_white_E12000.bmp,basler_tstRGB,25,909,346,1,909,346,1,1,8.000,44.000,no,strong,0.187907,18.000,8.000,frst
basler_tstRGB/upper_white_E12000.bmp,basler_tstRGB,26,1861,1078,2,1860,1078,2,2,20.197,26.000,no,strong,0.170906,24.000,20.197,frst
basler_tstRGB/upper_white_E12000.bmp,basler_tstRGB,27,1277,571,5442,1220,492,88,129,23.369,65.670,no,strong,0.163418,18.000,20.784,frst
basler_tstRGB/upper_white_E12000.bmp,basler_tstRGB,28,1160,581,3703,1130,519,69,116,25.788,70.277,no,strong,0.146805,18.000,22.969,frst
basler_tstRGB/upper_white_E12000.bmp,basler_tstRGB,29,1396,362,417,1381,342,29,30,8.400,39.264,no,strong,0.146782,24.000,8.000,frst
basler_tstRGB/upper_white_E12000.bmp,basler_tstRGB,30,1802,978,12041,1723,907,173,113,41.353,39.079,no,weak,0.133735,18.000,36.357,frst
basler_tstRGB/upper_white_E12000.bmp,basler_tstRGB,31,1836,281,2116,1788,250,73,67,13.591,34.293,no,weak,0.131930,18.000,13.591,frst
basler_tstRGB/upper_white_E12000.bmp,basler_tstRGB,32,1045,119,2541,1045,96,96,102,19.191,59.229,no,weak,0.100450,24.000,19.191,frst
basler_tstRGB/upper_white_E12000.bmp,basler_tstRGB,33,1832,487,759,1811,459,33,43,8.788,39.333,no,weak,0.025250,24.000,8.788,fallback
basler_tstRGB/upper_white_E12000.bmp,basler_tstRGB,34,661,647,1855,636,619,48,52,21.772,101.419,no,weak,0.024085,18.000,21.772,fallback
basler_tstRGB/upper_white_E12000.bmp,basler_tstRGB,35,1072,580,283,1058,571,23,21,7.000,93.668,no,weak,0.010332,42.000,7.000,fallback
basler_tstRGB/upper_white_E12000.bmp,basler_tstRGB,36,1919,756,1819,1878,730,42,54,25.969,44.882,yes,weak,0.006758,18.000,25.969,fallback
images/20260116_155330_685.bmp,images,1,1321,1131,37575,1178,1055,361,204,62.913,57.258,no,strong,0.899934,31.000,55.922,frst
images/20260116_155330_685.bmp,images,2,1074,660,40196,988,480,270,295,78.984,64.204,no,strong,0.708813,41.000,73.898,frst
images/20260116_155330_685.bmp,images,3,844,859,48557,711,701,355,300,77.194,63.557,no,strong,0.670842,31.000,62.560,frst
images/20260116_155330_685.bmp,images,4,1317,796,34986,1205,652,207,288,75.707,57.229,no,strong,0.639883,31.000,65.563,frst
images/20260116_155330_685.bmp,images,5,1302,1481,45982,1160,1241,282,406,57.722,63.297,no,strong,0.635932,41.000,46.738,frst
images/20260116_155330_685.bmp,images,6,854,50,27035,701,0,352,138,62.197,61.855,yes,strong,0.627011,31.000,32.757,frst
images/20260116_155330_685.bmp,images,7,1125,839,28951,1039,740,182,248,73.969,62.229,no,strong,0.586523,41.000,63.516,frst
images/20260116_155330_685.bmp,images,8,615,754,42608,463,639,300,304,75.772,73.405,no,strong,0.578049,31.000,59.360,frst
images/20260116_155330_685.bmp,images,9,1131,1336,33499,1045,1184,221,352,58.541,66.378,no,strong,0.547650,31.000,56.732,frst
images/20260116_155330_685.bmp,images,10,453,1373,32302,242,1272,332,242,64.788,65.847,no,strong,0.547041,31.000,44.347,frst
images/20260116_155330_685.bmp,images,11,1298,54,19974,1215,0,164,170,69.969,60.380,yes,strong,0.531687,41.000,60.588,frst
images/20260116_155330_685.bmp,images,12,1218,223,39817,1057,99,299,325,63.969,54.619,no,strong,0.518592,31.000,45.772,frst
images/20260116_155330_685.bmp,images,13,439,890,15,439,876,15,15,18.181,34.133,no,strong,0.514577,61.000,18.181,frst
images/20260116_155330_685.bmp,images,14,694,1066,38935,580,936,270,310,70.104,64.132,no,strong,0.506368,31.000,70.104,frst
images/20260116_155330_685.bmp,images,15,420,816,18407,363,762,158,199,43.141,44.047,no,strong,0.490857,51.000,37.347,frst
images/20260116_155330_685.bmp,images,16,1573,1840,47378,1459,1680,290,368,80.381,47.584,yes,strong,0.466423,41.000,75.901,frst
images/20260116_155330_685.bmp,images,17,1332,872,46,1287,872,46,46,62.719,62.957,no,strong,0.445397,61.000,62.719,frst
images/20260116_155330_685.bmp,images,18,1377,507,45217,1216,355,380,307,70.181,57.880,no,strong,0.435826,31.000,50.744,frst
images/20260116_155330_685.bmp,images,19,536,712,23,536,690,23,23,42.344,62.913,no,strong,0.416705,31.000,42.344,frst
images/20260116_155330_685.bmp,images,20,747,83,4049,685,69,114,75,21.000,61.496,no,strong,0.405969,41.000,13.591,frst
images/20260116_155330_685.bmp,images,21,1725,1752,26761,1612,1696,271,211,63.797,47.052,no,strong,0.374005,31.000,53.726,frst
images/20260116_155330_685.bmp,images,22,1563,613,16426,1481,510,160,177,53.347,58.800,no,strong,0.368216,31.000,43.150,frst
images/20260116_155330_685.bmp,images,23,980,994,25508,826,924,285,201,53.372,55.364,no,strong,0.359294,31.000,36.788,frst
images/20260116_155330_685.bmp,images,24,1579,707,16044,1502,629,176,183,44.153,41.264,no,strong,0.356835,61.000,34.591,frst
images/20260116_155330_685.bmp,images,25,1355,966,11725,1272,932,148,125,38.166,60.451,no,strong,0.312468,31.000,34.763,frst
images/20260116_155330_685.bmp,images,26,1524,384,5550,1477,302,121,111,23.378,46.789,no,weak,0.268880,41.000,22.575,frst
images/20260116_155330_685.bmp,images,27,940,1138,10576,852,1072,164,131,36.163,51.597,no,weak,0.261078,41.000,34.953,frst
images/20260116_155330_685.bmp,images,28,1319,2047,2667,1284,1981,76,67,25.200,53.609,yes,weak,0.241775,41.000,19.575,frst
images/20260116_155330_685.bmp,images,29,1500,0,10282,1444,0,316,60,40.544,31.263,yes,weak,0.221127,31.000,24.984,frst
images/20260116_155330_685.bmp,images,30,743,2047,15039,623,1899,242,149,37.994,88.835,yes,weak,0.211694,51.000,23.772,frst
images/20260116_155330_685.bmp,images,31,1073,53,1846,1033,25,61,62,17.788,59.218,no,weak,0.019575,31.000,17.788,fallback
images/20260116_155331_134.bmp,images,1,989,1530,136928,566,1270,571,486,74.788,73.711,no,strong,1.000000,41.000,65.181,frst
images/20260116_155331_134.bmp,images,2,472,1078,35425,369,932,193,381,63.529,62.916,no,strong,0.995413,31.000,53.588,frst
images/20260116_155331_134.bmp,images,3,1263,1418,28,1263,1391,28,28,39.588,51.964,no,strong,0.966110,41.000,39.588,frst
images/20260116_155331_134.bmp,images,4,1438,860,38604,1276,795,355,201,79.153,58.040,no,strong,0.960030,31.000,59.166,frst
images/20260116_155331_134.bmp,images,5,1403,108,25192,1278,0,279,193,62.000,69.936,yes,strong,0.910933,51.000,37.369,frst
images/20260116_155331_134.bmp,images,6,998,1086,38245,836,1031,351,174,68.591,65.392,no,strong,0.890162,31.000,53.394,frst
images/20260116_155331_134.bmp,images,7,976,432,39304,801,302,361,268,71.119,70.341,no,strong,0.874660,41.000,59.122,frst
images/20260116_155331_134.bmp,images,8,1277,320,31938,1127,230,266,211,73.104,63.901,no,strong,0.853365,41.000,71.960,frst
images/20260116_155331_134.bmp,images,9,1436,533,37378,1313,353,219,340,71.313,47.182,no,strong,0.806443,41.000,62.181,frst
images/20260116_155331_134.bmp,images,10,1178,1627,83866,1066,1328,366,489,82.901,63.583,no,strong,0.766402,31.000,48.375,frst
images/20260116_155331_134.bmp,images,11,1225,1013,41051,1127,809,168,367,57.981,77.484,no,strong,0.755230,31.000,39.544,frst
images/20260116_155331_134.bmp,images,12,700,1423,21,700,1421,6,6,36.000,90.524,no,strong,0.744193,31.000,36.000,frst
images/20260116_155331_134.bmp,images,13,531,1718,36555,429,1549,200,385,72.788,68.322,no,strong,0.701773,31.000,59.000,frst
images/20260116_155331_134.bmp,images,14,725,1618,4,722,1618,4,4,37.394,124.250,no,strong,0.684375,31.000,37.394,frst
images/20260116_155331_134.bmp,images,15,1336,2011,27772,1182,1840,242,208,95.000,54.824,yes,strong,0.577366,31.000,72.175,frst
images/20260116_155331_134.bmp,images,16,1239,652,37514,1150,478,217,368,77.695,61.164,no,strong,0.568459,51.000,62.166,frst
images/20260116_155331_134.bmp,images,17,919,1425,29,919,1397,29,29,39.178,91.448,no,strong,0.559346,51.000,39.178,frst
images/20260116_155331_134.bmp,images,18,1205,488,3424,1147,445,115,59,23.369,54.367,no,strong,0.554931,41.000,22.788,frst
images/20260116_155331_134.bmp,images,19,1205,1934,24470,1123,1799,160,242,62.591,70.892,no,strong,0.491318,31.000,55.332,frst
images/20260116_155331_134.bmp,images,20,1485,1845,36744,1418,1627,164,366,72.110,53.174,no,strong,0.468820,31.000,60.394,frst
images/20260116_155331_134.bmp,images,21,863,412,3598,807,361,57,121,32.757,65.896,no,strong,0.457610,51.000,32.757,frst
images/20260116_155331_134.bmp,images,22,1498,1948,19,1498,1930,19,19,26.191,49.000,no,strong,0.452073,41.000,26.191,frst
images/20260116_155331_134.bmp,images,23,1677,1993,15474,1545,1915,209,133,70.301,45.496,yes,strong,0.361692,41.000,35.366,frst
images/20260116_155331_134.bmp,images,24,1464,202,16,1464,187,16,16,30.560,41.562,no,strong,0.355767,31.000,30.560,frst
images/20260116_155331_134.bmp,images,25,783,49,14900,689,0,204,107,50.984,66.669,yes,strong,0.329793,41.000,36.953,frst
images/20260116_155331_134.bmp,images,26,854,132,5974,791,70,129,109,24.769,52.017,no,weak,0.326528,51.000,17.591,frst
images/20260116_155331_134.bmp,images,27,1384,1663,8079,1311,1624,137,129,38.553,43.363,no,weak,0.312681,41.000,32.178,frst
images/20260116_155331_134.bmp,images,28,1393,224,12801,1339,160,177,119,41.160,45.097,no,weak,0.312129,41.000,35.753,frst
images/20260116_155331_134.bmp,images,29,1605,859,8266,1570,803,118,117,29.960,44.183,no,weak,0.309973,31.000,25.781,frst
images/20260116_155331_134.bmp,images,30,1350,1901,21,1330,1881,21,21,41.544,52.619,no,weak,0.306576,31.000,41.544,frst
images/20260116_155331_134.bmp,images,31,760,309,705,748,291,25,45,9.800,64.658,no,weak,0.021508,51.000,9.800,fallback
images/20260116_155331_134.bmp,images,32,1673,0,1762,1610,0,101,37,23.197,30.328,yes,weak,0.009057,31.000,23.197,fallback
images/20260116_155331_585.bmp,images,1,1237,844,30410,1129,670,254,369,59.938,74.751,no,strong,1.000000,61.000,44.563,frst
images/20260116_155331_585.bmp,images,2,1251,273,43358,1065,60,302,336,73.101,65.054,no,strong,0.777827,31.000,52.188,frst
images/20260116_155331_585.bmp,images,3,1004,740,36778,902,534,213,353,66.188,70.327,no,strong,0.764746,72.000,51.929,frst
images/20260116_155331_585.bmp,images,4,562,1927,50439,367,1833,408,215,84.388,76.698,yes,strong,0.589060,31.000,74.301,frst
images/20260116_155331_585.bmp,images,5,881,441,39026,691,287,315,277,76.938,74.701,no,strong,0.511248,31.000,62.116,frst
images/20260116_155331_585.bmp,images,6,725,1740,1064,666,1731,60,20,57.575,77.052,no,strong,0.435885,31.000,57.575,frst
images/20260116_155331_585.bmp,images,7,1124,1757,47762,891,1639,383,262,70.332,61.782,no,strong,0.433443,31.000,52.144,frst
images/20260116_155331_585.bmp,images,8,1466,486,10319,1395,406,143,133,42.181,53.480,no,strong,0.419941,51.000,36.772,frst
images/20260116_155331_585.bmp,images,9,1005,275,28592,922,99,176,241,72.000,69.296,no,strong,0.415422,61.000,50.572,frst
images/20260116_155331_585.bmp,images,10,881,1661,26,881,1636,26,26,35.797,150.308,no,strong,0.404293,41.000,35.797,frst
images/20260116_155331_585.bmp,images,11,924,1201,40834,732,1061,360,224,73.510,67.309,no,strong,0.403382,41.000,48.181,frst
images/20260116_155331_585.bmp,images,12,1148,166,15,1134,166,15,15,36.560,62.333,no,strong,0.385603,31.000,36.560,frst
images/20260116_155331_585.bmp,images,13,969,886,3123,920,855,74,75,25.781,61.785,no,strong,0.361648,31.000,24.000,frst
images/20260116_155331_585.bmp,images,14,858,78,21496,775,7,231,151,62.000,63.090,no,strong,0.354432,72.000,54.000,frst
images/20260116_155331_585.bmp,images,15,1540,598,36499,1450,463,302,260,69.397,47.871,no,strong,0.337606,41.000,42.150,frst
images/20260116_155331_585.bmp,images,16,1101,1965,30256,928,1893,383,155,65.710,62.119,yes,strong,0.334783,41.000,63.000,frst
images/20260116_155331_585.bmp,images,17,1648,1104,55843,1481,938,391,353,83.504,49.908,no,strong,0.332337,61.000,74.307,frst
images/20260116_155331_585.bmp,images,18,1599,39,24349,1493,0,234,191,80.963,51.033,yes,strong,0.319804,31.000,58.544,frst
images/20260116_155331_585.bmp,images,19,1033,1697,25,1033,1673,25,25,39.372,31.440,no,strong,0.286576,41.000,39.372,frst
images/20260116_155331_585.bmp,images,20,435,1907,1,435,1907,1,1,37.000,48.000,no,strong,0.272270,51.000,37.000,frst
images/20260116_155331_585.bmp,images,21,890,2024,17867,746,1954,262,94,82.685,87.339,yes,strong,0.269927,31.000,61.126,frst
images/20260116_155331_585.bmp,images,22,1758,1032,38,1758,1032,38,38,46.741,25.658,no,strong,0.256510,31.000,46.741,frst
images/20260116_155331_585.bmp,images,23,683,1972,30,683,1972,30,30,46.566,36.367,no,strong,0.237329,31.000,46.566,frst
images/20260116_155331_585.bmp,images,24,1041,556,7914,1015,506,124,117,37.369,58.551,no,strong,0.223909,31.000,28.363,frst
images/20260116_155331_585.bmp,images,25,998,385,12358,927,329,171,110,45.197,62.600,no,strong,0.223818,31.000,36.766,frst
images/20260116_155331_585.bmp,images,26,735,1620,70184,664,1491,322,426,99.529,73.795,no,weak,0.220183,61.000,58.363,frst
images/20260116_155331_585.bmp,images,27,986,95,3107,945,52,100,65,32.975,42.425,no,weak,0.206691,41.000,32.372,frst
images/20260116_155331_585.bmp,images,28,1336,14,21678,1162,0,260,179,77.301,47.985,yes,weak,0.200508,41.000,65.519,frst
images/20260116_155331_585.bmp,images,29,1257,1903,4013,1194,1872,130,93,16.378,45.331,no,weak,0.180448,41.000,9.591,frst
images/20260116_155331_585.bmp,images,30,1393,129,6781,1341,76,101,105,35.150,56.314,no,weak,0.175428,31.000,24.597,frst
images/20260116_155331_585.bmp,images,31,1555,2047,2669,1496,2016,135,32,27.575,64.644,yes,weak,0.002310,31.000,27.575,fallback
images/20260116_155332_035.bmp,images,1,1137,1772,30710,1104,1469,234,348,48.000,70.371,no,strong,0.840127,41.000,29.960,frst
images/20260116_155332_035.bmp,images,2,1325,1783,31738,1139,1657,338,299,60.200,70.734,no,strong,0.462544,72.000,48.332,frst
images/20260116_155332_035.bmp,images,3,671,527,28267,587,396,202,254,69.181,68.061,no,strong,0.376563,31.000,63.969,frst
images/20260116_155332_035.bmp,images,4,1100,340,161451,867,161,579,491,92.073,66.569,no,strong,0.291109,31.000,81.350,frst
images/20260116_155332_035.bmp,images,5,1278,143,33448,1176,35,256,252,71.741,62.867,no,strong,0.275911,41.000,50.594,frst
images/20260116_155332_035.bmp,images,6,1406,1689,5130,1299,1616,146,74,28.775,61.483,no,strong,0.256175,31.000,28.775,frst
images/20260116_155332_035.bmp,images,7,480,1760,35322,377,1526,183,373,75.298,70.771,no,strong,0.239551,41.000,51.929,frst
images/20260116_155332_035.bmp,images,8,1353,400,43,1311,358,43,43,55.763,113.488,no,strong,0.225805,31.000,55.763,frst
images/20260116_155332_035.bmp,images,9,922,1543,28165,816,1375,227,248,74.969,75.145,no,strong,0.219554,31.000,38.166,frst
images/20260116_155332_035.bmp,images,10,970,364,1,970,364,1,1,52.000,37.000,no,strong,0.208406,31.000,52.000,frst
images/20260116_155332_035.bmp,images,11,1239,391,44,1239,348,44,44,52.529,73.273,no,strong,0.193066,31.000,52.529,frst
images/20260116_155332_035.bmp,images,12,1047,859,1431,1039,807,72,53,23.369,53.122,no,strong,0.185393,31.000,23.369,frst
images/20260116_155332_035.bmp,images,13,1071,1020,36986,957,818,205,350,68.150,58.806,no,strong,0.184095,31.000,56.581,frst
images/20260116_155332_035.bmp,images,14,994,78,22095,779,0,301,146,85.347,61.320,yes,strong,0.171732,41.000,35.788,frst
images/20260116_155332_035.bmp,images,15,815,956,38494,621,846,344,215,69.000,65.785,no,strong,0.167397,41.000,40.000,frst
images/20260116_155332_035.bmp,images,16,1103,663,27,1103,663,27,27,36.788,28.185,no,strong,0.152990,41.000,36.788,frst
images/20260116_155332_035.bmp,images,17,1087,554,39358,1018,504,269,299,71.150,52.093,no,strong,0.146589,31.000,48.772,frst
images/20260116_155332_035.bmp,images,18,1486,39,25803,1382,0,307,175,69.363,41.567,yes,strong,0.135356,31.000,36.757,frst
images/20260116_155332_035.bmp,images,19,520,1859,4133,498,1813,90,92,17.788,53.287,no,strong,0.130136,41.000,15.394,frst
images/20260116_155332_035.bmp,images,20,975,1674,8754,908,1606,160,123,27.378,59.754,no,strong,0.127947,41.000,27.375,frst
images/20260116_155332_035.bmp,images,21,1226,26,8091,1166,0,147,95,51.929,46.385,yes,weak,0.107836,41.000,37.150,frst
images/20260116_155332_035.bmp,images,22,511,584,32696,441,512,272,232,75.695,59.870,no,weak,0.107268,31.000,59.922,frst
images/20260116_155332_035.bmp,images,23,1682,54,6255,1618,9,123,92,34.394,37.963,no,weak,0.100700,31.000,22.772,frst
images/20260116_155332_035.bmp,images,24,1076,755,8,1076,748,8,8,24.197,35.875,no,weak,0.095384,41.000,24.197,frst
images/20260116_155332_035.bmp,images,25,1146,0,673,1125,0,47,19,16.778,64.001,yes,weak,0.001933,51.000,16.778,fallback
images/20260116_155332_917.bmp,images,1,902,265,50689,693,64,334,385,76.397,64.136,no,strong,1.000000,31.000,57.529,frst
images/20260116_155332_917.bmp,images,2,1280,813,37165,1147,661,342,273,58.741,66.808,no,strong,0.992721,41.000,42.575,frst
images/20260116_155332_917.bmp,images,3,792,536,44589,617,424,342,224,83.160,69.396,no,strong,0.895879,31.000,70.581,frst
images/20260116_155332_917.bmp,images,4,1492,141,21745,1364,25,185,180,62.332,50.255,no,strong,0.779174,31.000,45.575,frst
images/20260116_155332_917.bmp,images,5,894,591,15,894,577,15,15,36.757,47.800,no,strong,0.727883,41.000,36.757,frst
images/20260116_155332_917.bmp,images,6,1138,2021,16194,1065,1907,162,141,74.788,81.486,yes,strong,0.710090,31.000,56.538,frst
images/20260116_155332_917.bmp,images,7,994,895,29856,887,823,238,222,73.498,78.757,no,strong,0.678813,51.000,35.775,frst
images/20260116_155332_917.bmp,images,8,680,494,31,650,464,31,31,44.972,68.000,no,strong,0.563790,31.000,44.972,frst
images/20260116_155332_917.bmp,images,9,932,811,9258,879,725,114,153,35.757,75.931,no,strong,0.560396,31.000,31.984,frst
images/20260116_155332_917.bmp,images,10,980,398,20,961,398,20,20,33.169,33.700,no,weak,0.512035,31.000,33.169,frst
images/20260116_155332_917.bmp,images,11,771,155,36,736,155,36,36,49.753,61.667,no,weak,0.426261,31.000,49.753,frst
images/20260116_155332_917.bmp,images,12,903,0,17883,824,0,198,158,66.984,56.390,yes,weak,0.229683,31.000,66.984,fallback
images/20260116_155333_375.bmp,images,1,1278,623,22161,1199,508,180,199,63.926,42.554,no,strong,0.963998,51.000,58.929,frst
images/20260116_155333_375.bmp,images,2,1533,1200,38407,1436,1076,328,221,63.516,45.669,no,strong,0.814513,51.000,60.000,frst
images/20260116_155333_375.bmp,images,3,1242,1995,12789,1143,1932,191,116,67.760,85.371,yes,strong,0.738731,31.000,36.788,frst
images/20260116_155333_375.bmp,images,4,1120,1983,14111,1072,1876,132,166,56.194,63.231,no,strong,0.661952,31.000,36.984,frst
images/20260116_155333_375.bmp,images,5,947,1652,61139,838,1526,406,217,83.978,66.681,no,strong,0.642302,72.000,65.153,frst
images/20260116_155333_375.bmp,images,6,1153,1635,46,1153,1590,46,46,61.944,53.457,no,strong,0.598193,61.000,61.944,frst
images/20260116_155333_375.bmp,images,7,1161,160,28419,1072,0,172,228,76.000,67.855,yes,strong,0.571038,31.000,46.588,frst
images/20260116_155333_375.bmp,images,8,1174,78,8,1174,78,8,8,24.181,35.750,no,weak,0.543466,31.000,24.181,frst
images/20260116_155333_375.bmp,images,9,1394,1202,9390,1344,1160,109,125,41.181,52.102,no,weak,0.501547,31.000,37.584,frst
