relative_path,group,filename,extension,size_bytes,size_mb,sha256,width,height,megapixels,mode,channels,mean_gray,std_gray,dynamic_range_p01_p99,sharpness_laplacian,dhash,status,error,duplicate_group
basler_120126/Image__2026-01-12__16-31-10.bmp,basler_120126,Image__2026-01-12__16-31-10.bmp,.bmp,2305078,2.1983,fa64b90523935b72d8684b19e63f539f573eb946c1b587a41ddef7c54ff82d82,1920,1200,2.304,L,1,106.4025,86.4245,243.0,893.8564,fffffefefefefefe,ok,,
basler_120126/Image__2026-01-12__16-32-11.bmp,basler_120126,Image__2026-01-12__16-32-11.bmp,.bmp,2305078,2.1983,75ef8597599a3fe63c3bcfe6805f499bc1c0c4d2ef8ac314d00efc87ad84d4b9,1920,1200,2.304,L,1,91.4922,79.5498,246.0,776.0913,fffefefefbfefefe,ok,,
basler_120126/Image__2026-01-12__16-32-40.bmp,basler_120126,Image__2026-01-12__16-32-40.bmp,.bmp,2305078,2.1983,254a39021b8ddefa96e30b4d5a7ceb01d151e391be5f8f0828be5789549074aa,1920,1200,2.304,L,1,91.7694,78.018,245.0,736.965,fffffefefbfefefe,ok,,
basler_120126/Image__2026-01-12__16-32-51.bmp,basler_120126,Image__2026-01-12__16-32-51.bmp,.bmp,2305078,2.1983,ce32c4cba6b5223bfedfab5235bf4bec961bcad05056eb7eba412b103de5874c,1920,1200,2.304,L,1,91.531,77.2961,245.0,762.0013,fffffefefbfefefe,ok,,
basler_120126/Image__2026-01-12__16-33-42.bmp,basler_120126,Image__2026-01-12__16-33-42.bmp,.bmp,2305078,2.1983,6ff4a4951eb2d5196d7b2098f524073e3ab78c3f385eff925f652f646e3c232f,1920,1200,2.304,L,1,97.7076,84.0542,246.0,373.2679,fffefefefefefefe,ok,,
basler_120126/Image__2026-01-12__16-33-50.bmp,basler_120126,Image__2026-01-12__16-33-50.bmp,.bmp,2305078,2.1983,8f0806ee7459f37ef0c5c8791e6ab36357770ce6408a8c5587eb889e22a8f222,1920,1200,2.304,L,1,98.1875,83.4944,245.0,304.7714,fffefefefefefefe,ok,,
basler_120126/Image__2026-01-12__16-33-57.bmp,basler_120126,Image__2026-01-12__16-33-57.bmp,.bmp,2305078,2.1983,3d1438e143ce306cede75f1c0699679b4f5c5c695cd94572132b2e02714a2bf5,1920,1200,2.304,L,1,92.8875,80.8735,245.0,765.5026,fffffff7fefefefe,ok,,
basler_120126/Image__2026-01-12__16-34-15.bmp,basler_120126,Image__2026-01-12__16-34-15.bmp,.bmp,2305078,2.1983,0fbce3350efeffab298e3b1e9676ec761186d14a2baf14b0524b169f2747c4fd,1920,1200,2.304,L,1,90.2018,80.8896,247.0,885.2163,fffffff7fefefefe,ok,,
basler_120126/Image__2026-01-12__16-34-27.bmp,basler_120126,Image__2026-01-12__16-34-27.bmp,.bmp,2305078,2.1983,c480cf408ffba245148e75d09384c5ff42a438985112c0d5568e04621c9f55ef,1920,1200,2.304,L,1,91.2479,80.7447,246.0,875.354,fffffff7fefefefe,ok,,
basler_120126/Image__2026-01-12__16-34-45.bmp,basler_120126,Image__2026-01-12__16-34-45.bmp,.bmp,2305078,2.1983,2e4f9c9fd744d7f0110d652575f26ca4dc383d8a193f2ba595c6ff3a38eccd87,1920,1200,2.304,L,1,92.9005,79.8751,245.0,775.3322,fffefefefefbfafe,ok,,
basler_120126/Image__2026-01-12__16-34-57.bmp,basler_120126,Image__2026-01-12__16-34-57.bmp,.bmp,2305078,2.1983,cbb5488cb1f561f5b82980d35ba81e0c9556be33f8fb6dfab2e8e3d1093ea939,1920,1200,2.304,L,1,89.4769,78.9351,247.0,902.1994,fffefefefefbfafe,ok,,
basler_120126/Image__2026-01-12__16-36-17.bmp,basler_120126,Image__2026-01-12__16-36-17.bmp,.bmp,2305078,2.1983,26cf1fe71ac0be28c7621c1d4e96b5ebc06ba3ba41707df8b00aa1155b06ae28,1920,1200,2.304,L,1,94.7436,83.515,245.0,857.4028,fffefefefefefefe,ok,,
basler_120126/Image__2026-01-12__16-36-30.bmp,basler_120126,Image__2026-01-12__16-36-30.bmp,.bmp,2305078,2.1983,6c6c363ea162b14da2eda9dadcbb148573af6eb644d0ffc11e8115f2077a52be,1920,1200,2.304,L,1,93.7885,83.7858,246.0,941.8965,fffefefefefefefe,ok,,
basler_120126/Image__2026-01-12__16-36-44.bmp,basler_120126,Image__2026-01-12__16-36-44.bmp,.bmp,2305078,2.1983,784c553c5fb69b3ef65b25a98019cdcbe8e5109cbb0d1db1005b64cb08f7fe15,1920,1200,2.304,L,1,92.269,83.4117,246.0,1104.2698,fffffefefefefefe,ok,,
basler_120126/Image__2026-01-12__16-36-56.bmp,basler_120126,Image__2026-01-12__16-36-56.bmp,.bmp,2305078,2.1983,01ac1bbb714faa8f498426284f3265d3911d173f9ff659f3f9ec67d70498fcdd,1920,1200,2.304,L,1,90.525,83.7147,247.0,1132.5621,fff7fefefefefefe,ok,,
basler_120126/Image__2026-01-12__16-37-46.bmp,basler_120126,Image__2026-01-12__16-37-46.bmp,.bmp,2305078,2.1983,4b2f42448ae2a865fe8ffbc67abc9f207a537dae8764630477fa4bb8471ae362,1920,1200,2.304,L,1,94.145,81.4033,246.0,512.9086,fffefefffefefefe,ok,,
basler_120126/Image__2026-01-12__16-38-59.bmp,basler_120126,Image__2026-01-12__16-38-59.bmp,.bmp,2305078,2.1983,141d17e150ac9785773deb60a6ea63ccd3a7a1d191919d02db9ec1965ac8f054,1920,1200,2.304,L,1,91.4238,80.9455,247.0,599.894,fffefefffefefefe,ok,,
basler_120126/Image__2026-01-12__16-45-29.bmp,basler_120126,Image__2026-01-12__16-45-29.bmp,.bmp,2305078,2.1983,1aad6675c7febebaac7c63227c91fde402ca954c5b6b5beb15ef4dd46059bd89,1920,1200,2.304,L,1,90.1602,79.2342,246.0,812.8513,fffffffffffefefe,ok,,
basler_120126/Image__2026-01-12__16-46-32.bmp,basler_120126,Image__2026-01-12__16-46-32.bmp,.bmp,2305078,2.1983,3b07d9170428571918932ae73c22db6a41e9e362974a158f87ccca32b613ec94,1920,1200,2.304,L,1,90.7449,78.4104,246.0,887.5659,fffefffffffefefe,ok,,
basler_120126/Image__2026-01-12__16-46-40.bmp,basler_120126,Image__2026-01-12__16-46-40.bmp,.bmp,2305078,2.1983,4c8efd3a58465f29829d2d43b8a3e7c3b8843babb4ebbe4558cad19e223a4e1d,1920,1200,2.304,L,1,54.1619,49.4354,161.0,552.7263,fffefffffffefefe,ok,,
basler_120126/Image__2026-01-12__16-46-52.bmp,basler_120126,Image__2026-01-12__16-46-52.bmp,.bmp,2305078,2.1983,f59cb361a253c64720eb598a9395459e95d8b86be96cf9774c3ead2d3728185e,1920,1200,2.304,L,1,74.0729,64.5471,214.0,763.3178,fffefffffffefefe,ok,,
basler_120126/Image__2026-01-12__16-47-08.bmp,basler_120126,Image__2026-01-12__16-47-08.bmp,.bmp,2305078,2.1983,3f8ef100e1e5ed378e76c202bd26748fa5366cfc8da712e6e1f91bad94bb78d9,1920,1200,2.304,L,1,63.8531,57.7285,224.0,2445.1154,fffffefffffefefe,ok,,
basler_120126/Image__2026-01-12__16-47-16.bmp,basler_120126,Image__2026-01-12__16-47-16.bmp,.bmp,2305078,2.1983,6e529f261ec12177051ce0b9d30108d8d23eb5bbb3240a8e7295e17c1a410cf7,1920,1200,2.304,L,1,32.6358,31.7969,130.0,1101.6332,fffffefffffefefe,ok,,
basler_120126/Image__2026-01-12__16-47-38.bmp,basler_120126,Image__2026-01-12__16-47-38.bmp,.bmp,2305078,2.1983,4de85c15bc4b9cfc57fe2c7ac1e8d8fb7ecddfca31e416f2a9e8ad4723b3d64d,1920,1200,2.304,L,1,32.1045,32.5751,134.0,1021.9948,fffefefffefefefe,ok,,
basler_120126/Image__2026-01-12__16-47-46.bmp,basler_120126,Image__2026-01-12__16-47-46.bmp,.bmp,2305078,2.1983,bb8047e24da102ef25a367e71f83c9730af5309c527826cab88415d2e77c739d,1920,1200,2.304,L,1,79.2468,69.474,246.0,2545.5991,fffefefffefefefe,ok,,
basler_120126/Image__2026-01-12__16-48-35.bmp,basler_120126,Image__2026-01-12__16-48-35.bmp,.bmp,2305078,2.1983,f30be9d4cfc950f2fbc3059ebdabcde2a74b05d70cbe51e3d24dd8854a117a8e,1920,1200,2.304,L,1,78.6252,71.5051,247.0,2399.5609,fffefdfffefefefe,ok,,
basler_120126/Image__2026-01-12__16-48-48.bmp,basler_120126,Image__2026-01-12__16-48-48.bmp,.bmp,2305078,2.1983,f6190aa4e7796bbc78547e53d2f09614e0f2c378f9c045fc9dffab793844f64f,1920,1200,2.304,L,1,77.725,71.2163,247.0,2766.0351,fffffffffefefefe,ok,,
basler_120126/Image__2026-01-12__16-48-58.bmp,basler_120126,Image__2026-01-12__16-48-58.bmp,.bmp,2305078,2.1983,7d51c34d85f4920cd6e32701727b7d3de777d3135b939dd01ec07cc4238e19ea,1920,1200,2.304,L,1,32.1349,33.4005,136.0,1111.2905,fffffffffffefefe,ok,,
basler_120126/Image__2026-01-12__16-50-09.bmp,basler_120126,Image__2026-01-12__16-50-09.bmp,.bmp,2305078,2.1983,fee4002bf19d8cbb56c142a88761c664d8cf89fbab7ff1fdbaca6b948e2bab3a,1920,1200,2.304,L,1,33.777,32.769,113.0,870.8582,fefefffffffafefe,ok,,
basler_120126/Image__2026-01-12__16-50-23.bmp,basler_120126,Image__2026-01-12__16-50-23.bmp,.bmp,2305078,2.1983,14eba85de37f14f61067a22100832c7d8feb088de23a89ac0094d2a7155842b6,1920,1200,2.304,L,1,80.6785,75.0072,249.0,2394.681,fefefffffffafefe,ok,,
basler_120126/Image__2026-01-12__16-50-37.bmp,basler_120126,Image__2026-01-12__16-50-37.bmp,.bmp,2305078,2.1983,b095545c5018f334558ee3c56f116f2aa835ff4d4cf2ab3a3699b9ded7dba691,1920,1200,2.304,L,1,128.2468,90.4788,240.0,2608.2933,fefefefffefafafc,ok,,
basler_120126/Image__2026-01-12__16-51-20.bmp,basler_120126,Image__2026-01-12__16-51-20.bmp,.bmp,2305078,2.1983,9b0ce8bce08db4ee8d2d41e0937180a9404eace9277864f30ac1b21c54673fdb,1920,1200,2.304,L,1,79.7418,73.6128,249.0,2464.045,fefefffffffafefe,ok,,
basler_120126/Image__2026-01-12__16-51-30.bmp,basler_120126,Image__2026-01-12__16-51-30.bmp,.bmp,2305078,2.1983,2502a2b9f6bb6c7b97ea472da5da7ffa7c5b21d6f4bd6a7409870511028e3f20,1920,1200,2.304,L,1,33.0942,32.145,112.0,860.7994,fe7efffffffafefe,ok,,
basler_120126/Image__2026-01-12__16-51-38.bmp,basler_120126,Image__2026-01-12__16-51-38.bmp,.bmp,2305078,2.1983,d957c3888718d5d88322bf2d9448c749a08ad08f79cb4e119ee125251b65b9ba,1920,1200,2.304,L,1,128.1211,89.6007,239.0,2651.8609,fefefffbfefafafc,ok,,
basler_120126/Image__2026-01-12__16-58-18.bmp,basler_120126,Image__2026-01-12__16-58-18.bmp,.bmp,2305078,2.1983,f575c3f762ea52b3ded63b09407fa57987ca71174c673f36e7b2620b0f45ec45,1920,1200,2.304,L,1,124.876,81.5149,237.0,2752.1553,fffdfafafefafafa,ok,,
basler_120126/Image__2026-01-12__16-58-30.bmp,basler_120126,Image__2026-01-12__16-58-30.bmp,.bmp,2305078,2.1983,5131c16eef5f41427b2a9d2191951e717b1306e4dd12288154724a991a6c9168,1920,1200,2.304,L,1,73.1166,60.1791,245.0,3331.557,fffdfefefefefafe,ok,,
basler_120126/Image__2026-01-12__16-58-42.bmp,basler_120126,Image__2026-01-12__16-58-42.bmp,.bmp,2305078,2.1983,bedddddb4ec7a6090d68e00458d00f886028246f2af060e17409276630cdaf86,1920,1200,2.304,L,1,29.0615,29.9917,145.0,1440.4056,fffefefefefefefe,ok,,
basler_120126/Image__2026-01-12__17-00-05.bmp,basler_120126,Image__2026-01-12__17-00-05.bmp,.bmp,2305078,2.1983,ac62b7a0a56daa2d2d2ff0ba560750c84925f89b0dc38e5cef31e770315011ab,1920,1200,2.304,L,1,32.8093,34.3307,131.0,1268.7746,ffffeffffefefefe,ok,,
basler_120126/Image__2026-01-12__17-00-15.bmp,basler_120126,Image__2026-01-12__17-00-15.bmp,.bmp,2305078,2.1983,1a551bc23a81074c5fbfa92675f5c18c9da209c008d84c0051b936372876db4e,1920,1200,2.304,L,1,76.9289,74.5639,247.0,3462.9803,fffffffffffefefe,ok,,
basler_120126/Image__2026-01-12__17-00-32.bmp,basler_120126,Image__2026-01-12__17-00-32.bmp,.bmp,2305078,2.1983,12762acdb1acb919dc6fd6e3a72fe1740db8b6aadc3620ff7e6d79c4d55ec99f,1920,1200,2.304,L,1,120.3184,86.655,239.0,3662.1869,fefefefefefefefe,ok,,
basler_120126/Image__2026-01-12__17-01-07.bmp,basler_120126,Image__2026-01-12__17-01-07.bmp,.bmp,2305078,2.1983,521029d73851ca5d5b32d38de29b90b806b7b4f87daec80f979ed52f162b4206,1920,1200,2.304,L,1,145.307,92.9682,236.0,88.3718,fefcfefefcfcfcfc,ok,,
basler_120126/Image__2026-01-12__17-01-23.bmp,basler_120126,Image__2026-01-12__17-01-23.bmp,.bmp,2305078,2.1983,0a345206bfbcb279654185e770ee281c81a00745b01cce30a172b0c8c70325e3,1920,1200,2.304,L,1,95.8769,82.4044,247.0,127.0687,fffefefefefefefe,ok,,
basler_120126/Image__2026-01-12__17-01-40.bmp,basler_120126,Image__2026-01-12__17-01-40.bmp,.bmp,2305078,2.1983,8c5f3735178e94ecf0910c060660d77be8444cc3945abf484640b92c7ac47370,1920,1200,2.304,L,1,38.517,34.1389,108.0,40.8186,fffffefefefefefe,ok,,
basler_120126/Image__2026-01-12__17-01-59.bmp,basler_120126,Image__2026-01-12__17-01-59.bmp,.bmp,2305078,2.1983,ef9c494c456f08c119b5d712110055c970896ba0e989f6e6c06f3936b9d1b4a4,1920,1200,2.304,L,1,143.9438,92.3562,236.0,142.0424,fefdfefefafafcfe,ok,,
basler_120126/Image__2026-01-12__17-02-16.bmp,basler_120126,Image__2026-01-12__17-02-16.bmp,.bmp,2305078,2.1983,378795d2388c4c8930ce8949fbb866bb499a0d5699f6cedc045a65e93f91ee48,1920,1200,2.304,L,1,95.926,80.8949,246.0,222.9823,fffffefefafefefe,ok,,
basler_120126/Image__2026-01-12__17-02-44.bmp,basler_120126,Image__2026-01-12__17-02-44.bmp,.bmp,2305078,2.1983,d9fd447c82dec43bdb68ab9364b500ffee129f86b8f352e05a820d0e9f84994c,1920,1200,2.304,L,1,37.6323,33.95,108.0,93.8094,fffffefefefefefe,ok,,
basler_120126/Image__2026-01-12__17-04-34.bmp,basler_120126,Image__2026-01-12__17-04-34.bmp,.bmp,2305078,2.1983,ceb09a309add26535125534df91efbeb6d5f714b368c0e720c25dfd6786ef04a,1920,1200,2.304,L,1,141.2052,91.8571,236.0,329.8621,fefdfefefefefcfe,ok,,
basler_120126/Image__2026-01-12__17-04-57.bmp,basler_120126,Image__2026-01-12__17-04-57.bmp,.bmp,2305078,2.1983,ad13b5aff9c8388eb4685049fd2a71fcd4dfe3d352234622890b186cd5fdcce2,1920,1200,2.304,L,1,91.8629,81.031,247.0,505.701,fffffefefefefefe,ok,,
basler_120126/Image__2026-01-12__17-05-33.bmp,basler_120126,Image__2026-01-12__17-05-33.bmp,.bmp,2305078,2.1983,5885bebcfcd1a8bfc091fd17bb27234847813e6da1a61d62e15f0a76ba48a78d,1920,1200,2.304,L,1,36.9654,33.3696,109.0,247.6341,fffffefffefefefe,ok,,
basler_120126/Image__2026-01-12__17-06-02.bmp,basler_120126,Image__2026-01-12__17-06-02.bmp,.bmp,2305078,2.1983,75baedb58be5b0c820b227312716ea091dc1e96d35a4adf82aaa36363a4bf05c,1920,1200,2.304,L,1,138.6419,90.0356,236.0,619.5316,fdfdfefcf6fefcfe,ok,,
basler_OldObj/Image__2025-12-29__16-02-21.bmp,basler_OldObj,Image__2025-12-29__16-02-21.bmp,.bmp,2305078,2.1983,3b957e1a93b4742046732c261eab9b2f08bcbba1dad72aaab2991f4f20ba6313,1920,1200,2.304,L,1,90.6434,43.9369,218.0,5629.097,f2e5ebd4dce9f3fa,ok,,
basler_OldObj/Image__2025-12-29__16-02-54.bmp,basler_OldObj,Image__2025-12-29__16-02-54.bmp,.bmp,2305078,2.1983,deb0014b4267ef35684c75522d275e613fd09dcbb2f45886c4dcbbd211da9525,1920,1200,2.304,L,1,97.0124,58.6654,217.0,6308.9395,b76f7777b3bf8fdf,ok,,
basler_OldObj/Image__2025-12-29__16-03-48.bmp,basler_OldObj,Image__2025-12-29__16-03-48.bmp,.bmp,2305078,2.1983,3b5292414025fadd05c7eb6e8f533d618c5596a0b465499832719980fa1905b3,1920,1200,2.304,L,1,95.557,58.3326,218.0,6562.6192,bf6f7777b3bb9fde,ok,,
basler_OldObj/Image__2025-12-29__16-04-04.bmp,basler_OldObj,Image__2025-12-29__16-04-04.bmp,.bmp,2305078,2.1983,15e6bb92fc1f48a79d4a430deba43ede1e1bac36ed14a45c47d6643a16ac650b,1920,1200,2.304,L,1,125.7666,43.0872,152.0,53.6824,fefefefefefefefe,ok,,
basler_OldObj/Image__2025-12-29__16-04-15.bmp,basler_OldObj,Image__2025-12-29__16-04-15.bmp,.bmp,2305078,2.1983,2e35b0891b8ec4ffd7c8b21f603d41941476eafcad06d86adb4bca303c57d743,1920,1200,2.304,L,1,125.2818,43.0852,151.0,57.0601,fefffefefefefefe,ok,,
basler_OldObj/Image__2025-12-29__16-04-24.bmp,basler_OldObj,Image__2025-12-29__16-04-24.bmp,.bmp,2305078,2.1983,9f53dab1f773023c2cb7a1797b02c91bcd8013eb6438fed4d81ddecebb355053,1920,1200,2.304,L,1,124.9755,43.1665,153.0,60.6877,fefefefefefefefe,ok,,
basler_OldObj/Image__2025-12-29__16-04-32.bmp,basler_OldObj,Image__2025-12-29__16-04-32.bmp,.bmp,2305078,2.1983,64aa3a8e7e2b8878c57710ff92120d5d83377a4af14a54f8a5c2487148bfe770,1920,1200,2.304,L,1,124.6383,43.1397,153.0,63.8488,fefefefefefefefe,ok,,
basler_OldObj/Image__2025-12-29__16-04-40.bmp,basler_OldObj,Image__2025-12-29__16-04-40.bmp,.bmp,2305078,2.1983,cc089e19044ee19da1613f65cc23a547a565942bdf48d73cf0739bf48edceafe,1920,1200,2.304,L,1,124.2026,43.1059,154.0,65.0705,fefffefefefefefe,ok,,
basler_OldObj/Image__2025-12-29__16-04-46.bmp,basler_OldObj,Image__2025-12-29__16-04-46.bmp,.bmp,2305078,2.1983,5ba32a4f688a74940e84b3f1a65fce5603b65b2a71668423452f833c29be656d,1920,1200,2.304,L,1,124.1583,43.385,156.0,71.3486,fefffefefefefefe,ok,,
basler_OldObj/Image__2025-12-29__16-05-08.bmp,basler_OldObj,Image__2025-12-29__16-05-08.bmp,.bmp,2305078,2.1983,07d388062ecf234f70fc91784b5304d6694b45e22b3a367d730aa04f9d1631a8,1920,1200,2.304,L,1,123.1474,43.1741,159.0,72.4728,fefefefefefefefe,ok,,
basler_OldObj/Image__2025-12-29__16-05-24.bmp,basler_OldObj,Image__2025-12-29__16-05-24.bmp,.bmp,2305078,2.1983,fdcc92385de60c4c4d3658972d7274660722b1f05c65a4ab6a3c42d7fc85509d,1920,1200,2.304,L,1,118.9777,38.7022,147.0,70.2766,fefefefefefefefe,ok,,
basler_OldObj/Image__2025-12-29__16-05-49.bmp,basler_OldObj,Image__2025-12-29__16-05-49.bmp,.bmp,2305078,2.1983,359bdb8ae08332723b815924bfb7b741c31ae38ea272991b81c1bd2b8f91f12b,1920,1200,2.304,L,1,117.6483,38.5819,145.61,86.1838,eeeefefefefefefe,ok,,
basler_OldObj/Image__2025-12-29__16-06-04.bmp,basler_OldObj,Image__2025-12-29__16-06-04.bmp,.bmp,2305078,2.1983,acddbe3da887e5fef0d6c72c1fd6e442055335a6429bb263715ed8637b7628ea,1920,1200,2.304,L,1,117.5717,38.3309,144.0,76.3287,feeefefefefefefe,ok,,
basler_OldObj/Image__2025-12-29__16-06-19.bmp,basler_OldObj,Image__2025-12-29__16-06-19.bmp,.bmp,2305078,2.1983,3b0bf5877dff0e81d385b3854e78aa422846f9d2b0f02b22391e8471db9aad8e,1920,1200,2.304,L,1,117.7491,38.0781,145.0,69.3075,fefefefefefefefe,ok,,
basler_OldObj/Image__2025-12-29__16-06-32.bmp,basler_OldObj,Image__2025-12-29__16-06-32.bmp,.bmp,2305078,2.1983,09f7851713c47ed2c600ddbec15d3cc4dcc199525bb9e747d17f7c689677f736,1920,1200,2.304,L,1,117.9336,38.2087,144.0,69.1381,fefefefefefefefe,ok,,
basler_OldObj/Image__2025-12-29__16-07-22.bmp,basler_OldObj,Image__2025-12-29__16-07-22.bmp,.bmp,2305078,2.1983,129e7cbf565b150a130754f07a895f3f0f6295e8b2ae4c9480543fc2d8d242e1,1920,1200,2.304,L,1,116.9979,38.0877,148.0,89.2376,fefefefefefefefe,ok,,
basler_OldObj/Image__2025-12-29__16-07-28.bmp,basler_OldObj,Image__2025-12-29__16-07-28.bmp,.bmp,2305078,2.1983,5764b3a31046313b3b0521512b475335abbaa30cbe28d638b31b7398a4938158,1920,1200,2.304,L,1,116.5396,38.2628,152.0,147.3729,fefefefefefefefe,ok,,
basler_OldObj/Image__2025-12-29__16-07-33.bmp,basler_OldObj,Image__2025-12-29__16-07-33.bmp,.bmp,2305078,2.1983,4744252ed2d2bf5fed0799cb5068de0a24365a95054161c19809cdf6789690b3,1920,1200,2.304,L,1,116.1603,38.4602,155.0,185.4839,fefefefefefefefe,ok,,
basler_OldObj/Image__2025-12-29__16-07-39.bmp,basler_OldObj,Image__2025-12-29__16-07-39.bmp,.bmp,2305078,2.1983,13532c20898c66bb0e07f62233b17f6848100c4a569f28cdebded0e3d94a2cff,1920,1200,2.304,L,1,116.045,38.6932,157.0,225.7714,fefefefefefefefe,ok,,
basler_OldObj/Image__2025-12-29__16-07-44.bmp,basler_OldObj,Image__2025-12-29__16-07-44.bmp,.bmp,2305078,2.1983,0ab39e651303c288a7f1cfcc0930c7843145aaa7a200f83d92f48df282c4d3ca,1920,1200,2.304,L,1,115.8808,38.834,158.0,268.1523,fefefefefefefefe,ok,,
basler_OldObj/Image__2025-12-29__16-07-49.bmp,basler_OldObj,Image__2025-12-29__16-07-49.bmp,.bmp,2305078,2.1983,64c75c7453e923c2873181172121c5dd49b4e4e389496423ca85765740889900,1920,1200,2.304,L,1,115.5528,39.0393,160.0,339.1909,fefef6fefefefefe,ok,,
basler_OldObj/Image__2025-12-29__16-07-54.bmp,basler_OldObj,Image__2025-12-29__16-07-54.bmp,.bmp,2305078,2.1983,a5ce3c99ea91e50f2a777b4eab3122b0ac91dd62ff8842cc1dd9235de025960a,1920,1200,2.304,L,1,115.2511,39.2095,160.0,388.2175,fefef6fefefefefe,ok,,
basler_OldObj/Image__2025-12-29__16-08-07.bmp,basler_OldObj,Image__2025-12-29__16-08-07.bmp,.bmp,2305078,2.1983,7515cb707761907f7d83600b4a813d723d821066282de05b7c4950c57017e250,1920,1200,2.304,L,1,114.9203,39.8728,164.0,490.8103,fefef6fefefefefe,ok,,
basler_OldObj/Image__2025-12-29__16-08-16.bmp,basler_OldObj,Image__2025-12-29__16-08-16.bmp,.bmp,2305078,2.1983,ea378735ad9f26402fae863ad2858d477e9c62bf95e3b72729a9f15adaeebac6,1920,1200,2.304,L,1,114.6719,39.8883,165.0,539.4086,fefefefefefefefe,ok,,
basler_OldObj/Image__2025-12-29__16-08-22.bmp,basler_OldObj,Image__2025-12-29__16-08-22.bmp,.bmp,2305078,2.1983,e421588b4efb763f96dd2ee5ddc07888635a2df7470b6a893c335bea4279fa2b,1920,1200,2.304,L,1,114.4843,40.0174,164.0,625.2042,fefef6f6fefefefe,ok,,
basler_OldObj/Image__2025-12-29__16-08-33.bmp,basler_OldObj,Image__2025-12-29__16-08-33.bmp,.bmp,2305078,2.1983,555cb1098a5486c28d16f53fa4f510ac2c7b6aebaa299161de324e88ea897e7c,1920,1200,2.304,L,1,113.9263,40.5992,168.0,759.1103,fefef6f6fefefefe,ok,,
basler_OldObj/Image__2025-12-29__16-08-42.bmp,basler_OldObj,Image__2025-12-29__16-08-42.bmp,.bmp,2305078,2.1983,9c3db4d769e8d4fdf03601ea13501798a2f6b93b7e1907fac76701dd46b252aa,1920,1200,2.304,L,1,114.0452,40.6455,169.0,783.7191,fefef6f6fefefefe,ok,,
basler_OldObj/Image__2025-12-29__16-08-56.bmp,basler_OldObj,Image__2025-12-29__16-08-56.bmp,.bmp,2305078,2.1983,7af2673b236475426b15583210b0aed53a829b813674441a40ac2703bf83a024,1920,1200,2.304,L,1,113.6883,41.1169,170.0,864.7904,fefeb6f6fefefefe,ok,,
basler_OldObj/Image__2025-12-29__16-09-06.bmp,basler_OldObj,Image__2025-12-29__16-09-06.bmp,.bmp,2305078,2.1983,09466381f9d984455391dfafe4f1ec45f2c5e2c69a252c9e3078ff6a7261a14a,1920,1200,2.304,L,1,113.2866,40.5521,167.0,845.6915,fefeb6f6fefefefe,ok,,
basler_OldObj/Image__2025-12-29__16-09-15.bmp,basler_OldObj,Image__2025-12-29__16-09-15.bmp,.bmp,2305078,2.1983,c3fed4b00d94725d8455c00451b42940cb0c25dd46bc6b5416212c40ec4789db,1920,1200,2.304,L,1,113.6097,40.9024,169.0,847.1186,fefeb6f6fefefefe,ok,,
basler_OldObj/Image__2025-12-29__16-09-21.bmp,basler_OldObj,Image__2025-12-29__16-09-21.bmp,.bmp,2305078,2.1983,2cfc015a5e499c9a85f1394bb50d852a027a28a3ce7c264047c547bdfa122c75,1920,1200,2.304,L,1,113.5643,40.5906,168.0,848.4947,fefeb6f6fefefefe,ok,,
basler_OldObj/Image__2025-12-29__16-09-28.bmp,basler_OldObj,Image__2025-12-29__16-09-28.bmp,.bmp,2305078,2.1983,fdb6887f1ca9ca7ad4623b0625d9afe58fe6de011e519589ec43cd01152ce20c,1920,1200,2.304,L,1,113.7291,40.9951,169.0,933.9845,fefeb6f6fefefefe,ok,,
basler_OldObj/Image__2025-12-29__16-09-35.bmp,basler_OldObj,Image__2025-12-29__16-09-35.bmp,.bmp,2305078,2.1983,e1f5f97c8f606a240de02a21a9909dd0e7b18dc126cf350f0026cac227586529,1920,1200,2.304,L,1,113.7789,41.0063,170.0,895.7988,febeb6fefefefefe,ok,,
basler_OldObj/Image__2025-12-29__16-09-42.bmp,basler_OldObj,Image__2025-12-29__16-09-42.bmp,.bmp,2305078,2.1983,264c1a90e5f7007a82698f18d2fbf4d18cceeb794af317965c922065505799bf,1920,1200,2.304,L,1,113.3444,41.231,171.0,891.1415,febeb6fefefefefe,ok,,
basler_OldObj/Image__2025-12-29__16-09-49.bmp,basler_OldObj,Image__2025-12-29__16-09-49.bmp,.bmp,2305078,2.1983,a0bd942867ceb7245e3d9171503fa5a9430eb0d92e63be8dd47d520d03f656f5,1920,1200,2.304,L,1,112.6952,41.5491,171.0,977.5268,febef6defefefefe,ok,,
basler_OldObj/Image__2025-12-29__16-09-57.bmp,basler_OldObj,Image__2025-12-29__16-09-57.bmp,.bmp,2305078,2.1983,174088b4f3725025811963ebf3f337bffaf917c8d36e7169cfb6e87d154ad767,1920,1200,2.304,L,1,112.0074,42.1735,171.0,1091.9451,fe7eb6defefefefe,ok,,
basler_OldObj/Image__2025-12-29__16-10-07.bmp,basler_OldObj,Image__2025-12-29__16-10-07.bmp,.bmp,2305078,2.1983,2c7edd598629add943145d3daece2275c8297b8592ecd5933fa55ffc67e86fd1,1920,1200,2.304,L,1,112.455,41.6525,171.0,1072.4595,fe7eb6defefefefe,ok,,
basler_OldObj/Image__2025-12-29__16-10-17.bmp,basler_OldObj,Image__2025-12-29__16-10-17.bmp,.bmp,2305078,2.1983,8c21ec7b58fc095f1193d1bb786e78ae7587368b1adcaa8d3eec43ee8905584b,1920,1200,2.304,L,1,111.957,43.146,174.0,1313.6298,fe7efedefefefefe,ok,,
basler_OldObj/Image__2025-12-29__16-10-25.bmp,basler_OldObj,Image__2025-12-29__16-10-25.bmp,.bmp,2305078,2.1983,052a14da1ae197f1ea8a13d239ecf5e0079c525847088e9e90645ff7898c2cc7,1920,1200,2.304,L,1,111.084,43.6528,174.0,1412.1121,fe7e7edefefefefe,ok,,
basler_OldObj/Image__2025-12-29__16-10-39.bmp,basler_OldObj,Image__2025-12-29__16-10-39.bmp,.bmp,2305078,2.1983,358c5416b003035718c3c2eb190276f87439f08a46a5fad9ed097e652ce10023,1920,1200,2.304,L,1,110.4678,44.4281,174.61,1571.9142,fe7ebe7efefefefe,ok,,
basler_OldObj/Image__2025-12-29__16-10-46.bmp,basler_OldObj,Image__2025-12-29__16-10-46.bmp,.bmp,2305078,2.1983,e900b23d3cfbcc3a0b72095f11a00f3c2b6fc4c3edbc8ff22f73643790781bfe,1920,1200,2.304,L,1,110.185,45.1625,176.0,1729.4443,fe7eb67efefefefe,ok,,
basler_OldObj/Image__2025-12-29__16-10-54.bmp,basler_OldObj,Image__2025-12-29__16-10-54.bmp,.bmp,2305078,2.1983,b114a6584204d0a6c99f1cc780fbbe80e520cb9e40e9df6f618988f611fc69c1,1920,1200,2.304,L,1,109.5717,45.2124,175.0,1741.1702,fe7e7e7efefefefe,ok,,
basler_OldObj/Image__2025-12-29__16-11-02.bmp,basler_OldObj,Image__2025-12-29__16-11-02.bmp,.bmp,2305078,2.1983,371c434710461f28ccff3ae7068b08335f7c281b0aa771bb2b9439b09aa2df80,1920,1200,2.304,L,1,109.0915,45.4452,175.0,1839.8408,fe7e7e7efefefefe,ok,,
basler_OldObj/Image__2025-12-29__16-11-08.bmp,basler_OldObj,Image__2025-12-29__16-11-08.bmp,.bmp,2305078,2.1983,0aa814007f52a6fc5a3fb467560f82155c39f8f5cf32b7de69ac34cfe8f78661,1920,1200,2.304,L,1,109.1017,45.8523,176.0,1832.6623,fe7e7e7efefefefe,ok,,
basler_OldObj/Image__2025-12-29__16-11-13.bmp,basler_OldObj,Image__2025-12-29__16-11-13.bmp,.bmp,2305078,2.1983,e579a346b561520aafaf171cdd114dc29fba4afb02acc69a70009cc2022c479d,1920,1200,2.304,L,1,108.7096,45.9576,176.0,1834.6798,fe7e7e7ebebefefe,ok,,
basler_OldObj/Image__2025-12-29__16-11-19.bmp,basler_OldObj,Image__2025-12-29__16-11-19.bmp,.bmp,2305078,2.1983,1fdbad6009595b7bdc98d1c01eac91aae460297691496a5b60884c4c3ca128fa,1920,1200,2.304,L,1,108.5399,46.14,176.0,1900.013,fe7e7e7ebebefefe,ok,,
basler_OldObj/Image__2025-12-29__16-11-24.bmp,basler_OldObj,Image__2025-12-29__16-11-24.bmp,.bmp,2305078,2.1983,3d7f01a1e8a139edb02f79767a8808ccda0d99e8ea412b76e60bf5fbf37e4dca,1920,1200,2.304,L,1,108.6248,46.2553,176.0,1912.725,fe7e7e7ebebefefe,ok,,
basler_OldObj/Image__2025-12-29__16-11-37.bmp,basler_OldObj,Image__2025-12-29__16-11-37.bmp,.bmp,2305078,2.1983,edb0288250d387c656e5c5fde13f6166afba4c8832b6f30b03d05f1da8dcdf6a,1920,1200,2.304,L,1,107.7302,46.9947,177.0,2085.0665,7e7e3e7e3ebefefe,ok,,
basler_OldObj/Image__2025-12-29__16-11-44.bmp,basler_OldObj,Image__2025-12-29__16-11-44.bmp,.bmp,2305078,2.1983,afff17021674f7f91abee5950f035de3da4421207f6349b3fe6c7b1aeced6232,1920,1200,2.304,L,1,107.172,47.3426,177.0,2163.5526,7e7e3e7ebebefefe,ok,,
basler_OldObj/Image__2025-12-29__16-12-05.bmp,basler_OldObj,Image__2025-12-29__16-12-05.bmp,.bmp,2305078,2.1983,bc0f226889f78414de53ee0d2d1bdb4b10fe1e9ca5d4868df739c61cdbdf9ac9,1920,1200,2.304,L,1,106.5034,47.8072,177.0,2351.3629,7e7e7e7e3ebefefe,ok,,
basler_OldObj/Image__2025-12-29__16-12-10.bmp,basler_OldObj,Image__2025-12-29__16-12-10.bmp,.bmp,2305078,2.1983,a2abee91d3f9232f0cf62b7b2f77142f41247fc007d010fb5a1c45f10ce2d616,1920,1200,2.304,L,1,105.5141,47.7153,176.0,2310.3958,7e7e7e7e3ebefefe,ok,,
basler_OldObj/Image__2025-12-29__16-13-11.bmp,basler_OldObj,Image__2025-12-29__16-13-11.bmp,.bmp,2305078,2.1983,294e3d103a2b91417f4827cf8c6bc7897b9104804202db5aa71f66bd0057f0d0,1920,1200,2.304,L,1,96.9898,51.8159,189.0,3959.6629,6e5e6fe63e6fdefe,ok,,
basler_OldObj/Image__2025-12-29__16-13-32.bmp,basler_OldObj,Image__2025-12-29__16-13-32.bmp,.bmp,2305078,2.1983,665d0887c8d44fa69d13a54deb789c8fa4603b21d488e77f0c6c5792e4fbb40c,1920,1200,2.304,L,1,103.9295,53.4959,186.0,3356.203,befe7efefededefe,ok,,
basler_OldObj/Image__2025-12-29__16-13-40.bmp,basler_OldObj,Image__2025-12-29__16-13-40.bmp,.bmp,2305078,2.1983,ccba0f7e342ac8a8f6f7d4bda036bd3dbc7746348c6377cd1823512ab75ce390,1920,1200,2.304,L,1,100.2022,54.2022,189.0,4180.9694,befe7efefededefc,ok,,
basler_OldObj/Image__2025-12-29__16-13-47.bmp,basler_OldObj,Image__2025-12-29__16-13-47.bmp,.bmp,2305078,2.1983,ba785f1db37afb55310343897b7c75643739e53f3b900ec60a012b61ee245595,1920,1200,2.304,L,1,99.3195,54.437,191.0,4317.9277,aefe7efefededefc,ok,,
basler_OldObj/Image__2025-12-29__16-14-00.bmp,basler_OldObj,Image__2025-12-29__16-14-00.bmp,.bmp,2305078,2.1983,7867cbaa4f0702727a849e2b9db577a31fab99a05450e67e004bab5a0479db2a,1920,1200,2.304,L,1,97.584,54.6191,191.0,4499.0508,aef676f6fedede7e,ok,,
basler_OldObj/Image__2025-12-29__16-17-17.bmp,basler_OldObj,Image__2025-12-29__16-17-17.bmp,.bmp,2305078,2.1983,a4bb52960fb8126c641d9e3d6048dcdda68eb90387f871c3d6e5478c1ee2fa98,1920,1200,2.304,L,1,157.2698,46.7649,172.0,3058.1957,aef676f6fede5e7e,ok,,
basler_OldObj/Image__2025-12-29__16-19-29.bmp,basler_OldObj,Image__2025-12-29__16-19-29.bmp,.bmp,2305078,2.1983,99af7c212cdab38083621e7bff08a21bcd9c36b1d5098a659b79d0aed9c7d786,1920,1200,2.304,L,1,157.906,46.9181,173.0,3073.4891,aef676f6fede5e7e,ok,,
basler_OldObj/Image__2025-12-29__16-19-35.bmp,basler_OldObj,Image__2025-12-29__16-19-35.bmp,.bmp,2305078,2.1983,2d38db16fc11bcaa6213cd3e9bbbf36d7523b3d2c4ba26677204d1ec2c00dc00,1920,1200,2.304,L,1,153.2538,43.9817,173.0,3256.9559,f7dbcff7f3d35e7c,ok,,
basler_OldObj/Image__2025-12-29__16-19-41.bmp,basler_OldObj,Image__2025-12-29__16-19-41.bmp,.bmp,2305078,2.1983,91efbb5b9d5dc044b6330234b9bdeba35571b8038042562d1197990ea5f1f91a,1920,1200,2.304,L,1,151.1882,41.2061,172.0,3283.6113,f7cbcbd9d9d15b5b,ok,,
basler_OldObj/Image__2025-12-29__16-20-35.bmp,basler_OldObj,Image__2025-12-29__16-20-35.bmp,.bmp,2305078,2.1983,9f0f96c5f6383b92bf853eb3cae87494d5e2364737e0aa96367cac05b9ff8a0d,1920,1200,2.304,L,1,151.9777,40.6846,170.0,3229.0803,deae3ed4fdbfdbdd,ok,,
basler_OldObj/Image__2025-12-29__16-20-45.bmp,basler_OldObj,Image__2025-12-29__16-20-45.bmp,.bmp,2305078,2.1983,da82c1a202dd6deef97dd041ee84f7899d418fad1f8808253498f59d49eb6535,1920,1200,2.304,L,1,151.2132,41.4325,172.0,3363.3504,dfbb3febf8fddbdf,ok,,
basler_OldObj/Image__2025-12-29__16-20-57.bmp,basler_OldObj,Image__2025-12-29__16-20-57.bmp,.bmp,2305078,2.1983,413536605ce82788817b0215f2475b2dd5c085ba34133a872368c32e96031083,1920,1200,2.304,L,1,155.9823,42.5377,171.0,2763.9125,afa7ef8f9f9fbe9e,ok,,
basler_OldObj/Image__2025-12-29__16-21-09.bmp,basler_OldObj,Image__2025-12-29__16-21-09.bmp,.bmp,2305078,2.1983,f9b77abd2b509160ce26d3febc6b557d2ce0673a5123e8621017abfe32ed6b24,1920,1200,2.304,L,1,150.3492,41.6182,171.0,3313.4184,bf95f93b3dfddb5b,ok,,
basler_OldObj/Image__2025-12-29__16-21-22.bmp,basler_OldObj,Image__2025-12-29__16-21-22.bmp,.bmp,2305078,2.1983,131402bd021645d039eff7c3d2f8c2fabbc8edae74c6de9f152b59a5f4adaed2,1920,1200,2.304,L,1,151.7577,40.8837,171.0,3146.0495,b9b6bc3a3ff5f455,ok,,
basler_OldObj/Image__2025-12-29__16-21-27.bmp,basler_OldObj,Image__2025-12-29__16-21-27.bmp,.bmp,2305078,2.1983,9fe3c54c3a27590285e03b1cfae1de7f708670f5628855333204fd180b464211,1920,1200,2.304,L,1,151.7491,40.8541,171.0,3145.0768,b9b6bc3a3ff5f455,ok,,
basler_OldObj/Image__2025-12-29__16-21-30.bmp,basler_OldObj,Image__2025-12-29__16-21-30.bmp,.bmp,2305078,2.1983,d7c74a140a4da7a51ba8bf421cd640511203a373b74e4b3fa3f6ab50b04c837e,1920,1200,2.304,L,1,151.6504,40.9176,171.0,3146.4863,b9b69c3a3ff5f455,ok,,
basler_OldObj/Image__2025-12-29__16-21-36.bmp,basler_OldObj,Image__2025-12-29__16-21-36.bmp,.bmp,2305078,2.1983,2a1eae2a8a6e825c1b3e0dc83e1b4193eaf4b55b860105753b7c0357a3407598,1920,1200,2.304,L,1,151.5987,40.9421,171.0,3157.6788,b9b69c3a3ff5f457,ok,,
basler_OldObj/Image__2025-12-29__16-21-40.bmp,basler_OldObj,Image__2025-12-29__16-21-40.bmp,.bmp,2305078,2.1983,5d2ace77481c4515427b91449490546a652cef6207f2a8b8ddd5d4968b9c05d7,1920,1200,2.304,L,1,151.3419,40.8749,171.0,3160.6717,b9b69c3a3ff5f557,ok,,
basler_OldObj/Image__2025-12-29__16-21-44.bmp,basler_OldObj,Image__2025-12-29__16-21-44.bmp,.bmp,2305078,2.1983,5cc7f88533bd1e2250300b8f9884fc610421fbed18e75ba351f448b63af8c6dc,1920,1200,2.304,L,1,151.228,40.9236,172.0,3160.305,b9b69c3a3fb5f557,ok,,
basler_OldObj/Image__2025-12-29__16-21-48.bmp,basler_OldObj,Image__2025-12-29__16-21-48.bmp,.bmp,2305078,2.1983,28bec89d75214194f13aa7c0e5de02f823dade89a41055b1bc32623c7bdc6ddf,1920,1200,2.304,L,1,151.0368,40.9768,171.0,3162.7961,b9969c3a3fb5f555,ok,,
basler_OldObj/Image__2025-12-29__16-21-56.bmp,basler_OldObj,Image__2025-12-29__16-21-56.bmp,.bmp,2305078,2.1983,436b90c9d9a6192e8e369cb329bec4f3553b2db403d37dd4de7e6277f5daef2f,1920,1200,2.304,L,1,150.6904,41.3561,174.0,3264.9532,bb979e3e35b7f353,ok,,
basler_OldObj/Image__2025-12-29__16-22-03.bmp,basler_OldObj,Image__2025-12-29__16-22-03.bmp,.bmp,2305078,2.1983,bdd9d7ac18e0c3d44bf85de6dfc10796e7244faed3421cd07d4a648680cd6e7a,1920,1200,2.304,L,1,149.5982,41.5703,175.0,3371.7639,bb9f9e3c5dd7dbdb,ok,,
basler_OldObj/Image__2025-12-29__16-22-08.bmp,basler_OldObj,Image__2025-12-29__16-22-08.bmp,.bmp,2305078,2.1983,ce31e5ec61d894e992f3f151f14ebc4cba14c5307fe96b3e936df859e5bfcd06,1920,1200,2.304,L,1,149.4653,41.6181,175.0,3366.3003,bb9f9e3c5dd7dbdb,ok,,
basler_OldObj/Image__2025-12-29__16-22-13.bmp,basler_OldObj,Image__2025-12-29__16-22-13.bmp,.bmp,2305078,2.1983,3ba35198e01b101daf7136b8fa04f48b62ee1cec1fc7eae71053cab565318c23,1920,1200,2.304,L,1,149.6459,41.6449,175.0,3366.5528,bb9f9e3c7dd7dfdb,ok,,
basler_OldObj/Image__2025-12-29__16-31-03.bmp,basler_OldObj,Image__2025-12-29__16-31-03.bmp,.bmp,2305078,2.1983,741eaf0e7af794625d3fe2af4cdb28b7ea9f9e00ffa80c2408016770293c36eb,1920,1200,2.304,L,1,177.2914,25.6058,91.0,20.8588,fefefefefefefefe,ok,,
basler_OldObj/Image__2025-12-29__16-31-10.bmp,basler_OldObj,Image__2025-12-29__16-31-10.bmp,.bmp,2305078,2.1983,6ebd318036ebcae274ed3fddbd5f79acbf281da4eed176d222b87e1219d23538,1920,1200,2.304,L,1,177.2051,25.6632,92.0,24.9103,fefefefefefefefe,ok,,
basler_OldObj/Image__2025-12-29__16-31-50.bmp,basler_OldObj,Image__2025-12-29__16-31-50.bmp,.bmp,2305078,2.1983,02e034430826ea4f38aee83ef686049a8408b92dedaff9dbd90184dbcdd65f0e,1920,1200,2.304,L,1,176.7563,25.6675,93.0,33.5448,fefefffefefefefe,ok,,
basler_OldObj/Image__2025-12-29__16-31-54.bmp,basler_OldObj,Image__2025-12-29__16-31-54.bmp,.bmp,2305078,2.1983,f8c1a7b9be1282cd723816c5c62c7624c6df85a0db7faea17add9e9be114a9af,1920,1200,2.304,L,1,176.0981,25.7323,93.0,43.4182,fefefffefefffefe,ok,,
basler_OldObj/Image__2025-12-29__16-31-58.bmp,basler_OldObj,Image__2025-12-29__16-31-58.bmp,.bmp,2305078,2.1983,0c26301ec93c2dd3aeb6b573bcd11f3e1cdc7d02597703788a73ccafcde83fa8,1920,1200,2.304,L,1,176.2857,25.9569,96.0,48.9433,fefefffefefffefe,ok,,
basler_OldObj/Image__2025-12-29__16-32-02.bmp,basler_OldObj,Image__2025-12-29__16-32-02.bmp,.bmp,2305078,2.1983,a3b6d21b5039d35f8a348ad4c79955de43c64c286de322b909fbca579fd70ac0,1920,1200,2.304,L,1,176.1611,26.1172,98.0,52.0473,fefefffefefffefe,ok,,
basler_OldObj/Image__2025-12-29__16-32-06.bmp,basler_OldObj,Image__2025-12-29__16-32-06.bmp,.bmp,2305078,2.1983,f89135f5922071d7c436d1cd6e6d26e59634681bb6d5230b248297fd67e2a646,1920,1200,2.304,L,1,175.753,26.216,98.0,55.711,fefefffefefffefe,ok,,
basler_OldObj/Image__2025-12-29__16-32-09.bmp,basler_OldObj,Image__2025-12-29__16-32-09.bmp,.bmp,2305078,2.1983,59e45f46f17bd2b456929ee975239543688b466c864e0fcbf171335504a0d29f,1920,1200,2.304,L,1,176.0375,26.3739,99.0,60.3364,fefefffefefffefe,ok,,
basler_OldObj/Image__2025-12-29__16-32-14.bmp,basler_OldObj,Image__2025-12-29__16-32-14.bmp,.bmp,2305078,2.1983,a77943dcbbd42640224780b5d70c86d2ecffe3b75f4d2a0e37e85c16c7f26336,1920,1200,2.304,L,1,175.0444,26.3589,100.0,64.5006,fef6fffefefffefe,ok,,
basler_OldObj/Image__2025-12-29__16-32-21.bmp,basler_OldObj,Image__2025-12-29__16-32-21.bmp,.bmp,2305078,2.1983,e6f1a9e0e5a1956b1d02e9cbcbf743b674fe8de34c7f12f76f2f1749732f9346,1920,1200,2.304,L,1,175.7316,26.7097,104.0,70.4184,fefefffefefffefe,ok,,
basler_OldObj/Image__2025-12-29__16-32-29.bmp,basler_OldObj,Image__2025-12-29__16-32-29.bmp,.bmp,2305078,2.1983,4596fcbb37ce211c7ef0b47fa365614269a7e718a26b3a5d10dd486588a7bef1,1920,1200,2.304,L,1,175.1203,26.824,107.0,102.8215,eefefffefbfbfefe,ok,,
basler_OldObj/Image__2025-12-29__16-32-34.bmp,basler_OldObj,Image__2025-12-29__16-32-34.bmp,.bmp,2305078,2.1983,00d093e81d40d06b996a3cc1057d9547f79efb7d0e78a6fdf5ed1b33b25f838e,1920,1200,2.304,L,1,174.878,26.9645,109.0,132.8298,eefefffefbfbfefe,ok,,
basler_OldObj/Image__2025-12-29__17-27-20.bmp,basler_OldObj,Image__2025-12-29__17-27-20.bmp,.bmp,2305078,2.1983,720ec0cc91a15b8bf3064ba858d61e6bcda3e7e4caea4f32dd9966fb78411a58,1920,1200,2.304,L,1,108.6905,38.0737,135.0,296.371,f8f8fcf8f8f8f8f8,ok,,
basler_tstRGB/RGB_blue_E100000.bmp,basler_tstRGB,RGB_blue_E100000.bmp,.bmp,2305078,2.1983,ac9009022a1feb9f762d5b2abd93509552f70b530ba603715a982db097ba7655,1920,1200,2.304,L,1,194.5823,61.7154,229.0,1161.6291,fefcecfedeececf8,ok,,
basler_tstRGB/RGB_green_E100000.bmp,basler_tstRGB,RGB_green_E100000.bmp,.bmp,2305078,2.1983,b84a9e0f11658949819463717a75dbde2a1130dcc94930d9a5da7a91349d4761,1920,1200,2.304,L,1,108.8559,42.1842,168.0,740.8442,fffefefedeeeecfc,ok,,
basler_tstRGB/RGB_red_E100000.bmp,basler_tstRGB,RGB_red_E100000.bmp,.bmp,2305078,2.1983,037fa20a55cc7783514abc41a66c909948adbaca57b43f9f659c19f59a3ba354,1920,1200,2.304,L,1,47.4855,24.2349,84.0,330.4599,fefefefefefefcfe,ok,,
basler_tstRGB/RGB_white_E100000.bmp,basler_tstRGB,RGB_white_E100000.bmp,.bmp,2305078,2.1983,442df4cb0d75a8487c8b637dbdf6cdd0abba9830a6988392ea875a187bd37cbd,1920,1200,2.304,L,1,233.8391,40.5609,200.0,1083.3765,e8e0ecccdcccece0,ok,,
basler_tstRGB/upper_white_E12000.bmp,basler_tstRGB,upper_white_E12000.bmp,.bmp,2305078,2.1983,f3a6079580c431ddfe42faba5d81ec71be00459766f26198c095c9c273202da9,1920,1200,2.304,L,1,77.4194,23.044,95.0,440.385,e0c8c0e0c4e0e0e0,ok,,
images/20260116_155328_028.bmp,images,20260116_155328_028.bmp,.bmp,12582966,12.0001,18b9ce1a48eb3a491e9f07e8c9c6b43393bf68ab195fdc572c194f8a52676d54,2048,2048,4.1943,RGB,3,82.6693,32.6111,223.0,43.9991,c0e0e0d8d8e0c0c0,ok,,
images/20260116_155330_685.bmp,images,20260116_155330_685.bmp,.bmp,12582966,12.0001,6730f0c2d1183bb4dd1a4399028fd9f99abdf4f3d36504f123123abff72e8f3c,2048,2048,4.1943,RGB,3,72.7218,28.1446,164.0,855.0988,c4e0600c9060e0f0,ok,,
images/20260116_155331_134.bmp,images,20260116_155331_134.bmp,.bmp,12582966,12.0001,36220ee3f6118221bc91b65bfd0a9b4331507d855137ca0a8abc5faab1ecaf9b,2048,2048,4.1943,RGB,3,73.8398,33.5325,236.0,842.6604,d88080f020a090a0,ok,,
images/20260116_155331_585.bmp,images,20260116_155331_585.bmp,.bmp,12582966,12.0001,9f8edbbc860255a2f49cd5d0360383cfb945a943259c096adb087692e2779742,2048,2048,4.1943,RGB,3,77.0909,31.4492,216.0,770.8333,c0c0d8d8c0c09014,ok,,
images/20260116_155332_035.bmp,images,20260116_155332_035.bmp,.bmp,12582966,12.0001,5519c8633737f7e6358d23bca96261f28b105a1eb8c7427c4588b7205f94757a,2048,2048,4.1943,RGB,3,72.0539,28.7639,182.0,672.4151,c084a488c0c07030,ok,,
images/20260116_155332_917.bmp,images,20260116_155332_917.bmp,.bmp,12582966,12.0001,3a1e17031a32d7f7ea49d44b5913f42c8048dfe7e2ff746eec6a571687999306,2048,2048,4.1943,RGB,3,80.047,31.5937,224.0,298.0066,d8c8d8d0c0d0c0c0,ok,,
images/20260116_155333_375.bmp,images,20260116_155333_375.bmp,.bmp,12582966,12.0001,454e67c68860d507435f1de8b14522ee15fab86b57e1f42144edc8fea0f3dd8c,2048,2048,4.1943,RGB,3,80.6049,33.532,225.0,191.4885,e4d0c4b0b0c0c8e0,ok,,
images/20260116_155334_706.bmp,images,20260116_155334_706.bmp,.bmp,12582966,12.0001,e55bca82aad6168d63d7bfdc1e756d99b1751b33a5d5598119a7adf3d67cef4d,2048,2048,4.1943,RGB,3,75.457,24.2289,100.0,176.6885,d8b0d090d048e0c0,ok,,
images/20260116_155335_190.bmp,images,20260116_155335_190.bmp,.bmp,12582966,12.0001,19176ec60bd6dfaa5623254da3b0b8e01dd1f9be7eb6b9c9fa23c931fc9150de,2048,2048,4.1943,RGB,3,81.0574,32.4366,225.0,151.7935,e0e4d8d8c0f0c0c0,ok,,
images/20260116_155348_055.bmp,images,20260116_155348_055.bmp,.bmp,12582966,12.0001,c2ae767aeec141d9a713f1cce002e8313dd603209d027aaadf41212cb7db84c3,2048,2048,4.1943,RGB,3,74.331,31.2525,199.0,943.1641,c4ccd0f2c2a04884,ok,,
images/20260116_155348_487.bmp,images,20260116_155348_487.bmp,.bmp,12582966,12.0001,f6eb880d0c17e573b7a7e4c98eecd134b6029155ff4add92bcb1a7f66217bd9e,2048,2048,4.1943,RGB,3,77.1819,33.9355,237.0,632.956,c0c0e4e4d8d880b0,ok,,
images/20260116_155348_947.bmp,images,20260116_155348_947.bmp,.bmp,12582966,12.0001,d5d9f143db1d8832d5b17b313d7adbf1acbbfce821890f21d7843b8fffd59539,2048,2048,4.1943,RGB,3,73.3813,23.5572,98.0,457.0205,b020a0c0e0d0d4e0,ok,,
images/20260116_155349_395.bmp,images,20260116_155349_395.bmp,.bmp,12582966,12.0001,11a3c502231086deace6e58aca363f469e86f01c69c22ed4eba17818b222a86d,2048,2048,4.1943,RGB,3,78.7604,30.604,232.0,439.784,d8e0c0c02060c0c0,ok,,
images/20260116_155349_837.bmp,images,20260116_155349_837.bmp,.bmp,12582966,12.0001,ed6d8cb3cfc6eb405a88fa3916d5216f2f7a8ae9b0780d25e40f8f0835ee4887,2048,2048,4.1943,RGB,3,77.7176,34.9397,233.0,275.9663,c0c8e0d8d8e0c0c0,ok,,
images/20260116_155350_281.bmp,images,20260116_155350_281.bmp,.bmp,12582966,12.0001,d2a7ecfd9ed501662376819b7bf9235b0073f2e67a42150de8d73fad5acf2bbf,2048,2048,4.1943,RGB,3,79.3622,26.4744,221.0,95.6404,e0c0c0e0c0c0a098,ok,,
images/20260116_155350_717.bmp,images,20260116_155350_717.bmp,.bmp,12582966,12.0001,ef543801f70d2653697ba09759485da85eb4ea727d06587a024b0fe1f362b55c,2048,2048,4.1943,RGB,3,77.8933,26.0569,150.0,147.7225,d8e0d0c0c0c0c0c0,ok,,
images/20260116_155351_182.bmp,images,20260116_155351_182.bmp,.bmp,12582966,12.0001,540db5f9b6a34413cff2088f220014466204099a8348ed388cab6d7fd86582ee,2048,2048,4.1943,RGB,3,79.9676,34.7506,234.0,330.691,f0b0c0c8c0e0e4e0,ok,,
images/20260116_155352_059.bmp,images,20260116_155352_059.bmp,.bmp,12582966,12.0001,d337c3a1a0c8b7dec555b9c785faa0f5f951fc1683a71927a3f9665e09966817,2048,2048,4.1943,RGB,3,80.5531,32.7782,224.0,94.462,c0e0e0e0d8d8a4a0,ok,,
images/20260116_155352_963.bmp,images,20260116_155352_963.bmp,.bmp,12582966,12.0001,57c3f2271f5744176d24aa579b506b47cb2793f4ee9483a6834eb4d769d8aebd,2048,2048,4.1943,RGB,3,79.7944,25.8733,222.0,69.3584,d8e0c0c0c0c0c0c8,ok,,
images/20260116_155405_414.bmp,images,20260116_155405_414.bmp,.bmp,12582966,12.0001,4ef63b351f9a056b600367712fd2d448df9537a99dfdeb5dce09b394fef0e2b0,2048,2048,4.1943,RGB,3,70.7094,28.8929,162.0,1272.3258,88b08080c2c0c8c8,ok,,
images/20260116_155405_869.bmp,images,20260116_155405_869.bmp,.bmp,12582966,12.0001,e1ecad2557a5bd9dff4dc3d04ad264efa0aec33a173ed2e9c2508c8d6ae8dd02,2048,2048,4.1943,RGB,3,79.1948,31.6278,227.0,312.4054,b890e0a0c8c8c0e0,ok,,
images/20260116_155406_771.bmp,images,20260116_155406_771.bmp,.bmp,12582966,12.0001,050f2fbcfdd1a932b9373f3181a0fbe853f1defe9f720993ce17ee7ff60dcb76,2048,2048,4.1943,RGB,3,80.5791,33.9412,225.0,209.4501,e0e0c0f0c4d8d8a4,ok,,
images/20260116_155407_205.bmp,images,20260116_155407_205.bmp,.bmp,12582966,12.0001,acc3c7a038338b5afcf8c3bebf6cfe485103092b632c744383e6d439a93b6e67,2048,2048,4.1943,RGB,3,74.0826,19.213,66.0,111.3553,d0c0c090c8e0c0e0,ok,,
images/20260116_155408_096.bmp,images,20260116_155408_096.bmp,.bmp,12582966,12.0001,7a7dc1ca7504777aa486a269cfe2eea61559f0c667d03f6b620ba8ace6c83227,2048,2048,4.1943,RGB,3,81.9496,33.1071,224.0,126.4986,c8c0d0e4d8d8e0c0,ok,,
images/20260116_155408_541.bmp,images,20260116_155408_541.bmp,.bmp,12582966,12.0001,358c7fc133819cd158738e3ebc03beb3c03ad06e046b036363e3e224ae9b2e40,2048,2048,4.1943,RGB,3,80.4189,33.426,224.0,215.9164,e8a8b090c0f0b0c0,ok,,
images/20260116_155408_982.bmp,images,20260116_155408_982.bmp,.bmp,12582966,12.0001,20cbc049f4c655ab80ae22a168aac0ca9d11dcf8bf891ca4eeac7666095f2084,2048,2048,4.1943,RGB,3,80.9142,29.4491,223.0,76.7519,c0c0c0c0c8c0e0f0,ok,,
images/20260116_155409_459.bmp,images,20260116_155409_459.bmp,.bmp,12582966,12.0001,85696e885a166e6e6d04545e2ad7557bd03ad584c0c7243c0191d2eafe73299b,2048,2048,4.1943,RGB,3,79.1108,23.1472,95.0,79.979,f0c0d0a0c8c0e0e0,ok,,
images/20260116_155409_927.bmp,images,20260116_155409_927.bmp,.bmp,12582966,12.0001,1a57d3cc8fde6d4dbd0066414539c715ef9b4e7f54a53f7c9e6ff792ce3d4e1e,2048,2048,4.1943,RGB,3,79.7716,33.0013,224.0,58.4473,e0d8988060e0c0c0,ok,,
images/20260116_155422_332.bmp,images,20260116_155422_332.bmp,.bmp,12582966,12.0001,65ed1152f9efc3557288c642c49722772cb38fa91008e6c07d8cbb1499158bac,2048,2048,4.1943,RGB,3,76.0747,35.9321,240.0,906.2724,a0c4d898c490e028,ok,,
images/20260116_155422_779.bmp,images,20260116_155422_779.bmp,.bmp,12582966,12.0001,ae5b9ba23182e39d62c49ae388feb541dec7143a39540ec2ff053abd2e436d59,2048,2048,4.1943,RGB,3,76.6333,32.2106,235.0,583.9326,c0c0c4b8b8c4c0b0,ok,,
images/20260116_155424_569.bmp,images,20260116_155424_569.bmp,.bmp,12582966,12.0001,0dadeb65bd577d688f2cca4dd0a151f2535b6b5cc6d4e6ef9761d49a276e8af5,2048,2048,4.1943,RGB,3,81.0627,35.0991,232.0,374.6076,e0e0d8d884d8e0c0,ok,,
images/20260116_155425_456.bmp,images,20260116_155425_456.bmp,.bmp,12582966,12.0001,32c7cb174a58388a0ad7b514c1ff143b6ad748f14865d5b1b79c97cb60dd68d4,2048,2048,4.1943,RGB,3,77.5441,19.0358,63.0,88.022,e0c0c0c0c0c0c0c0,ok,,
images/20260116_155425_903.bmp,images,20260116_155425_903.bmp,.bmp,12582966,12.0001,db909499fcd611db81f4d13e10602e87f14f2cc6a4a09300698b2f399165f0f3,2048,2048,4.1943,RGB,3,80.4387,30.9551,224.0,194.6359,e4d0d8c0c0c0c0c0,ok,,
images/20260116_155426_339.bmp,images,20260116_155426_339.bmp,.bmp,12582966,12.0001,8fb8715b575574c3b6171f5a72f3b0d8a103cd3b4df4d07738ee483e08e57742,2048,2048,4.1943,RGB,3,81.297,32.6479,224.0,50.5213,c0c0d0b0f0c0c0e0,ok,,
images/20260116_155428_133.bmp,images,20260116_155428_133.bmp,.bmp,12582966,12.0001,e1d5d6581e53bdd9652c899d7e21dcbb9a13c798aa642219719198cd8221c10d,2048,2048,4.1943,RGB,3,82.7189,32.5584,223.0,50.9797,e0d8d8e0c8e0e0c0,ok,,
images/20260116_155429_906.bmp,images,20260116_155429_906.bmp,.bmp,12582966,12.0001,cfe0481352f8683eaf6cef2b904c086ca965a5cf1cecd0fc91f5adeef8c0add0,2048,2048,4.1943,RGB,3,81.3116,33.3225,224.0,160.7093,d0c4b0f0c4d890e0,ok,,
images/20260116_155435_694.bmp,images,20260116_155435_694.bmp,.bmp,12582966,12.0001,cda03e8057c0fa648e4c5f9a2417cefe6375d2e59768332c433719939818d00c,2048,2048,4.1943,RGB,3,78.339,34.3125,227.0,132.3195,c0e0c0e0d8d8e0c0,ok,,
images/20260116_155436_141.bmp,images,20260116_155436_141.bmp,.bmp,12582966,12.0001,eb81b8be2b18a379727e1207242e3d3f8cbda63d8f6c7bc9c37894b83e4e39f1,2048,2048,4.1943,RGB,3,77.9332,17.7236,62.0,19.8216,e4c0c0c090c0c0c0,ok,,
images/20260116_155438_809.bmp,images,20260116_155438_809.bmp,.bmp,12582966,12.0001,6a737f6fe0a1af935208a194bb323b54c10b0d3dd4ba05f1517ca1e1b11c31c4,2048,2048,4.1943,RGB,3,82.6455,32.4127,223.0,45.6195,d8d8e0c0c0c0c0c0,ok,,
images/20260116_155448_166.bmp,images,20260116_155448_166.bmp,.bmp,12582966,12.0001,9144b6a678b96aab11e67622d0eaa5d4b96f77cc6de89f316ff6dc7d233512d5,2048,2048,4.1943,RGB,3,82.1109,32.443,223.0,114.5868,f0f8f0c0c0c0a0b0,ok,,
images/20260116_155449_036.bmp,images,20260116_155449_036.bmp,.bmp,12582966,12.0001,61a0709da2f023d6c35066d8e31dd892f4f88df89120fb8f6cb60dfb304cc354,2048,2048,4.1943,RGB,3,77.3913,33.665,232.0,631.9496,c0c088c0d0849838,ok,,
images/20260116_155449_498.bmp,images,20260116_155449_498.bmp,.bmp,12582966,12.0001,14476dc65a09ba5e0cf33379c7ece6eaf4abe2d10f095d0491d46bd620e57500,2048,2048,4.1943,RGB,3,73.8559,22.2655,79.0,361.6655,80c0e0c8c4e0c8c0,ok,,
images/20260116_155449_937.bmp,images,20260116_155449_937.bmp,.bmp,12582966,12.0001,bb98e16b147cff48db0da5e5a834783a98f8ae1459671bdf3610fcb587682498,2048,2048,4.1943,RGB,3,77.5755,34.7898,233.0,489.1609,e0d0d8c8e4d090d0,ok,,
images/20260116_155450_394.bmp,images,20260116_155450_394.bmp,.bmp,12582966,12.0001,71e2224e75b2ab9412a7636f7ea5902b0bf4c29c6e63d16b1c7a37efd87ceef7,2048,2048,4.1943,RGB,3,78.6808,37.3839,238.0,694.5377,c090b4d084d8d880,ok,,
images/20260116_155450_827.bmp,images,20260116_155450_827.bmp,.bmp,12582966,12.0001,4213b6536b6de03c398bbecf368b880d1cffcbabd79439c5d9d3349b2a9a7b0f,2048,2048,4.1943,RGB,3,75.0572,34.2741,237.0,916.0665,d0d0c0c0d0c0c4b0,ok,,
images/20260116_155451_283.bmp,images,20260116_155451_283.bmp,.bmp,12582966,12.0001,cb302e49c71287f07cab2d4e4fc5a2c1524ba06f9d39089a91df3df600e0c941,2048,2048,4.1943,RGB,3,74.8884,24.7378,119.0,599.2637,d8c0e0e0c0c0e4e4,ok,,
images/20260116_155451_724.bmp,images,20260116_155451_724.bmp,.bmp,12582966,12.0001,0d653a9a43d533eb656ec6ae9b43ba5c0ab262bdbd5b9a39a00860cc2c15d374,2048,2048,4.1943,RGB,3,78.0087,30.3398,232.0,482.5813,90f8c8c0e4c8c0c0,ok,,
images/20260116_155452_167.bmp,images,20260116_155452_167.bmp,.bmp,12582966,12.0001,ce4e960cb96a14493b738305f3541dd17bd5727b0c73989226eb47cd7ccc08e5,2048,2048,4.1943,RGB,3,79.8832,33.6066,224.0,138.2188,e0e0d8d8a4b0e0c0,ok,,
images/20260116_155452_639.bmp,images,20260116_155452_639.bmp,.bmp,12582966,12.0001,0d415b9fa47ed2168936fb41e7c0ae00e8934050452448c9c6cee7499383a80a,2048,2048,4.1943,RGB,3,80.6002,33.9239,225.0,198.2761,b090c0d8e0d8d8c8,ok,,
images/20260116_155453_069.bmp,images,20260116_155453_069.bmp,.bmp,12582966,12.0001,3547d55898f284c1b5c444ed7945524b9d35e4e5429c018881195189623732c4,2048,2048,4.1943,RGB,3,74.5422,19.5801,65.0,156.3931,e0c0d8c0d8d0e0c0,ok,,
images/20260116_155454_830.bmp,images,20260116_155454_830.bmp,.bmp,12582966,12.0001,65c546222ac5afae65220a7c5024b96cfbfd7bce51602e681176ebe85cac23ca,2048,2048,4.1943,RGB,3,77.6685,18.2392,64.0,59.6161,c0e0c0c0e090a0e0,ok,,
images/20260116_160622_597.bmp,images,20260116_160622_597.bmp,.bmp,12582966,12.0001,2e764836c6ededc3e35659059bd1c381a90da2ca6e284ea76b417eabed34e7da,2048,2048,4.1943,RGB,3,73.5857,23.2082,113.0,645.315,58c8c890b4c0c8d0,ok,,
images/20260116_160623_931.bmp,images,20260116_160623_931.bmp,.bmp,12582966,12.0001,6c2e5d3efd30d9caec5176cca5c25c72f37d37a4f352a1f7608375b144769535,2048,2048,4.1943,RGB,3,78.7645,33.8964,227.0,376.0317,c0c0e0d0d88894c4,ok,,
images/20260116_160624_817.bmp,images,20260116_160624_817.bmp,.bmp,12582966,12.0001,b7fbaa4d39c474354230b38ced92338676f9063d63357d6390f8c9fc6cf86d53,2048,2048,4.1943,RGB,3,76.8521,18.6258,63.0,57.3296,e0c0e0e0c0c0e0e0,ok,,
images/20260116_160625_261.bmp,images,20260116_160625_261.bmp,.bmp,12582966,12.0001,33b6a7a9716e3c5c0c67ea20a1b570d616c698bbafdbe0d786739ed717210219,2048,2048,4.1943,RGB,3,77.8363,34.9734,229.0,357.2064,50c0d8d8e468c4e0,ok,,
images/20260116_160625_710.bmp,images,20260116_160625_710.bmp,.bmp,12582966,12.0001,f3b2d2000121126aea71cec40b122ec5e936560da5221a52a98431ef3892d76a,2048,2048,4.1943,RGB,3,80.6957,33.0198,224.0,226.8203,c0c090c8c8c0d8d8,ok,,
images/20260116_160627_045.bmp,images,20260116_160627_045.bmp,.bmp,12582966,12.0001,c178f806f8036be4e2b53b01627cdacce09e550de453ad39a4b9885aeab1ce18,2048,2048,4.1943,RGB,3,82.275,32.164,223.0,43.0107,f0f8f0c0c0e0c0c0,ok,,
images/20260116_160627_944.bmp,images,20260116_160627_944.bmp,.bmp,12582966,12.0001,a4baac3be34f55581390be2c1826cb25a68f3b4d82f0ddb200ae592bc52482a1,2048,2048,4.1943,RGB,3,80.6342,33.5104,225.0,85.4584,c0e0c0c0c0e4d8d8,ok,,
images/20260116_160628_387.bmp,images,20260116_160628_387.bmp,.bmp,12582966,12.0001,c47995792523090bd55e7c6adc9e62b218497fc04c579011aa8d258b6cdbfe53,2048,2048,4.1943,RGB,3,75.4835,18.7007,64.0,63.6523,e0c8e0e0c0c0a0a0,ok,,
images/20260116_160628_829.bmp,images,20260116_160628_829.bmp,.bmp,12582966,12.0001,262341ff21f150cafed72dae906ff5fafc9acf27b4ef93bd46b0709a93922772,2048,2048,4.1943,RGB,3,79.4681,33.6122,225.0,150.5596,2058d820c0c0c0c0,ok,,
images/20260116_160641_733.bmp,images,20260116_160641_733.bmp,.bmp,12582966,12.0001,a6e4d392f19ca4a89e903abf70cdc0300acfec8fbcf20b98d84b72ae6ff6261c,2048,2048,4.1943,RGB,3,74.9314,38.2735,234.0,1027.7248,d0d898a89028a8c0,ok,,
images/20260116_160642_187.bmp,images,20260116_160642_187.bmp,.bmp,12582966,12.0001,b110a2585a134e7abae5ab7ac6d812276dc562bbb4fe097c40697cc5276bd26a,2048,2048,4.1943,RGB,3,78.176,36.4891,236.0,656.3258,c0c0c098d868c8c8,ok,,
images/20260116_160642_635.bmp,images,20260116_160642_635.bmp,.bmp,12582966,12.0001,5c4f3e02d8959d575c8d623fc562838927e590c11968f9bf467367e91b0d8f3d,2048,2048,4.1943,RGB,3,75.9083,28.4266,229.0,160.3508,c0c0c0c8e0c0c0d8,ok,,
images/20260116_160643_521.bmp,images,20260116_160643_521.bmp,.bmp,12582966,12.0001,e88009bdbeb1d8d85aefbcc46879838d1f82ef854c04f80adcf3dea27cb2da9a,2048,2048,4.1943,RGB,3,79.804,30.345,224.0,220.3429,c0c0e4d8d0e0d0c0,ok,,
images/20260116_160644_421.bmp,images,20260116_160644_421.bmp,.bmp,12582966,12.0001,9268dfda76eeba1855600d3f62e4e25e6d47ffc75ca7bbe20da61284a4678c98,2048,2048,4.1943,RGB,3,81.1092,31.6027,224.0,168.5357,c0c0e0e0e0e0f0f0,ok,,
images/20260116_160644_863.bmp,images,20260116_160644_863.bmp,.bmp,12582966,12.0001,070d108ebc7d027e09156240b03df69bc270e995de9ef4a2a6dea94637d61e4a,2048,2048,4.1943,RGB,3,76.9632,18.2662,63.0,66.276,c0c0e0c0c8e0c8e0,ok,,
images/20260116_160645_301.bmp,images,20260116_160645_301.bmp,.bmp,12582966,12.0001,de5739729b450d4f40e88e54f3c6293c7ab843a9c73c956e9bee4fa44f87d20c,2048,2048,4.1943,RGB,3,78.973,33.7553,225.0,85.6405,d8d8a0f09090c0e0,ok,,
images/20260116_160645_743.bmp,images,20260116_160645_743.bmp,.bmp,12582966,12.0001,54b7f40bfe082d1b0e9cbd3e559afb1c8710de08c0698c78718e4ee74ff6ad6d,2048,2048,4.1943,RGB,3,81.6798,33.3101,224.0,143.8819,c0c0e4d8d8e0c0e4,ok,,
images/20260116_160646_653.bmp,images,20260116_160646_653.bmp,.bmp,12582966,12.0001,0b4e8a109bf8a1329922b3260c231459a56d77f7d7316104d9250d55e08d264b,2048,2048,4.1943,RGB,3,76.8824,20.0176,68.0,276.8941,c0c0e0c0d8c0c490,ok,,
images/20260116_160647_097.bmp,images,20260116_160647_097.bmp,.bmp,12582966,12.0001,db81c94111966e54ce2fdcfefaaf214cfd2fba14f6f8548b1af588205017e210,2048,2048,4.1943,RGB,3,80.5707,34.3706,225.0,313.7597,c8c098d8e0d0c8c4,ok,,
images/20260116_160647_521.bmp,images,20260116_160647_521.bmp,.bmp,12582966,12.0001,3d63a7c118ee5431fdb0e06971d8eb13bd99b366f138b2d924b5bf208befe1c0,2048,2048,4.1943,RGB,3,81.2794,32.3483,223.0,47.5963,c0c0c0f0b0b0c0e0,ok,,
images/20260116_160659_111.bmp,images,20260116_160659_111.bmp,.bmp,12582966,12.0001,988bd2e0916be7fa06686c7f54bbc3e353206246a68c5311cea27a054aed554a,2048,2048,4.1943,RGB,3,78.1172,34.019,232.0,492.49,e0c0cce0e0d0d898,ok,,
images/20260116_160659_555.bmp,images,20260116_160659_555.bmp,.bmp,12582966,12.0001,b8c6dbffd73e9f52e329c200cecf24eaf63e32360b0e6f7a79c82b9eb2999716,2048,2048,4.1943,RGB,3,73.9876,21.6157,72.0,341.4597,a4c8e080c0e0c0e4,ok,,
images/20260116_160659_995.bmp,images,20260116_160659_995.bmp,.bmp,12582966,12.0001,2b8e2b65e26faa90df6a1d0da40f46fabb3861ef7119ac1e4b42e80b06391385,2048,2048,4.1943,RGB,3,79.4215,32.0232,225.0,366.0756,a898c8c8c8c8d088,ok,,
images/20260116_160700_451.bmp,images,20260116_160700_451.bmp,.bmp,12582966,12.0001,062c4e06161c41d3d5440acd6e8773d1895a4e2b7b1f222dd6fa7a12dd7349c7,2048,2048,4.1943,RGB,3,76.1546,35.7453,231.0,503.7813,c0a0c4e0d898cce0,ok,,
images/20260116_160701_365.bmp,images,20260116_160701_365.bmp,.bmp,12582966,12.0001,07b9e07b50d1864a5c1a5d67b4852fc644d00763be12122a045523e31a97bd5c,2048,2048,4.1943,RGB,3,79.3758,30.29,225.0,212.9128,d8d8c0b0b0c090a0,ok,,
images/20260116_160703_123.bmp,images,20260116_160703_123.bmp,.bmp,12582966,12.0001,ab98df8f5e4326381269d0ff690d5ead449e399817ce92b1fdacf8d954e00252,2048,2048,4.1943,RGB,3,75.9144,20.26,65.0,103.0561,f0c0e0e0c0c0c060,ok,,
images/20260116_160703_589.bmp,images,20260116_160703_589.bmp,.bmp,12582966,12.0001,12943fcbc3f6e9e34bf96fe4efd1c7c40bd6853298087fb635edebd001f8977c,2048,2048,4.1943,RGB,3,81.2232,33.5623,224.0,140.9494,5858e0e0c8b0a0c0,ok,,
images/20260116_160704_900.bmp,images,20260116_160704_900.bmp,.bmp,12582966,12.0001,d87c446152d5460b433813522157231f749a1624bc682a7f6d3532b252391895,2048,2048,4.1943,RGB,3,80.7011,31.5041,224.0,84.5088,d8c0c0c0c0c04860,ok,,
images/20260116_160705_331.bmp,images,20260116_160705_331.bmp,.bmp,12582966,12.0001,16a8a404614c6a0006ae6ed6c0fc5c8bb1e3a77ddf9b7591e46ea56d4b61acbc,2048,2048,4.1943,RGB,3,79.7721,30.0945,224.0,265.572,90b03080c0e0c0e0,ok,,
images/20260116_160705_789.bmp,images,20260116_160705_789.bmp,.bmp,12582966,12.0001,c0bf66b234c79d73c130cc5527222958e239cb015aca44237d74832f259e13b6,2048,2048,4.1943,RGB,3,81.1531,32.7633,224.0,112.4923,d0c4b0b8c4b0c8c0,ok,,
images/20260116_160706_243.bmp,images,20260116_160706_243.bmp,.bmp,12582966,12.0001,ed6f0fd183640c605e929588c94ab5260f337ddfd0b6fdbb3b79590f191aef0d,2048,2048,4.1943,RGB,3,78.2763,31.3006,225.0,229.5249,9098c0e0d8d890b0,ok,,
images/20260116_160707_573.bmp,images,20260116_160707_573.bmp,.bmp,12582966,12.0001,14cca22e63e7785b47610b3f94255e4d31e71d4d9eae7a3428d059fff15deac4,2048,2048,4.1943,RGB,3,78.6908,33.2437,225.0,46.4964,e0c0e0d8d8e0d0c0,ok,,
images/20260116_160719_145.bmp,images,20260116_160719_145.bmp,.bmp,12582966,12.0001,b13f2c3ff7f9a5ac79c333e46c41ad6cb113d68502084584d9a5a075102412f4,2048,2048,4.1943,RGB,3,71.9176,39.5703,238.0,1582.2302,88141448880c1030,ok,,
images/20260116_160719_593.bmp,images,20260116_160719_593.bmp,.bmp,12582966,12.0001,c0a176864a3f839120b912e8bf9f1841a00d35e872be2fcc414d16c05aef1143,2048,2048,4.1943,RGB,3,73.3037,23.7453,121.0,625.9618,38b0c0cc30c02060,ok,,
images/20260116_160720_043.bmp,images,20260116_160720_043.bmp,.bmp,12582966,12.0001,573bd0c2db4af3e6981d5b075f2721b6c3f715e946a1596c4d9975528833f9ad,2048,2048,4.1943,RGB,3,76.5574,30.2132,221.0,638.3564,987860304888a0c0,ok,,
images/20260116_160720_940.bmp,images,20260116_160720_940.bmp,.bmp,12582966,12.0001,02471eb638ff16f9417de347224eab1ed12d90125117e3364be42d9883f00071,2048,2048,4.1943,RGB,3,78.5472,32.8121,227.0,406.5002,d09090d05098d8c0,ok,,
images/20260116_160723_135.bmp,images,20260116_160723_135.bmp,.bmp,12582966,12.0001,f7eec05dd56762420aae850e8d9f31ee38d95209082884a89618d05401e9db8b,2048,2048,4.1943,RGB,3,78.0356,21.3902,64.0,121.6468,c0c0e0c0a060c0f0,ok,,
images/20260116_160724_031.bmp,images,20260116_160724_031.bmp,.bmp,12582966,12.0001,5959ded6b5fd64c9b4b3a77ec664b910f279276c8d13e157b586eb6dd4a283cf,2048,2048,4.1943,RGB,3,79.4838,33.3948,224.0,158.6964,e0c8d8d820a0c0e0,ok,,
images/20260116_160724_924.bmp,images,20260116_160724_924.bmp,.bmp,12582966,12.0001,59dfb8d9c8acee52fec5f29b3a0190b2550c2144daf86bb726971e079ee8d9b9,2048,2048,4.1943,RGB,3,74.0312,18.414,64.0,15.7947,e0e0c0c0e060c0c0,ok,,
images/20260116_160731_601.bmp,images,20260116_160731_601.bmp,.bmp,12582966,12.0001,f120d845ffbe426f5a3f51abff415beeb5d2120669b3cd5419a8523d042ded1d,2048,2048,4.1943,RGB,3,81.9379,32.8163,224.0,46.1501,e0e0e0d0d8d8c0e0,ok,,
images/20260116_160746_289.bmp,images,20260116_160746_289.bmp,.bmp,12582966,12.0001,b8da89a60b77c62215231151db19e32acff3c557e0cf4c5e37508542a594ae67,2048,2048,4.1943,RGB,3,78.5725,33.2216,225.0,45.4881,c0c0c0c0e0d8d8e0,ok,,
images/20260116_160753_410.bmp,images,20260116_160753_410.bmp,.bmp,12582966,12.0001,415141f3b008ce76adfe57365cebdc2ec79fabd5b8d724ca84b9107fc88076ea,2048,2048,4.1943,RGB,3,77.9601,34.076,228.0,161.4076,c0e0c0e0d8d8e4c0,ok,,
images/20260116_160754_303.bmp,images,20260116_160754_303.bmp,.bmp,12582966,12.0001,def722d46ae1d1aee79d72be4ada401720c314e38dd20204c6f7506a2b38b5ba,2048,2048,4.1943,RGB,3,79.3218,33.0437,232.0,465.5532,d8d0c0d0c8909088,ok,,
images/20260116_160754_759.bmp,images,20260116_160754_759.bmp,.bmp,12582966,12.0001,d28cd2b0c230770e9cb5c5c9921a2c4937bb019dcd2288d215a4ccbae8781dc3,2048,2048,4.1943,RGB,3,78.5957,32.4994,228.0,400.6777,4c30b8c0c0c8e0e0,ok,,
images/20260116_160755_189.bmp,images,20260116_160755_189.bmp,.bmp,12582966,12.0001,e48ea501e4e221b493b37a3490c115f43594582a848960602ff3f10c756f114a,2048,2048,4.1943,RGB,3,79.3047,34.4244,227.0,498.4291,68c8f0b09084e4c0,ok,,
images/20260116_160755_643.bmp,images,20260116_160755_643.bmp,.bmp,12582966,12.0001,3ea9028dc4a3ba8a11aaaeca4b5c417c8ca6e3fd9271e6740c8f0e6a8210cb8d,2048,2048,4.1943,RGB,3,80.0285,33.4087,225.0,130.1692,c8c0a088f0d898a0,ok,,
images/20260116_160756_085.bmp,images,20260116_160756_085.bmp,.bmp,12582966,12.0001,9bf99dc817045d98a626b88e774206871d981704060c63f0715d7f4f5d9e5cbf,2048,2048,4.1943,RGB,3,75.6755,19.4952,64.0,88.8435,a06020e0d0e0e0e0,ok,,
images/20260116_160756_971.bmp,images,20260116_160756_971.bmp,.bmp,12582966,12.0001,f6c5622ea4a04d81529cffffae1d0dfe839576c5de78c3bbf919b3261fcd3457,2048,2048,4.1943,RGB,3,72.6116,33.4404,235.0,891.6273,8868e09818c44060,ok,,
images/20260116_160757_911.bmp,images,20260116_160757_911.bmp,.bmp,12582966,12.0001,f27cd862e8b9f96a4a49d6c10b09d96b46c8a36a239adee042123e133aa01100,2048,2048,4.1943,RGB,3,78.0676,26.7962,224.0,191.0241,9880c0d0c8c8c0d0,ok,,
images/20260116_160758_749.bmp,images,20260116_160758_749.bmp,.bmp,12582966,12.0001,916c894140ca2e1a505c201b8bd040d3f0603f7d15faddb5c1044ccf78172a58,2048,2048,4.1943,RGB,3,82.4114,32.1906,223.0,59.2362,e0e4f8f0c0c0e0c0,ok,,
images/20260116_160759_212.bmp,images,20260116_160759_212.bmp,.bmp,12582966,12.0001,df61a708d77e17aac65c834e442c40280e7fe433036e37b578280d1e0219d464,2048,2048,4.1943,RGB,3,79.7266,33.2367,225.0,143.9232,c0c0602478d8a0b0,ok,,
images/20260116_160800_107.bmp,images,20260116_160800_107.bmp,.bmp,12582966,12.0001,7a01eb3eabfd69f7141621518c4232ebf1023fd9a533050bee9910b5c0ac32b3,2048,2048,4.1943,RGB,3,80.4409,27.0122,223.0,32.9972,d8e060c0c0c0c0c0,ok,,
images/20260116_160803_217.bmp,images,20260116_160803_217.bmp,.bmp,12582966,12.0001,ba288a865cf5db24524b6ca91238b123fa092426f3b69e7dd40553e0607e12ae,2048,2048,4.1943,RGB,3,81.0111,33.1681,225.0,45.9348,c0e0e0e0c0e0d0d8,ok,,
images/20260116_160803_685.bmp,images,20260116_160803_685.bmp,.bmp,12582966,12.0001,535899326fc2c2e1a32c3d64a7d69b3a8d003230e669d0d838e4ce35c8932d2a,2048,2048,4.1943,RGB,3,76.7336,20.3289,68.0,157.2897,c0c020e0c0c0e0c0,ok,,
images/20260116_160804_111.bmp,images,20260116_160804_111.bmp,.bmp,12582966,12.0001,30798fe18a0e3eab24be8b417dbd0508c3cd52b6f50f898cdd51c4a9234638d7,2048,2048,4.1943,RGB,3,79.4663,33.2134,225.0,47.4275,c0a0d8d8e0d0c0c0,ok,,
images/20260116_161048_137.bmp,images,20260116_161048_137.bmp,.bmp,12582966,12.0001,3a91f0030695d9fe605249a3fb8b6af50ee7008146ee771fee6661380b671588,2048,2048,4.1943,RGB,3,74.3846,35.2206,239.0,1073.0494,c410a4981884c0a8,ok,,
images/20260116_161048_575.bmp,images,20260116_161048_575.bmp,.bmp,12582966,12.0001,f235162d0d659912fdef2fa27d735e838d8ed854a1475f44156632f6506c779a,2048,2048,4.1943,RGB,3,71.5228,37.9515,239.0,1382.0198,2048981808581898,ok,,
images/20260116_161049_020.bmp,images,20260116_161049_020.bmp,.bmp,12582966,12.0001,8d1cf4df26f14b3a39e252ffaf0cd9b5817c13d98e6e5128ed849e1baeedff03,2048,2048,4.1943,RGB,3,70.8584,25.3748,133.0,807.7639,88d09020c4c40048,ok,,
images/20260116_161049_475.bmp,images,20260116_161049_475.bmp,.bmp,12582966,12.0001,c66fbf8207e57e257457c97bc3d429012dd624feb7b8c9857ef27e72f004d1e1,2048,2048,4.1943,RGB,3,74.4526,33.7937,237.0,894.5979,18d0c880c04cd098,ok,,
images/20260116_161049_915.bmp,images,20260116_161049_915.bmp,.bmp,12582966,12.0001,bf634e66c6ef5c1245da8fdfa8485b7678bf8f77137f067931a173ce53456ef8,2048,2048,4.1943,RGB,3,75.2194,32.0915,230.0,422.857,c4c8c8e2d8d8c0c8,ok,,
images/20260116_161101_935.bmp,images,20260116_161101_935.bmp,.bmp,12582966,12.0001,f83e0c94b4722524c384d6aa74375ac708a7e3fdfa91b172dd01e8dc00f16e54,2048,2048,4.1943,RGB,3,70.9536,34.1771,213.0,1492.5878,b070889c88286490,ok,,
images/20260116_161102_375.bmp,images,20260116_161102_375.bmp,.bmp,12582966,12.0001,ebc92e6291e852eb4cee4c8e745b1b400d3d3c4b02a0233ba9f12dfd80d0e2e3,2048,2048,4.1943,RGB,3,71.7778,34.7773,221.0,1384.0332,4850908424c8c850,ok,,
images/20260116_161102_817.bmp,images,20260116_161102_817.bmp,.bmp,12582966,12.0001,1159230e99a667746f6f24165b5ba32233d616034056772664c9f9b25c855900,2048,2048,4.1943,RGB,3,74.2602,32.8726,232.0,770.5877,9040a090d898c420,ok,,
images/20260116_161103_283.bmp,images,20260116_161103_283.bmp,.bmp,12582966,12.0001,0552e1317b31315a3fd3fa0179fda8e636b2f62d8d76bb5900c19b5d395bcc50,2048,2048,4.1943,RGB,3,76.2893,34.7777,233.0,548.8289,10888890c0c4d8d8,ok,,
images/20260116_161103_727.bmp,images,20260116_161103_727.bmp,.bmp,12582966,12.0001,4f34cd4b5af7aa432ffe172e6da3bfaa9f1ac570942e06ca2ce5d1af96d26981,2048,2048,4.1943,RGB,3,75.1469,20.3014,80.0,224.4387,90208890c0c0e0b0,ok,,
images/20260116_161104_161.bmp,images,20260116_161104_161.bmp,.bmp,12582966,12.0001,8b69800463c8d8484d360f298c57446ea4ff1103b69f558a81bfe7ea6e1a2b22,2048,2048,4.1943,RGB,3,79.0163,33.7435,226.0,155.9701,c0e0d8d8e0d0c0c4,ok,,
images/20260116_161104_595.bmp,images,20260116_161104_595.bmp,.bmp,12582966,12.0001,1e6fbd9b5fd1cfc0be8e870aa7b0f14216bcb08534564f9e4c89d60e2a2baf9d,2048,2048,4.1943,RGB,3,81.1586,33.5677,224.0,178.8807,c0c0d0c4c8c0d8d8,ok,,
images/20260116_161115_287.bmp,images,20260116_161115_287.bmp,.bmp,12582966,12.0001,e3a022b4799341b17783b8fb4dbefdb59c05bcdb8ee472c811de09c6f50272af,2048,2048,4.1943,RGB,3,72.6093,38.7873,239.0,1383.4137,1408980c18988488,ok,,
images/20260116_161115_731.bmp,images,20260116_161115_731.bmp,.bmp,12582966,12.0001,fbcf5975c78ac4a908639687bd3d9cc7cc558c52152899f0087c495f89bb6f42,2048,2048,4.1943,RGB,3,73.7233,30.592,193.0,855.3648,68c0c2c8c088d870,ok,,
images/20260116_161116_177.bmp,images,20260116_161116_177.bmp,.bmp,12582966,12.0001,db4dc16272aaf11e580d63f3e5b342dd98ac59df2ad067554a294aa870ed55ac,2048,2048,4.1943,RGB,3,76.1886,32.8501,234.0,666.3115,c8c0e0a0c08420f0,ok,,
images/20260116_161116_633.bmp,images,20260116_161116_633.bmp,.bmp,12582966,12.0001,d05c862197785f3d2937f688aba758adce5a3470b24094ca6d6d90b2a8292411,2048,2048,4.1943,RGB,3,77.0354,27.6087,183.0,423.3924,f0c0c09088c8d0e0,ok,,
images/20260116_161117_080.bmp,images,20260116_161117_080.bmp,.bmp,12582966,12.0001,a9f6656779cb89c4a7f5dc5532c9605dbf061c8aa141a22441d2ea745a170bf2,2048,2048,4.1943,RGB,3,76.7754,31.8222,229.0,354.2279,c8d8d88080c8c0e0,ok,,
images/20260116_161117_513.bmp,images,20260116_161117_513.bmp,.bmp,12582966,12.0001,e798ea21461de27224ca7954f8a99437933ecdba1d9dd445956ca0bfb4a8daf3,2048,2048,4.1943,RGB,3,80.3532,34.2136,226.0,205.5162,e0c8e8e0d8d8e0e0,ok,,
images/20260116_161118_395.bmp,images,20260116_161118_395.bmp,.bmp,12582966,12.0001,33cdf2be4cf42a86a49bc2f394b81cad864dbd506728efa6239d8aafdd1b7133,2048,2048,4.1943,RGB,3,82.1725,32.7509,223.0,93.8541,d8d8e0c0d0e0e8c0,ok,,
images/20260116_161130_421.bmp,images,20260116_161130_421.bmp,.bmp,12582966,12.0001,9e511e5203b9d14df82075ce6c226f17436119c31b59831d41296fd99baf8c03,2048,2048,4.1943,RGB,3,74.1838,31.2198,204.0,990.6954,4460888084986044,ok,,
images/20260116_161130_861.bmp,images,20260116_161130_861.bmp,.bmp,12582966,12.0001,a34205215a3fc90c1d53f1cbf93371d7eab0160235dee725bc0a5f29ecf89efd,2048,2048,4.1943,RGB,3,73.2007,30.1399,189.0,959.2579,c890c0c888c494d8,ok,,
images/20260116_161131_307.bmp,images,20260116_161131_307.bmp,.bmp,12582966,12.0001,e0d17f0a808542e3bebc3a0531fe7de149fcceec64680148e60f2eb668e02a4d,2048,2048,4.1943,RGB,3,75.3769,27.1719,171.0,344.4672,9890a0c0d0e0e0c0,ok,,
images/20260116_161131_763.bmp,images,20260116_161131_763.bmp,.bmp,12582966,12.0001,00d3c569e19ad9a0faaaadcc21e65ef3615a66f2a7ff7a8d4896d0664caf612b,2048,2048,4.1943,RGB,3,79.3354,29.6702,222.0,292.5795,e0c0d8d8e0c0e080,ok,,
images/20260116_161132_202.bmp,images,20260116_161132_202.bmp,.bmp,12582966,12.0001,140b18a2188e244ac6f94c8200554750d99ba3edc773ebc5d78d7792ff54bc7b,2048,2048,4.1943,RGB,3,74.2018,32.0058,227.0,539.123,c8e4e0e0c8c8d8e8,ok,,
images/20260116_161132_645.bmp,images,20260116_161132_645.bmp,.bmp,12582966,12.0001,0dc48813cde4d3eedb1ba09f6713adc99d72130f8dee5629489deb68c54f370d,2048,2048,4.1943,RGB,3,75.9573,20.613,68.0,317.6413,20a4e0e0c0c0c0c0,ok,,
images/20260116_161133_105.bmp,images,20260116_161133_105.bmp,.bmp,12582966,12.0001,57b663aec50c82f08e54ca800d3d6af818a2730a7eb71569ebbb1f3f7612a65c,2048,2048,4.1943,RGB,3,80.7947,33.1611,224.0,121.3736,e0d8d890c06060c0,ok,,
images/20260116_161133_551.bmp,images,20260116_161133_551.bmp,.bmp,12582966,12.0001,64653ceebcfe92d4f1a32b8abc9432a432bdb4a1c0b5c87719dfef3968dc6b48,2048,2048,4.1943,RGB,3,78.2301,27.6439,205.0,254.608,c0c0c0b09090c828,ok,,
images/20260116_161133_994.bmp,images,20260116_161133_994.bmp,.bmp,12582966,12.0001,48320c6d1d53300f80c87fd017c25b93e6d1de344bf7e2c722116383c18cba97,2048,2048,4.1943,RGB,3,81.8416,32.4315,223.0,50.9663,c0c0c0c0f0f8c4e0,ok,,
images/20260116_161134_431.bmp,images,20260116_161134_431.bmp,.bmp,12582966,12.0001,3c400319989fb46e5a380045fbccf491863aa31a186623d9d46e43c7d08a1a0e,2048,2048,4.1943,RGB,3,80.3516,33.4179,224.0,204.182,e0b0c4e0d0d0d0d8,ok,,
images/20260116_161135_325.bmp,images,20260116_161135_325.bmp,.bmp,12582966,12.0001,2f60b27f8b32e23d2ca4f92217b859ec1144cdd7965f30328203aca9932f9947,2048,2048,4.1943,RGB,3,81.9602,32.7886,224.0,89.677,e0d8d8d0e0e0e0b0,ok,,
images/20260116_161135_759.bmp,images,20260116_161135_759.bmp,.bmp,12582966,12.0001,e37953a5796fa03c3529e8aed9923b0bdc7a1eab26eeb1d1521e57a592c0ab9a,2048,2048,4.1943,RGB,3,78.0772,33.4198,227.0,49.7853,90c0e0c0e0d8d8e0,ok,,
images/20260116_161147_774.bmp,images,20260116_161147_774.bmp,.bmp,12582966,12.0001,9248f308415d27667072a66ca1db7eaec8c7292941f46022c913eed49dbce6c0,2048,2048,4.1943,RGB,3,74.5564,27.4221,171.0,757.7541,c49898c8cce480d0,ok,,
images/20260116_161148_219.bmp,images,20260116_161148_219.bmp,.bmp,12582966,12.0001,8124a8d05bb9f399b705944ed6101576bc6a33dc888b0866e965846d5c53fd66,2048,2048,4.1943,RGB,3,75.3018,33.8421,233.0,989.4898,c0c4d0902c28c8c0,ok,,
images/20260116_161148_661.bmp,images,20260116_161148_661.bmp,.bmp,12582966,12.0001,c9de028888d6ef871ac1a7d0107597b466974ae2fa8a5354d440e7a0c13cd738,2048,2048,4.1943,RGB,3,74.5598,28.522,190.0,661.519,2090c0c0d0d88890,ok,,
images/20260116_161149_123.bmp,images,20260116_161149_123.bmp,.bmp,12582966,12.0001,386c8157a804439c0ad9657a6539f3222003220107d03b3cd65fb73f9193d44e,2048,2048,4.1943,RGB,3,75.0708,26.2337,143.57,393.6749,90c8c0d0c8cce0d8,ok,,
images/20260116_161149_551.bmp,images,20260116_161149_551.bmp,.bmp,12582966,12.0001,81c7a6b8955237ec65a6fdecba64f2f2f7b8e6d53bcb645e45d54ef5d3af684b,2048,2048,4.1943,RGB,3,78.0164,32.3954,229.0,409.5193,d8e4e4d0802090c0,ok,,
images/20260116_161149_983.bmp,images,20260116_161149_983.bmp,.bmp,12582966,12.0001,e64c4431204a80bed6f1c4c9f841c2570bd10df4c167159b29cf4a05c53a4f6b,2048,2048,4.1943,RGB,3,76.4305,34.9736,229.0,315.5444,88c0a098d8d0d0c0,ok,,
images/20260116_161150_456.bmp,images,20260116_161150_456.bmp,.bmp,12582966,12.0001,ad5a0b94c32a270c70f1fd725ec9f3149db5dd56531a4b34300c8116c49390dc,2048,2048,4.1943,RGB,3,77.8579,31.524,230.0,472.5023,90e0c8c48890d8d8,ok,,
images/20260116_161150_901.bmp,images,20260116_161150_901.bmp,.bmp,12582966,12.0001,d083f7f0db67f36423317dbd45a89e613c0b695118940e829f7ece004d7e8942,2048,2048,4.1943,RGB,3,75.7667,20.475,64.0,182.8508,d0c890d0c0c0c0c8,ok,,
images/20260116_161151_775.bmp,images,20260116_161151_775.bmp,.bmp,12582966,12.0001,e6c5f7c199cd7295e837d0789d0b8896f848877340ebdb86ea5f036955a8d34c,2048,2048,4.1943,RGB,3,81.4376,32.7407,224.0,88.1115,c0f0f8c0e0e0c0c8,ok,,
images/20260116_161152_251.bmp,images,20260116_161152_251.bmp,.bmp,12582966,12.0001,e695bd7c8cb3e62db53bf642c61221870aa42c969b1eca0c6685fb141a92f10a,2048,2048,4.1943,RGB,3,79.637,33.0454,224.0,155.078,c0c0c0e0d8d8a0d8,ok,,
images/20260116_161152_679.bmp,images,20260116_161152_679.bmp,.bmp,12582966,12.0001,40970a24b2cb9bef533ca3d76e9df2713551b200ab58d71794fea488ef56329c,2048,2048,4.1943,RGB,3,79.4784,31.6203,225.0,77.0068,c0f0c0c0c0b0b0d8,ok,,
images/20260116_161153_131.bmp,images,20260116_161153_131.bmp,.bmp,12582966,12.0001,3d7eda9446bef4dd5fd4676e3aa8c6912427356612ec5959baf656eba09e3ad9,2048,2048,4.1943,RGB,3,78.4636,21.565,62.0,26.0215,d8e0c0e0d0d0e0c0,ok,,
images/20260116_161153_572.bmp,images,20260116_161153_572.bmp,.bmp,12582966,12.0001,884b418399d02bd489e3f4ac2c3c25e19c8cec34029d94240518f2ded4830fb0,2048,2048,4.1943,RGB,3,78.8268,33.173,225.0,45.6889,c0c0d8d8e0c0c0c0,ok,,
images/20260116_161312_432.bmp,images,20260116_161312_432.bmp,.bmp,12582966,12.0001,3236cfb22de3e5f38ad80627d8ff0d95a26025358cad45a357b5603d69d2bdf1,2048,2048,4.1943,RGB,3,81.2088,32.45,224.0,45.8612,d0c4b0f0c0e0c0c0,ok,,
images/20260116_161313_334.bmp,images,20260116_161313_334.bmp,.bmp,12582966,12.0001,bfefea0eb41d5f5f3daaedb0a3e004b1caa9a46ef27d861b57066c955a1ea337,2048,2048,4.1943,RGB,3,77.2755,36.3049,233.0,650.5812,c0c818b080d8d8d8,ok,,
images/20260116_161314_255.bmp,images,20260116_161314_255.bmp,.bmp,12582966,12.0001,0bb69134fb0d28fb01436c723c4ebebf7cfb4c5ed6fcc25fd494145d3da00eeb,2048,2048,4.1943,RGB,3,77.345,30.8748,230.0,557.8954,c8d8c840b0a0a8a0,ok,,
images/20260116_161314_689.bmp,images,20260116_161314_689.bmp,.bmp,12582966,12.0001,05f57bdcdb084debaa2d067fa587c452811a669ff654cd3928be65d3b5efb858,2048,2048,4.1943,RGB,3,73.8667,34.9717,235.0,884.5013,a0c0d02498d884a8,ok,,
images/20260116_161315_126.bmp,images,20260116_161315_126.bmp,.bmp,12582966,12.0001,378bc8feb32fc3743b60821193c3a8a98c26f08757f31e5d49ea5ee03e10f440,2048,2048,4.1943,RGB,3,75.1055,21.6871,86.0,399.0922,e4e090c0e4a480d0,ok,,
images/20260116_161315_563.bmp,images,20260116_161315_563.bmp,.bmp,12582966,12.0001,64bb6192ef4abd1b547ac7fe2786666b74aa4893325b5a02edc2ab7964b97cfb,2048,2048,4.1943,RGB,3,80.0716,34.1406,226.0,253.4987,d8d8c4d0c0c0e0c8,ok,,
images/20260116_161316_023.bmp,images,20260116_161316_023.bmp,.bmp,12582966,12.0001,e82dbdf502e3e36445ae7c7c828140c050eeee4fb07b2d73fd38042842b2bf23,2048,2048,4.1943,RGB,3,79.6037,32.7991,226.0,236.3132,a4b0f0c8c0c0e4e8,ok,,
images/20260116_161316_453.bmp,images,20260116_161316_453.bmp,.bmp,12582966,12.0001,1eac216bb50430b24d005a7b14585e42eda49342f14ccfa0260c00c58ed4c22f,2048,2048,4.1943,RGB,3,76.8942,28.8047,199.0,559.2493,e8a084d8d0c0e0e4,ok,,
images/20260116_161317_791.bmp,images,20260116_161317_791.bmp,.bmp,12582966,12.0001,cf88b1ab10e5402c3a971d24f426e5da7ff56d0aeef5ee176cb6e0264c89171a,2048,2048,4.1943,RGB,3,81.1356,32.8361,224.0,192.6818,d8d8c090c090a0c0,ok,,
images/20260116_161318_698.bmp,images,20260116_161318_698.bmp,.bmp,12582966,12.0001,9db05cc91d7dcc72600d461c3fc37acb09a13513c296748d5798470adc263d8c,2048,2048,4.1943,RGB,3,77.8996,19.0179,62.0,27.9571,c0c0c0c0c0c0a0b0,ok,,
images/20260116_161332_022.bmp,images,20260116_161332_022.bmp,.bmp,12582966,12.0001,6ce947ec5636edc6a2b90d83af3f7f91a0fc4097303ce79d8c769fe1f027f38d,2048,2048,4.1943,RGB,3,70.1445,27.5118,149.0,1018.3123,90c0c08858c08280,ok,,
images/20260116_161332_917.bmp,images,20260116_161332_917.bmp,.bmp,12582966,12.0001,96069445bc4c6a9c247aa7891bd0a43503f006e97cd80952108b8b5640c5a49f,2048,2048,4.1943,RGB,3,74.9258,32.0468,219.0,809.3216,6028c8908418d8c8,ok,,
images/20260116_161333_368.bmp,images,20260116_161333_368.bmp,.bmp,12582966,12.0001,8bacd87e84b4e05e5ea38d2869ad24d4ff75e55f8902473417bbdb89e0400988,2048,2048,4.1943,RGB,3,75.2629,32.4537,232.0,699.4416,c880c84024c8c8b0,ok,,
images/20260116_161333_831.bmp,images,20260116_161333_831.bmp,.bmp,12582966,12.0001,dbd2596566c07198f2bb01328860242e459634a435875218e89ff3bb271558e8,2048,2048,4.1943,RGB,3,77.4666,19.745,63.0,111.705,d0c0c0c0c0c0c0c0,ok,,
images/20260116_161334_712.bmp,images,20260116_161334_712.bmp,.bmp,12582966,12.0001,fc41fcb3bd6e145f33189587ab285cba5bd0d1ac205e425753c08a7e7ca65bfa,2048,2048,4.1943,RGB,3,79.4032,33.4344,224.0,127.0967,d0e0d8d880b0e0c0,ok,,
images/20260116_161335_149.bmp,images,20260116_161335_149.bmp,.bmp,12582966,12.0001,c438b50b1df6acbbb5d64011d272602f3045d0d04af0f01b67779816804b4d96,2048,2048,4.1943,RGB,3,80.7214,33.3465,225.0,95.3725,c0c0e0e0c0d8d8e0,ok,,
images/20260116_161336_935.bmp,images,20260116_161336_935.bmp,.bmp,12582966,12.0001,dc28c59189d4eac7655048f3d57d4f1bfd70be1a7ccc105848ff93036e45f315,2048,2048,4.1943,RGB,3,80.7526,32.5413,224.0,43.838,c0c0c0c0d0c4b0b0,ok,,
images/20260116_161337_371.bmp,images,20260116_161337_371.bmp,.bmp,12582966,12.0001,5ea27caf49f5702e412bb985451933194b268d507e70dc1c2912cc4a52af59c0,2048,2048,4.1943,RGB,3,77.724,17.8166,62.0,42.7032,c0e0e0c0c0e0c0e0,ok,,
images/20260116_161337_823.bmp,images,20260116_161337_823.bmp,.bmp,12582966,12.0001,1cce147cc13dbb76c81f384d7ab24016b74e25ef4b2395f161f94896604994c8,2048,2048,4.1943,RGB,3,81.4303,32.1534,223.0,39.9999,f8f0c0c8c0c0c0a0,ok,,
images/20260116_161338_280.bmp,images,20260116_161338_280.bmp,.bmp,12582966,12.0001,9f398dcf3c8fcadced8450076e5ca81ef8d9c259ab248f995d0581db274dd6e1,2048,2048,4.1943,RGB,3,79.1752,33.4639,225.0,123.0979,e0e0d8d8a0c02020,ok,,
images/20260116_161338_725.bmp,images,20260116_161338_725.bmp,.bmp,12582966,12.0001,960c218a3677595acd18a1f372586d5ce9a6c419c993e16cfa59be05fc7587ca,2048,2048,4.1943,RGB,3,80.6473,34.2522,225.0,230.9422,c0e0c0a020d8d890,ok,,
images/20260116_161352_046.bmp,images,20260116_161352_046.bmp,.bmp,12582966,12.0001,d146f35b1875ebd9f8b718fb8d6ed374fb1d4f827ad7e2f75ab54b754d6b81be,2048,2048,4.1943,RGB,3,73.2292,23.7509,119.0,690.5322,e0e4c094cccc80a8,ok,,
images/20260116_161352_493.bmp,images,20260116_161352_493.bmp,.bmp,12582966,12.0001,d264463e7768ef2b28aba6cebf5e1662af58933ab03118e81a14d0b9d84e149a,2048,2048,4.1943,RGB,3,75.5446,38.2249,237.0,855.847,d89890c0c8c884c8,ok,,
images/20260116_161353_841.bmp,images,20260116_161353_841.bmp,.bmp,12582966,12.0001,ba06c00e548b2b64500a73935621bf901a85895c99b79268f41de79762b2f3ad,2048,2048,4.1943,RGB,3,74.9634,22.611,97.0,506.206,e0ccd0e8e0c2c0c8,ok,,
images/20260116_161354_274.bmp,images,20260116_161354_274.bmp,.bmp,12582966,12.0001,394a64e4ba7f03563f49d03b4d1f779f78d39f190cf9080798009b591f6cc483,2048,2048,4.1943,RGB,3,77.1486,31.6127,230.0,536.5724,c0c4d8d8c498a028,ok,,
images/20260116_161354_743.bmp,images,20260116_161354_743.bmp,.bmp,12582966,12.0001,198a914f0d6459e510e63dc7207a4660309b2fca557e5a6a45252170baf5fd6e,2048,2048,4.1943,RGB,3,78.8064,32.719,228.0,379.3826,90c0d8d8f8e0c0e4,ok,,
images/20260116_161355_172.bmp,images,20260116_161355_172.bmp,.bmp,12582966,12.0001,fa9afbabae12743613035cd98b95d974718844c7720ce694e54c8e7991424b3c,2048,2048,4.1943,RGB,3,79.7533,32.1818,225.0,297.9527,c89080c0c0f8f8c0,ok,,
images/20260116_161355_629.bmp,images,20260116_161355_629.bmp,.bmp,12582966,12.0001,83a5ab0b9a3b21b0c5b1839e44651fb4b1bdd1d929c7fdc5f230a050ae2de19c,2048,2048,4.1943,RGB,3,78.2871,25.1446,166.0,79.9441,e0e0e4c0c0c0e0d8,ok,,
images/20260116_161356_064.bmp,images,20260116_161356_064.bmp,.bmp,12582966,12.0001,440ea0e134354e6561bd3226ba511b93a96c146c0c0e7e8a780e8038cc90842f,2048,2048,4.1943,RGB,3,76.2039,25.4168,151.0,175.5005,d080b0c090c0e0c0,ok,,
images/20260116_161356_959.bmp,images,20260116_161356_959.bmp,.bmp,12582966,12.0001,f5e8f6fe8d86b5fd94f3d5ac7a95f09f9e7010e7a12be5a0f83d8a8d9474d406,2048,2048,4.1943,RGB,3,76.4741,32.0786,229.0,223.0548,8080d0e0e0d0d8d8,ok,,
images/20260116_161357_395.bmp,images,20260116_161357_395.bmp,.bmp,12582966,12.0001,01dfb31bff076935a0a92db6307a30d4fad3c9e59c5436abf75c2513a07fe477,2048,2048,4.1943,RGB,3,77.2818,18.2088,62.0,63.4499,a0b0a0e0d0c0c0c0,ok,,
images/20260116_161410_311.bmp,images,20260116_161410_311.bmp,.bmp,12582966,12.0001,19a7264f321dda796d6070296b4de323620d01e25236c55223bb7081305eab9e,2048,2048,4.1943,RGB,3,74.5644,20.7317,67.0,197.4519,e0c0c0c0e0c0d098,ok,,
images/20260116_161411_225.bmp,images,20260116_161411_225.bmp,.bmp,12582966,12.0001,8a7be26a13f0db24ce38c0aff09313444774b0b4713032851338f1bf786fb0a9,2048,2048,4.1943,RGB,3,71.2387,34.6144,231.0,1099.0578,90c0c2c8d8c08498,ok,,
images/20260116_161411_667.bmp,images,20260116_161411_667.bmp,.bmp,12582966,12.0001,f197f7a20a392d59760d1f40be44c01dc140a7bd9bc569f60612978cb7168744,2048,2048,4.1943,RGB,3,69.1785,32.0586,186.0,1587.0585,a48488881088c090,ok,,
images/20260116_161412_105.bmp,images,20260116_161412_105.bmp,.bmp,12582966,12.0001,48b8080085fadded30ff7766f195b801dbf02285c87e3141047992b6a9bda2eb,2048,2048,4.1943,RGB,3,74.2021,30.3625,212.0,712.4761,9888c82880d0c0d0,ok,,
images/20260116_161412_541.bmp,images,20260116_161412_541.bmp,.bmp,12582966,12.0001,7e6cd7d6f39e72de42fd038ee7da018eff6ff390d2007612fd7251d717dd2414,2048,2048,4.1943,RGB,3,78.8847,31.6548,225.0,355.4433,a4b8d0c8e0c0c4e0,ok,,
images/20260116_161412_983.bmp,images,20260116_161412_983.bmp,.bmp,12582966,12.0001,4ebe72fee7b1044a186466eaee4aa54c2918d7f9ffe0ca5f1d8576a75d319525,2048,2048,4.1943,RGB,3,81.9237,32.7888,224.0,98.6893,a0e4f0f8c4f0e0c0,ok,,
images/20260116_161417_433.bmp,images,20260116_161417_433.bmp,.bmp,12582966,12.0001,2f7d972e8d46dab17c212f7b27f459dcb3b8cf301c36edc1775391dde58c0386,2048,2048,4.1943,RGB,3,79.4146,29.8291,225.0,29.2926,c0c0c0c0c0c0e0d8,ok,,
images/20260116_161425_003.bmp,images,20260116_161425_003.bmp,.bmp,12582966,12.0001,ebf404289502eb5d453e0dec6cba23968b0d98a48b84a0a470360bda21bafe34,2048,2048,4.1943,RGB,3,69.7712,26.8171,148.0,1025.8213,c8c04444c0c424b0,ok,,
images/20260116_161425_453.bmp,images,20260116_161425_453.bmp,.bmp,12582966,12.0001,97705c71314bd0099d37ca8d6cbeefce0afaa6088c90ec6a43969238945ce5b9,2048,2048,4.1943,RGB,3,71.0757,33.2129,202.0,1296.944,a088d8e480c8c084,ok,,
images/20260116_161425_901.bmp,images,20260116_161425_901.bmp,.bmp,12582966,12.0001,b32e76e8ab8925096cffda9be982e9a8ddb9e75f7339dbcee5dc626d97f8c3a9,2048,2048,4.1943,RGB,3,76.435,34.7277,238.0,762.8869,90c8c8c86258d8c0,ok,,
images/20260116_161426_351.bmp,images,20260116_161426_351.bmp,.bmp,12582966,12.0001,4500b5c0b7fa5537b480921cc34f23a91bcbafaa97f1ac3ce61acd2c4d87e797,2048,2048,4.1943,RGB,3,79.2655,33.1484,225.0,263.0366,90a090c0c0c8e0b0,ok,,
images/20260116_161426_797.bmp,images,20260116_161426_797.bmp,.bmp,12582966,12.0001,1d187a4b65b274ea4deaecf516a9a44785697c5d25a107a2d4add0053d9a8bad,2048,2048,4.1943,RGB,3,75.6137,19.5277,65.0,223.3482,c0cce0e888c8e0d8,ok,,
images/20260116_161427_232.bmp,images,20260116_161427_232.bmp,.bmp,12582966,12.0001,413799ace4f6d6af487f1ec2a4bfd4ff8364824de57320dd7a613891d244b83a,2048,2048,4.1943,RGB,3,80.9467,32.595,228.0,155.0741,d8f0c4c020e0c0c0,ok,,
images/20260116_161427_678.bmp,images,20260116_161427_678.bmp,.bmp,12582966,12.0001,a11de34cf260a62a9ee8ca8656dd39611032555724e3ef8ef21b97c0d5bb817d,2048,2048,4.1943,RGB,3,79.0494,33.6262,225.0,159.6919,90c0d8d880b0e0c0,ok,,
images/20260116_161516_953.bmp,images,20260116_161516_953.bmp,.bmp,12582966,12.0001,bc7979452b801f8d8347c14fb167d8dfade57b33f38bb131ad68de223f09cbf1,2048,2048,4.1943,RGB,3,69.8133,35.242,230.57,1526.8346,2090044084f89824,ok,,
images/20260116_161517_388.bmp,images,20260116_161517_388.bmp,.bmp,12582966,12.0001,fb1d89c1382614e8fc866760d51dd2742bc96b329765b5873f338a9e058c9942,2048,2048,4.1943,RGB,3,71.302,25.5167,137.0,766.2439,2010c008e0d09088,ok,,
images/20260116_161517_847.bmp,images,20260116_161517_847.bmp,.bmp,12582966,12.0001,79eb5796e0ec8f81e5148822f3930c651e78a28a9445564a30b12f3eeb16b26d,2048,2048,4.1943,RGB,3,77.3172,30.2565,210.0,559.8467,d8d888c8e0c0c8c8,ok,,
images/20260116_161518_300.bmp,images,20260116_161518_300.bmp,.bmp,12582966,12.0001,f8f51c488e63701b0ec4ded146b7fbb51ec5e01461d1367ed6e32d5d2b94c207,2048,2048,4.1943,RGB,3,75.7151,34.6132,230.0,418.7561,e4c8c888d8c8a0b0,ok,,
images/20260116_161518_745.bmp,images,20260116_161518_745.bmp,.bmp,12582966,12.0001,b1b68f75fa0783ee6c730f102d4942a47c9bb23a1e465bdad4f325d54e42675c,2048,2048,4.1943,RGB,3,76.742,19.4187,67.0,191.4532,d0c8c8c0c0c0c0c0,ok,,
images/20260116_161519_179.bmp,images,20260116_161519_179.bmp,.bmp,12582966,12.0001,3d8a5df8b7741773612a0902cbb75e005dd3dc1cab245c0d990bddf15eeb7965,2048,2048,4.1943,RGB,3,79.2709,29.3003,224.0,159.4036,d0b0a0c0c090e0c4,ok,,
images/20260116_161524_523.bmp,images,20260116_161524_523.bmp,.bmp,12582966,12.0001,324e0a9740f100e043124a5b30bcfbc689a3b800521913e68ac229e44964801a,2048,2048,4.1943,RGB,3,78.36,26.8265,224.0,27.5812,c0c0e0c0c0e0e0d8,ok,,
images/20260116_161529_873.bmp,images,20260116_161529_873.bmp,.bmp,12582966,12.0001,7f284f6bb3970dd1ac94851f5c2680e39cbcccd71baa26f415d05f914da43881,2048,2048,4.1943,RGB,3,74.5783,23.7099,116.57,479.1906,c0c8c0e4e4c0c4f0,ok,,
images/20260116_161530_309.bmp,images,20260116_161530_309.bmp,.bmp,12582966,12.0001,1e68f24b63aa27be7e26d30cc76f82fe47cd27342e289740632880e5eaf96db9,2048,2048,4.1943,RGB,3,77.4865,32.1758,232.0,508.8184,b0c8e0c0c4c860c0,ok,,
images/20260116_161530_776.bmp,images,20260116_161530_776.bmp,.bmp,12582966,12.0001,236e7e4f17caf233ae1a428e7f2aeff0b1726884f58b7a3b7b7f11df713a3333,2048,2048,4.1943,RGB,3,75.2946,29.4543,187.0,762.3222,c0b0b0c0c0d080c4,ok,,
images/20260116_161531_665.bmp,images,20260116_161531_665.bmp,.bmp,12582966,12.0001,16f57e9eaba0b03ea9f85383ab1733ec380c0215446435f18c8039c0563af1ae,2048,2048,4.1943,RGB,3,74.8659,36.8318,237.0,942.7552,c0e0c08484c4d898,ok,,
images/20260116_161532_112.bmp,images,20260116_161532_112.bmp,.bmp,12582966,12.0001,f4ae9b7d7335038a8c97787cbebfdf9288721ce125ebd8540acb61547be0dd00,2048,2048,4.1943,RGB,3,74.1853,21.6734,85.0,428.2502,c8d8e090c8e0d0a0,ok,,
images/20260116_161532_551.bmp,images,20260116_161532_551.bmp,.bmp,12582966,12.0001,7939d07b8c66f45fa37b13ae35fc3b341b506711cc45c5ed30521e4fe6368340,2048,2048,4.1943,RGB,3,77.345,30.7035,226.0,237.104,b0c0d8c8e4c0d0e4,ok,,
images/20260116_161532_995.bmp,images,20260116_161532_995.bmp,.bmp,12582966,12.0001,7a4562fba6c92a0fece23aa04e708d25337abd0697f0aeba9d64a393211c97fd,2048,2048,4.1943,RGB,3,81.0187,32.3067,224.0,139.2521,c0e4c0c0c0d8d8e0,ok,,
images/20260116_161533_433.bmp,images,20260116_161533_433.bmp,.bmp,12582966,12.0001,09d70002afe248b9c37ac2c7461c19ff24ccca441c56a980a7f16ca650969b9e,2048,2048,4.1943,RGB,3,79.5482,30.1474,224.0,84.9736,c0e0d0d0e0d0c0b0,ok,,
images/20260116_161533_886.bmp,images,20260116_161533_886.bmp,.bmp,12582966,12.0001,ce918a5883b6343fd9a3bc013edaae6f3216b3b14e8cceffa311689e883577ff,2048,2048,4.1943,RGB,3,77.8075,23.3858,67.0,132.4549,f0c0c0c0c0c0e0e0,ok,,
images/20260116_161534_354.bmp,images,20260116_161534_354.bmp,.bmp,12582966,12.0001,5961118cb8d410ae398c1c597864ab681464f19fdf5ef1cc16b7efc25a91d4ad,2048,2048,4.1943,RGB,3,81.2171,33.1418,224.0,188.2713,f0f8c4e0e0c8c0c0,ok,,
images/20260116_161534_781.bmp,images,20260116_161534_781.bmp,.bmp,12582966,12.0001,0d5a846aef7832b5524695e4a62121b09ce7afcf0c322539b1ce49fdd5e192fd,2048,2048,4.1943,RGB,3,79.2943,33.2455,225.0,136.277,e0b0d0d8908ce0c0,ok,,
images/20260116_161546_357.bmp,images,20260116_161546_357.bmp,.bmp,12582966,12.0001,208f750d2549eca66e82a1b935408d1d365346ab0fad4a59e5f7f4c69b939b27,2048,2048,4.1943,RGB,3,71.8273,22.6081,94.0,463.0798,e4c0c4c8a0c8d0c0,ok,,
images/20260116_161546_801.bmp,images,20260116_161546_801.bmp,.bmp,12582966,12.0001,e1d5e6115ba6d758ff72dbbc82f481d4d96362a2dc3be6845b2af0877f66b383,2048,2048,4.1943,RGB,3,76.2801,30.1634,210.57,635.9516,d8c4d090988880c0,ok,,
images/20260116_161547_227.bmp,images,20260116_161547_227.bmp,.bmp,12582966,12.0001,bcc352939ba64bf718b84f2f103ec2622545d9ea774506965cb91e5ff81d599c,2048,2048,4.1943,RGB,3,79.1827,35.1073,228.0,480.4495,60d0e09898c400d8,ok,,
images/20260116_161548_575.bmp,images,20260116_161548_575.bmp,.bmp,12582966,12.0001,f63499f46d4a50fca104618a6969b5ebe5011f5869461c3bc85b80e6ffb8cf43,2048,2048,4.1943,RGB,3,73.9093,22.4449,98.0,501.9462,c0e4c0acc044c8c0,ok,,
images/20260116_161549_006.bmp,images,20260116_161549_006.bmp,.bmp,12582966,12.0001,3a93e18061f8eafbef9fa519da1b1ffd831bb22cc640ca8c291d3c0d362aee76,2048,2048,4.1943,RGB,3,75.675,35.0677,232.0,666.2137,d8d88c90e0c0c090,ok,,
images/20260116_161549_451.bmp,images,20260116_161549_451.bmp,.bmp,12582966,12.0001,499af8c01a97a4ef11c9cdb718d85b302e0c4876230b57f76e18bb1bfc82a857,2048,2048,4.1943,RGB,3,79.6375,31.7119,226.0,323.196,e0e0e0d8d8e0e0c8,ok,,
images/20260116_161550_344.bmp,images,20260116_161550_344.bmp,.bmp,12582966,12.0001,35cb45558032c77d1612dbaef4c58d3043de618833ebccdd23c58c09e33cf4ba,2048,2048,4.1943,RGB,3,78.1377,27.3959,216.0,281.9261,d8e0c480e0c0c8d8,ok,,
images/20260116_161550_834.bmp,images,20260116_161550_834.bmp,.bmp,12582966,12.0001,0c3c47a6c475faa9167819c75b93f53d7cb25ece332328bad60d8f5a3e02fb28,2048,2048,4.1943,RGB,3,81.0737,33.3852,224.0,139.9352,c0c0e4d8d8e4e4c0,ok,,
images/20260116_161551_248.bmp,images,20260116_161551_248.bmp,.bmp,12582966,12.0001,9e884b9ba5e3481c044eded47a1223e0227ec722e21a72a1e076bdde25028868,2048,2048,4.1943,RGB,3,80.8512,32.4024,224.0,43.7595,c0c0d0c4f0b0c4e0,ok,,
images/20260116_161551_698.bmp,images,20260116_161551_698.bmp,.bmp,12582966,12.0001,f9ea8ce9db9b2a8894807c1122b7fec8cc37a2ddee9eb0234b2c2c221b11f899,2048,2048,4.1943,RGB,3,81.8103,32.3107,224.0,43.6534,c0e0c0e0c0f0f8f0,ok,,
images/20260116_161605_473.bmp,images,20260116_161605_473.bmp,.bmp,12582966,12.0001,b25496a267d417aabaa0719930605edc4dc59d848b7df2de936c64d840e8e1e3,2048,2048,4.1943,RGB,3,74.9502,31.3351,212.0,745.9925,f0c8b0b0ccd0c4c4,ok,,
images/20260116_161605_914.bmp,images,20260116_161605_914.bmp,.bmp,12582966,12.0001,666efa413f9e18552681635d5bd11b17fa71b48540b95f203823c706e422561f,2048,2048,4.1943,RGB,3,76.3914,30.9705,232.0,640.1618,8084e0f0d0c8c8e0,ok,,
images/20260116_161606_370.bmp,images,20260116_161606_370.bmp,.bmp,12582966,12.0001,52e7bd69897ac74734a6d149edcba34e3efe57b9f2727809237142c2146f6051,2048,2048,4.1943,RGB,3,76.9143,33.1217,233.0,574.428,e0c0e0c0c8c0d888,ok,,
images/20260116_161606_832.bmp,images,20260116_161606_832.bmp,.bmp,12582966,12.0001,c488682e3d720482b2933e4cf58ccbd5c007b3954033a43708bc23714f6f66b1,2048,2048,4.1943,RGB,3,73.3092,23.6649,102.0,521.9976,a0e0c0e0c0c4c0c0,ok,,
images/20260116_161607_252.bmp,images,20260116_161607_252.bmp,.bmp,12582966,12.0001,ed391f6d0dcecfe083b10bb83d8593fce00740b8e3a757adbe0f4c9538a7b766,2048,2048,4.1943,RGB,3,80.248,30.4377,223.0,212.7039,c4d8f0c0d0e0c0b0,ok,,
images/20260116_161608_151.bmp,images,20260116_161608_151.bmp,.bmp,12582966,12.0001,7282d149744a606656826f2bd7f18824ab202d3c55e64f61ab3740a8a3f84381,2048,2048,4.1943,RGB,3,77.284,18.0941,63.0,63.723,c0c0c0c0c0c8c8e0,ok,,
images/20260116_161608_601.bmp,images,20260116_161608_601.bmp,.bmp,12582966,12.0001,64138e8a37a07bcc815159dddc39be33d9f82e073a43835298d1c7fa3934c148,2048,2048,4.1943,RGB,3,77.6901,32.3747,231.0,423.8432,d8d8ccc8c8d0e060,ok,,
images/20260116_161609_044.bmp,images,20260116_161609_044.bmp,.bmp,12582966,12.0001,4617c50af7cec5ec98b80f96f8cfd739d724c0359fe75c422f576b91620d3817,2048,2048,4.1943,RGB,3,78.5993,32.8931,231.0,309.8663,9098b0d8cce0c0c0,ok,,
images/20260116_161621_513.bmp,images,20260116_161621_513.bmp,.bmp,12582966,12.0001,0174a9c65e7d62dfb424c90450bf84aa1111591db8472f90aa2b312a0baa6215,2048,2048,4.1943,RGB,3,72.5054,26.9963,146.0,913.5724,e0e88090a0c0c8c0,ok,,
images/20260116_161621_960.bmp,images,20260116_161621_960.bmp,.bmp,12582966,12.0001,f3a56e98251e37d068f4547875a8cf31946453e1d8d33445da29070c9f6f6428,2048,2048,4.1943,RGB,3,73.9733,29.049,199.0,529.368,c0c0d8c860b0a0c0,ok,,
images/20260116_161622_390.bmp,images,20260116_161622_390.bmp,.bmp,12582966,12.0001,ced63c614e81206a415bef60b571049f55fee70d4050bd871830a98b310958dc,2048,2048,4.1943,RGB,3,77.5559,32.9724,229.0,620.4111,e084c8a0a0cc90d8,ok,,
images/20260116_161622_847.bmp,images,20260116_161622_847.bmp,.bmp,12582966,12.0001,3d61dcef43faaea3fe6c6deaa5a0b5793a32a320236902f26e82e994b489d288,2048,2048,4.1943,RGB,3,73.7362,23.4922,124.0,623.4253,30c484a4c090c070,ok,,
images/20260116_161623_289.bmp,images,20260116_161623_289.bmp,.bmp,12582966,12.0001,37e6d17f45b246095543b9eb368370f7dd0543321d414ee23f6749ddedd6f26a,2048,2048,4.1943,RGB,3,77.1598,24.2675,134.0,270.836,70c0e0c0c8ac28e0,ok,,
images/20260116_161623_738.bmp,images,20260116_161623_738.bmp,.bmp,12582966,12.0001,2187eb9b4e609af6a4a7ffa2695a9a2b68532083844940ab5b2c4ebffaa78eb9,2048,2048,4.1943,RGB,3,80.3037,34.1982,226.0,344.1242,e4f0f0c0d09088d0,ok,,
images/20260116_161624_173.bmp,images,20260116_161624_173.bmp,.bmp,12582966,12.0001,ba4805d3473dcb772db432e35d692edd40917023c3011718ca9498e9fdcc8dab,2048,2048,4.1943,RGB,3,78.8073,34.0571,225.0,248.1154,c0c080d8d8a4c0c0,ok,,
images/20260116_161625_065.bmp,images,20260116_161625_065.bmp,.bmp,12582966,12.0001,a5ed01d2e88715670913ff7f2b3387dba784da4c3306e42149f741332d7c6450,2048,2048,4.1943,RGB,3,75.6297,19.2189,64.0,91.5568,e0e0e0c8c0e0c0c8,ok,,
images/20260116_161625_981.bmp,images,20260116_161625_981.bmp,.bmp,12582966,12.0001,d6130f9cd071806db7807af25a3753ebc72c2581e3c6ed3e88c19c085b7bea60,2048,2048,4.1943,RGB,3,81.4405,32.8124,224.0,55.1063,e8c0e0e0c0d058f0,ok,,
images/20260116_161626_403.bmp,images,20260116_161626_403.bmp,.bmp,12582966,12.0001,109286eb5a7fe53d290d3f535c4efccb0f58f8d5921adc9d20a96a811ca4e932,2048,2048,4.1943,RGB,3,78.9988,28.6349,224.0,102.7458,c0c0e098d090c0f0,ok,,
images/20260116_161626_853.bmp,images,20260116_161626_853.bmp,.bmp,12582966,12.0001,4c55c858765bec19a715a4cbea1b0f131d47c2a44c1aa64b89a692f6ab023e14,2048,2048,4.1943,RGB,3,78.0718,24.4298,93.0,130.1571,90c0e0d0d0e0c0e0,ok,,
images/20260116_161627_302.bmp,images,20260116_161627_302.bmp,.bmp,12582966,12.0001,23d7f1422518548c10d35c5cb761fa52bc6b1b8d12a9920fd8f7b307aeb4ae2b,2048,2048,4.1943,RGB,3,81.4697,32.4752,224.0,92.6868,d8f8e0e0e0c0e0c0,ok,,
images/20260116_163002_314.bmp,images,20260116_163002_314.bmp,.bmp,12582966,12.0001,c4ec055609addd18234138d561eac4f2354f764d03bcbababb3c620343ffe0ba,2048,2048,4.1943,RGB,3,67.4409,32.3208,184.0,1839.2788,2c98a428109088c0,ok,,
images/20260116_163002_748.bmp,images,20260116_163002_748.bmp,.bmp,12582966,12.0001,94d06cd9c24f6ef8b3ec855724624010ab164b3473b9827c7906fe097abc92d5,2048,2048,4.1943,RGB,3,71.1094,27.1875,158.0,981.4412,488808208ccca0e0,ok,,
images/20260116_163003_202.bmp,images,20260116_163003_202.bmp,.bmp,12582966,12.0001,d35c4185c9a5bc21aefe7d5c80f042ebf62b685a69c36a3bb51f2c727b566002,2048,2048,4.1943,RGB,3,73.7879,35.2308,236.0,1085.7852,9098049024984424,ok,,
images/20260116_163003_658.bmp,images,20260116_163003_658.bmp,.bmp,12582966,12.0001,6ee1992567501c7957606725edd47ab54cfb6d9fea5a04b72ee18deec63bf9d3,2048,2048,4.1943,RGB,3,74.1391,34.6109,236.0,754.927,84c8d8d8c45894b4,ok,,
images/20260116_163004_092.bmp,images,20260116_163004_092.bmp,.bmp,12582966,12.0001,fcfd5e68a0ab1d9f979bc237e6c4e4d53e1c14477d05298bdd2cbe21aa8fab20,2048,2048,4.1943,RGB,3,77.8444,35.1236,232.0,551.8146,80c8d0e0c8e09898,ok,,
images/20260116_163011_675.bmp,images,20260116_163011_675.bmp,.bmp,12582966,12.0001,77bba73720b03ef2f2cb9e83284d218a69aa6661233087cae7f7cf9c4a4433e0,2048,2048,4.1943,RGB,3,66.5351,29.0063,161.0,1390.008,9898c0c08080c88c,ok,,
images/20260116_163012_120.bmp,images,20260116_163012_120.bmp,.bmp,12582966,12.0001,0c4a2aeea9ef557bf7051ca1eb89677c3fb14b9676e190c68a28d884541fca95,2048,2048,4.1943,RGB,3,68.0471,36.5727,212.0,2009.4808,9998809488123430,ok,,
images/20260116_163012_554.bmp,images,20260116_163012_554.bmp,.bmp,12582966,12.0001,b144c70ad3592917dc5c7b721f4ffe3888adf6d9fedb36b299efd88c5a18db80,2048,2048,4.1943,RGB,3,72.5155,31.7371,198.0,1090.7532,84908c40584880b8,ok,,
images/20260116_163013_006.bmp,images,20260116_163013_006.bmp,.bmp,12582966,12.0001,aaf50b02488a9b7492750cc8967c9804a5f1d1e88618648754382f930eaece32,2048,2048,4.1943,RGB,3,77.9956,33.2464,233.0,423.7814,c888e0c0c4d898e4,ok,,
images/20260116_163021_007.bmp,images,20260116_163021_007.bmp,.bmp,12582966,12.0001,3866f85c6f52e892162116808ce29fbdd52683e5ea9303397e24c9bfa38e3542,2048,2048,4.1943,RGB,3,69.507,29.494,170.0,1364.6652,90c8cc8090c84888,ok,,
images/20260116_163021_470.bmp,images,20260116_163021_470.bmp,.bmp,12582966,12.0001,c957b3b95820563b7109bfbdafcc1799b3c4f5e8259228988c8291921c65b6ba,2048,2048,4.1943,RGB,3,69.4293,32.1232,193.0,1277.7716,98a09080c8a0a0c8,ok,,
images/20260116_163021_905.bmp,images,20260116_163021_905.bmp,.bmp,12582966,12.0001,516f1191c7013d8df14dfdab25cfcb981413b1c1dbc32f4ab1f5b9cd3431e7f5,2048,2048,4.1943,RGB,3,74.1328,36.1052,238.0,1185.7465,c4d094d8888c2088,ok,,
images/20260116_163022_356.bmp,images,20260116_163022_356.bmp,.bmp,12582966,12.0001,d54fc56e22f2b3b5eb0c5fe82100e1b22b7e91582f65caa0ae323bb29271a737,2048,2048,4.1943,RGB,3,75.7944,36.1824,232.0,473.2078,90c0c0c8c0e4d8d8,ok,,
images/20260116_163022_798.bmp,images,20260116_163022_798.bmp,.bmp,12582966,12.0001,e155c1debe472a21224d5999a17d8f686fb4c8a69285eada0433c35a70c9d9a3,2048,2048,4.1943,RGB,3,74.8573,21.378,86.0,428.886,c8e0d08890c0c8c8,ok,,
images/20260116_163023_248.bmp,images,20260116_163023_248.bmp,.bmp,12582966,12.0001,b40d2bf05c9d27c167052aee74e3b7ea7d1493947e4da2dcab484a956b452fbe,2048,2048,4.1943,RGB,3,77.0373,29.1132,212.0,436.2936,c0c0b090c4c49098,ok,,
images/20260116_163023_686.bmp,images,20260116_163023_686.bmp,.bmp,12582966,12.0001,c5e584ad7a376da83e44a74b9c1e51ff0aa95160126f6066a299dd032df98d9b,2048,2048,4.1943,RGB,3,79.7151,33.9218,225.0,239.5719,e0908cf0b0c0c0c0,ok,,
images/20260116_163031_696.bmp,images,20260116_163031_696.bmp,.bmp,12582966,12.0001,5ca925d8c04aeae5473b862b65d2d0e7a135d2f56df2c25b747737522c4a61bb,2048,2048,4.1943,RGB,3,64.7377,35.0538,197.0,2233.1086,142810389090984c,ok,,
images/20260116_163032_141.bmp,images,20260116_163032_141.bmp,.bmp,12582966,12.0001,b93c2bfc7dcd1cee3e3ba04dfbe52f21a1d70d05567e1a270d1e972709c916e4,2048,2048,4.1943,RGB,3,66.1954,31.9415,168.57,1590.1288,2490d49890808890,ok,,
images/20260116_163032_583.bmp,images,20260116_163032_583.bmp,.bmp,12582966,12.0001,40461004dab84310ebf870b3e36cb086b8c86022d978efe16ffc83bf9698afd3,2048,2048,4.1943,RGB,3,75.4893,29.1165,189.0,712.8705,c09890c4c0d0e090,ok,,
images/20260116_163033_024.bmp,images,20260116_163033_024.bmp,.bmp,12582966,12.0001,7011043d8d062f5d5dda90575e5b68405a0dd2b6f52f026f67c0d147dbe1acdf,2048,2048,4.1943,RGB,3,75.9393,34.1736,230.0,370.2791,90e0c0c478d8c4d0,ok,,
images/20260116_163035_249.bmp,images,20260116_163035_249.bmp,.bmp,12582966,12.0001,e2f15578d184204db595535b1c39d3c639411a7735eadf2b8530328732b3bdce,2048,2048,4.1943,RGB,3,80.5027,32.4144,224.0,44.5722,e0c0c0d0e4d8d8a0,ok,,
images/20260116_163042_822.bmp,images,20260116_163042_822.bmp,.bmp,12582966,12.0001,cc055d093579a3c8956b88f6aae8b602a5e9bba338581f5915ec9230557a58e1,2048,2048,4.1943,RGB,3,70.8752,29.5171,174.0,1125.2285,c0e08090b09020b8,ok,,
images/20260116_163043_272.bmp,images,20260116_163043_272.bmp,.bmp,12582966,12.0001,0f813aa3ddd7b38c363cb47a9965c4bbaf8630672cda9d077fb0dc7d4e11b0f0,2048,2048,4.1943,RGB,3,65.8988,34.4968,192.0,1962.3125,8890880848888c84,ok,,
images/20260116_163043_734.bmp,images,20260116_163043_734.bmp,.bmp,12582966,12.0001,8bb4391a5d9d27c213c1a74aea9a2cf713f6412111e48d271251d890ef7b5418,2048,2048,4.1943,RGB,3,69.8281,35.8542,229.0,1466.673,c86024982820d0c0,ok,,
images/20260116_163044_184.bmp,images,20260116_163044_184.bmp,.bmp,12582966,12.0001,19fcbe2ee4a14284c3ee856f30fde1eb58aa2d9879f61f26fecda949b40a023d,2048,2048,4.1943,RGB,3,77.8175,30.5172,219.0,448.0219,e4c460b4c0c0d8d8,ok,,
images/20260116_163044_614.bmp,images,20260116_163044_614.bmp,.bmp,12582966,12.0001,4dcd5dc8e323863f5d4cc1c15533e4838927f3fc8a56f0ec82efebe1df15a1c4,2048,2048,4.1943,RGB,3,75.0222,19.9419,65.0,263.9507,c0d0d0c088c0ccc0,ok,,
images/20260116_163139_294.bmp,images,20260116_163139_294.bmp,.bmp,12582966,12.0001,b8b18b089120782e3968cf0c238027d0ccdf82df98cbc65a3ac73fa2a2045477,2048,2048,4.1943,RGB,3,79.8142,31.0653,225.0,29.8763,c0c0c0e0c0e0e0d8,ok,,
images/20260116_163148_622.bmp,images,20260116_163148_622.bmp,.bmp,12582966,12.0001,7d1b8f97297318d51ef6237f0eee14207d9cc4bc0a58818d78486b285414ff08,2048,2048,4.1943,RGB,3,73.2477,25.2385,135.0,766.2352,a082c8c8e4c0e0e0,ok,,
images/20260116_163149_072.bmp,images,20260116_163149_072.bmp,.bmp,12582966,12.0001,409fa8f3de59a5b29ab784bbe68976bf4d23c1c05ba0f6e75a54d24362921820,2048,2048,4.1943,RGB,3,76.7103,35.8377,236.0,798.2216,d8d880b0a4c8c0c0,ok,,
images/20260116_163149_510.bmp,images,20260116_163149_510.bmp,.bmp,12582966,12.0001,9a7da82fda0cf3d7b5b0cc6387b6198bbe299f6ba0ceae08b40d2162945bf707,2048,2048,4.1943,RGB,3,75.116,34.5748,233.0,614.6143,ccc45858c490d0c0,ok,,
images/20260116_163149_972.bmp,images,20260116_163149_972.bmp,.bmp,12582966,12.0001,c68abfb7e98586115bfd80656ac8f39409d6b121fa9116b52424d84900dccbbe,2048,2048,4.1943,RGB,3,76.387,37.9337,240.0,783.5099,c088d0900a58d8c8,ok,,
images/20260116_163150_423.bmp,images,20260116_163150_423.bmp,.bmp,12582966,12.0001,db4f8348ba129e7c56e8e955e463128f621385bdb47a899a143fdb794f1fb25a,2048,2048,4.1943,RGB,3,71.7376,23.2723,101.0,424.2908,c0c8c8c8c8e0e8e0,ok,,
images/20260116_163150_870.bmp,images,20260116_163150_870.bmp,.bmp,12582966,12.0001,c514967adee68406d32032cccccb7edf3b72dccc5023c10d0a5291d835a827bf,2048,2048,4.1943,RGB,3,81.0993,33.0436,224.0,149.343,c89898c0c8e0c090,ok,,
images/20260116_163201_545.bmp,images,20260116_163201_545.bmp,.bmp,12582966,12.0001,ba4cdcd3ae93b1aa5f7e5465de55b429ea4cadfaa2958b228b9c6547eb2691c0,2048,2048,4.1943,RGB,3,68.3293,32.4355,178.0,1590.8017,a8929890c48080c0,ok,,
images/20260116_163201_980.bmp,images,20260116_163201_980.bmp,.bmp,12582966,12.0001,2724549b7e2e84804e49bafbc7a25afd3de92460790f12a3d66b06482952b8eb,2048,2048,4.1943,RGB,3,75.0966,34.2861,236.0,803.2869,208884d8d8c4c8d0,ok,,
images/20260116_163202_436.bmp,images,20260116_163202_436.bmp,.bmp,12582966,12.0001,8f8508632c52222c8718acd341c4183ec764d0cc8cb24e58680622e2fb212966,2048,2048,4.1943,RGB,3,79.6307,33.4193,224.0,175.7082,c0c0d0c8f0b0c4c0,ok,,
images/20260116_163202_886.bmp,images,20260116_163202_886.bmp,.bmp,12582966,12.0001,b1f829f191ff4840f81b9544921a9810f212cb860713751e571253602ab4d7e3,2048,2048,4.1943,RGB,3,79.2662,30.6185,225.0,282.3138,c0c0e0d0d0e0b8d0,ok,,
images/20260116_163203_326.bmp,images,20260116_163203_326.bmp,.bmp,12582966,12.0001,d32b0c46284cf014a4ade3b173a87d2f258efb593aba6c66a75a225a4ddb29eb,2048,2048,4.1943,RGB,3,75.1344,20.3295,71.0,316.0689,c8c0d0e0cce4d0e0,ok,,
images/20260116_163212_222.bmp,images,20260116_163212_222.bmp,.bmp,12582966,12.0001,3be509ceea989b1bbd21a2907c7a45ef1b2a9ede1f4422f92e790f485a5ce7ba,2048,2048,4.1943,RGB,3,75.8059,20.4358,77.0,261.7445,c0c0c0c0640898a8,ok,,
images/20260116_163212_674.bmp,images,20260116_163212_674.bmp,.bmp,12582966,12.0001,41b24db75ad92b5d63464c0faf43c75eeb4ea9fb5a39579c973d47f457a8c269,2048,2048,4.1943,RGB,3,70.3937,29.8131,173.0,1438.8987,948890a44808d090,ok,,
images/20260116_163213_110.bmp,images,20260116_163213_110.bmp,.bmp,12582966,12.0001,9697c3440022cd071a751fa26d39b54b24faa5fc26353a43d50717eaf8e60a1c,2048,2048,4.1943,RGB,3,72.0078,34.7648,240.0,1230.0451,484844b8b0cc849c,ok,,
images/20260116_163213_576.bmp,images,20260116_163213_576.bmp,.bmp,12582966,12.0001,7d95111edbe973f411adf2b44add8afa4ff7171339c49e1c1fc4902bc9841e19,2048,2048,4.1943,RGB,3,76.5776,33.9657,233.0,770.114,c4c490c4d8d8c4e0,ok,,
images/20260116_163214_016.bmp,images,20260116_163214_016.bmp,.bmp,12582966,12.0001,26b0163703a155af9925fb086b81f1ee6b5a293e704bf208c9b96716d429c9e0,2048,2048,4.1943,RGB,3,78.9016,33.2002,226.0,339.7561,c4d0e0c0e0c8d8d8,ok,,
images/20260116_163214_444.bmp,images,20260116_163214_444.bmp,.bmp,12582966,12.0001,3f6ff4a972fe6afebd873d4a609e29e3933d7c6b90d54d35563a308adc5c97d6,2048,2048,4.1943,RGB,3,71.1334,24.8379,135.0,807.3992,8888e0c0986808d0,ok,,
images/20260116_163214_900.bmp,images,20260116_163214_900.bmp,.bmp,12582966,12.0001,61d79dd917d739d5c1bd7a8976db9ca0f9bd14092a4787e4f65b66c0cab6ae66,2048,2048,4.1943,RGB,3,79.8147,32.4469,231.0,312.7676,c8d8d890e0c0a098,ok,,
images/20260116_163215_346.bmp,images,20260116_163215_346.bmp,.bmp,12582966,12.0001,aaf43b56bc2cff5c5aba4e22077d25d30c17dcfeb1382d22c75924fc6f0da373,2048,2048,4.1943,RGB,3,76.3535,35.3952,230.0,369.7542,90b09090c0d8d8c0,ok,,
images/20260116_163226_016.bmp,images,20260116_163226_016.bmp,.bmp,12582966,12.0001,df3f5d369d887dc77d206ba42acce1a03c4b9852c5ee926cc444a75fb6d527f0,2048,2048,4.1943,RGB,3,71.4585,33.7223,223.0,1041.954,8ce0c2c8d894d0c0,ok,,
images/20260116_163226_490.bmp,images,20260116_163226_490.bmp,.bmp,12582966,12.0001,2e91fadb9f2a3b42e2e5f76571af40cf8fa2794b78d2b7c0df1cbe273f00f9b1,2048,2048,4.1943,RGB,3,75.2588,29.4899,212.0,616.5148,c8c4c098b0c0e0d8,ok,,
images/20260116_163226_900.bmp,images,20260116_163226_900.bmp,.bmp,12582966,12.0001,18e57d3fd347e6757683591266b8ab6e5b102a39db34f8b67e8541fed433cd65,2048,2048,4.1943,RGB,3,76.7385,29.583,222.0,532.3881,d0c02864c8d8e0c0,ok,,
images/20260116_163227_378.bmp,images,20260116_163227_378.bmp,.bmp,12582966,12.0001,acbd93cbe183963e07756386991f1698eade7a336827245ec007228ce5a8ba66,2048,2048,4.1943,RGB,3,79.6607,32.8052,225.0,288.4246,f0b090c8e0c0c0c0,ok,,
images/20260116_163228_254.bmp,images,20260116_163228_254.bmp,.bmp,12582966,12.0001,0b705a50a110fdb71fa860917d918507b2701a70504de345756323f6c5d46bcb,2048,2048,4.1943,RGB,3,78.2267,34.2169,227.57,243.7714,c0c0e0e4d8d8a4a4,ok,,
images/20260116_163228_690.bmp,images,20260116_163228_690.bmp,.bmp,12582966,12.0001,ea43a0b34f31ce6df34fee79fa6f012a67ff0f8d43a5d037fbdbb704ddf78984,2048,2048,4.1943,RGB,3,75.4916,23.358,79.0,251.6251,e0c0e0e0c0c8e0d8,ok,,
images/20260116_163229_136.bmp,images,20260116_163229_136.bmp,.bmp,12582966,12.0001,8d55fce6f075a1e9245d7361a6c024f9dc763945b9b17a6ae9affd32315c7a44,2048,2048,4.1943,RGB,3,79.4325,27.1342,208.0,126.9361,d8e0c0e0c0c0c0c0,ok,,
images/20260116_163229_586.bmp,images,20260116_163229_586.bmp,.bmp,12582966,12.0001,ebc79638c8d7529fe06b8e76cee393b4b9705669cf064762d69340873f119f8c,2048,2048,4.1943,RGB,3,77.9438,32.5611,226.0,102.4779,c0c0e0d8d8e4d0c0,ok,,
images/20260116_163230_516.bmp,images,20260116_163230_516.bmp,.bmp,12582966,12.0001,20052decce0d230c06a373401258fb114fb0f51983677668fa9018e22f9e44b4,2048,2048,4.1943,RGB,3,77.0059,18.4899,62.0,25.5539,d0c0e0d0d0e0c0c0,ok,,
images/20260116_163230_963.bmp,images,20260116_163230_963.bmp,.bmp,12582966,12.0001,7380bb14e0f7adab115ca956d37dd4335eeeea06e762adc720d44972b9bf0440,2048,2048,4.1943,RGB,3,81.2186,32.7983,224.0,89.992,b0f0c0d0c0c0c0c0,ok,,
images/20260116_163232_254.bmp,images,20260116_163232_254.bmp,.bmp,12582966,12.0001,a96a79f0ea989970a2531b90ab7d7edc1a1deefb7c6b0a3579861ba69b82a431,2048,2048,4.1943,RGB,3,80.0172,31.6178,225.0,31.7033,c0c0c0e0c0e0e0d8,ok,,
images/20260116_163240_270.bmp,images,20260116_163240_270.bmp,.bmp,12582966,12.0001,c77c6199107c259ce9ff815b4c46c3c1ae84297ea4fba42d1c343c478d76ecf3,2048,2048,4.1943,RGB,3,67.7877,35.5107,200.0,1939.2173,c08828c280a48014,ok,,
images/20260116_163240_714.bmp,images,20260116_163240_714.bmp,.bmp,12582966,12.0001,ca460f3a38d0914e24dcc6ea0782634651992000741dca11ba73d28697aee5a5,2048,2048,4.1943,RGB,3,67.3682,36.6777,213.0,1912.4457,84848012a4d05204,ok,,
images/20260116_163241_152.bmp,images,20260116_163241_152.bmp,.bmp,12582966,12.0001,43ee1f1cf155bd0b8b356d862df78dc35bc619f87d7be7cea1b16c8ee889d7e5,2048,2048,4.1943,RGB,3,76.2651,30.2141,229.0,416.4466,c0c4c0c0c4c8d0d8,ok,,
images/20260116_163241_618.bmp,images,20260116_163241_618.bmp,.bmp,12582966,12.0001,82f40172624351ae64562a51c7bdccf2ac24ca70e4990e735e28ff84011be541,2048,2048,4.1943,RGB,3,76.2169,19.3246,65.0,182.1302,c0d8e0c0c0e888d0,ok,,
images/20260116_163242_048.bmp,images,20260116_163242_048.bmp,.bmp,12582966,12.0001,b178bc71d8105112dfa148d761dffcd25b6b0459659c57958dc0cbf073e002e1,2048,2048,4.1943,RGB,3,81.4422,32.683,224.0,80.2799,f890c0e0e0d0d0e0,ok,,
images/20260116_163316_726.bmp,images,20260116_163316_726.bmp,.bmp,12582966,12.0001,ee278899aa0b53e4c55cd74f4b203a75d248158c288da8c2af222a87cd8023be,2048,2048,4.1943,RGB,3,72.3636,29.8668,179.0,928.7299,8884f0988c90c8c0,ok,,
images/20260116_163317_174.bmp,images,20260116_163317_174.bmp,.bmp,12582966,12.0001,7eae8f53b3070f19f3e530e814afd5c6de3e1e77a2c6c0acb7c3f2700b6875cf,2048,2048,4.1943,RGB,3,74.6516,34.3813,237.0,1007.8612,2828c0c49888ccc8,ok,,
images/20260116_163317_622.bmp,images,20260116_163317_622.bmp,.bmp,12582966,12.0001,1ed3c8f20929b205ca51e4a424141ea14112a576ac3ab449569415f09565d0cc,2048,2048,4.1943,RGB,3,79.2844,33.7583,225.0,253.6429,c8c0d0d0c8a4f8d8,ok,,
images/20260116_163318_064.bmp,images,20260116_163318_064.bmp,.bmp,12582966,12.0001,c04695d24dd0757cd69d36bbc068c01b713865eba3f48af7d7306b8949ad19fb,2048,2048,4.1943,RGB,3,74.2869,20.4538,65.0,177.5739,b0c8c0e0c8e0c0e0,ok,,
images/20260116_163318_506.bmp,images,20260116_163318_506.bmp,.bmp,12582966,12.0001,9fbcb4f93c44124f5996914d670da8fe72b544165f6055920b2d32cb263bf0fd,2048,2048,4.1943,RGB,3,80.521,35.038,232.0,339.2698,84d8d8e0c0e0c0c0,ok,,
images/20260116_163318_942.bmp,images,20260116_163318_942.bmp,.bmp,12582966,12.0001,ff739524a0e3b766f77f44d87c7057410513e6445160cfc89c3e3969a390e4d9,2048,2048,4.1943,RGB,3,76.2026,32.0756,230.0,299.7638,c0c0e0c0c8d8d8c0,ok,,
images/20260116_163319_404.bmp,images,20260116_163319_404.bmp,.bmp,12582966,12.0001,e47b153970977c10cc1188b5f3c7bebdebc24f1b94050ba619ef4944527326a3,2048,2048,4.1943,RGB,3,76.5732,19.1314,63.0,148.7675,c0c0c0e0e4c4c870,ok,,
images/20260116_163319_838.bmp,images,20260116_163319_838.bmp,.bmp,12582966,12.0001,f50461634bd82099537259e60a1d95ff14c01d92164a9c70851b3c78caff69d5,2048,2048,4.1943,RGB,3,80.5762,33.6203,224.0,188.8479,d8d8c0c0d0c0c0c0,ok,,
images/20260116_163320_287.bmp,images,20260116_163320_287.bmp,.bmp,12582966,12.0001,b4a584e6c7227c8474f218dfa6319714248122c6bace9e34ad8425b1e595f731,2048,2048,4.1943,RGB,3,81.0795,32.7359,224.0,89.258,d0c0b0f0c0c0e0c0,ok,,
images/20260116_163320_740.bmp,images,20260116_163320_740.bmp,.bmp,12582966,12.0001,ad1db63ad4bdf14edbdfe2b1fc3873ac562ac21bf7a79d24e9472473a299375b,2048,2048,4.1943,RGB,3,80.2461,31.7455,224.0,161.3525,c8e0c4f0d8e49090,ok,,
images/20260116_163321_212.bmp,images,20260116_163321_212.bmp,.bmp,12582966,12.0001,4ea6963108f7f59e4616c3bf957241d8f830bc6b7dd80dcbfdb61145e16883b9,2048,2048,4.1943,RGB,3,80.6489,32.4242,224.0,47.9109,e0c0c0c0e0d8d890,ok,,
images/20260116_163321_635.bmp,images,20260116_163321_635.bmp,.bmp,12582966,12.0001,d65269133b69d0aabc6a67396c7ea640c48db4b77fa2f97f2a489b1b8c915707,2048,2048,4.1943,RGB,3,75.6575,18.674,63.0,17.8988,90d0e0c0c0e0c0e0,ok,,
images/20260116_163331_422.bmp,images,20260116_163331_422.bmp,.bmp,12582966,12.0001,886f749a7e645cb97c41636da6ae7da51a5023e7fa7fe830d18d471e01ec07b9,2048,2048,4.1943,RGB,3,72.7796,41.2842,243.0,1676.0464,c0f0f87070822208,ok,,
images/20260116_163331_868.bmp,images,20260116_163331_868.bmp,.bmp,12582966,12.0001,b2ef0af0aaf4d93d2aa09131f18bcbde923540ed0ea5a3608345532341ffaab6,2048,2048,4.1943,RGB,3,65.6338,38.0593,230.0,2057.3597,64c0084490908808,ok,,
images/20260116_163332_308.bmp,images,20260116_163332_308.bmp,.bmp,12582966,12.0001,1f8490cf937034ee77cb84c48d2ad80ca9925a5ae6c3cdae1a325e50e42820fc,2048,2048,4.1943,RGB,3,74.2763,32.9751,233.0,729.5237,9080c0c884a0c098,ok,,
images/20260116_163332_762.bmp,images,20260116_163332_762.bmp,.bmp,12582966,12.0001,df963dfef5a293d88e285d1e9d9d3038b2207deebf898afaf5a61d434bcaf2d9,2048,2048,4.1943,RGB,3,77.3887,25.3176,140.0,254.3591,d8c0c8c0c0c0c8c8,ok,,
images/20260116_163345_662.bmp,images,20260116_163345_662.bmp,.bmp,12582966,12.0001,b77126a6ea9203357eefc56d0a69dac535247247417ca0c54892a58f8e48204f,2048,2048,4.1943,RGB,3,78.85,34.2529,229.0,506.9178,f8c0b0e0b0a06060,ok,,
images/20260116_163346_112.bmp,images,20260116_163346_112.bmp,.bmp,12582966,12.0001,9d2fd6a4f011ef102fc8bc8c3fc30c5a685a5aca902a7f02d4a911975c89c83b,2048,2048,4.1943,RGB,3,66.1682,34.3153,201.0,1817.3416,c8989032c4088cd8,ok,,
images/20260116_163346_570.bmp,images,20260116_163346_570.bmp,.bmp,12582966,12.0001,02519c39a7a009d153fa6ea3597b0233bc9c9132f0a620746d354de94f133d21,2048,2048,4.1943,RGB,3,71.1144,36.4182,238.0,1421.7342,28109c142038d894,ok,,
images/20260116_163347_006.bmp,images,20260116_163347_006.bmp,.bmp,12582966,12.0001,0266b636b41f863a7dc7fa267a969797a248e7785b062d6a500369cec39d7665,2048,2048,4.1943,RGB,3,70.9749,23.1739,110.0,546.0576,b0c08428d8d8e0e0,ok,,
images/20260116_163347_456.bmp,images,20260116_163347_456.bmp,.bmp,12582966,12.0001,b8e35f144777aef005500c51ae694f0dd1911d690d29fffdde2e23acf75a8116,2048,2048,4.1943,RGB,3,78.1884,32.0863,226.0,469.554,d8d894c8c0c0d0c4,ok,,
images/20260116_163347_896.bmp,images,20260116_163347_896.bmp,.bmp,12582966,12.0001,ec0a91377ce4c1c194a9bf196e922f23b5638842c4e559eb5df8d1b5fb55b672,2048,2048,4.1943,RGB,3,80.9273,31.3431,224.0,102.7488,c0c0d0e4d8d8e0c0,ok,,
images/20260116_163348_346.bmp,images,20260116_163348_346.bmp,.bmp,12582966,12.0001,496895f80b9e8ee8901131b73c082b018f7dcd905d1b16bdd81327544049b581,2048,2048,4.1943,RGB,3,79.9613,33.1406,225.0,149.7827,c0c8c8c0c0f0b0f0,ok,,
images/20260116_163348_782.bmp,images,20260116_163348_782.bmp,.bmp,12582966,12.0001,afb8155dc03b5b0d0bf5aaac57e3fae4b27c462f5d1c5965b3e71b3f0f7c096c,2048,2048,4.1943,RGB,3,79.638,27.0815,224.0,65.0224,c0c0c0c0e0e0c0f0,ok,,
images/20260116_163358_585.bmp,images,20260116_163358_585.bmp,.bmp,12582966,12.0001,3b506ed8c7390091e405171418422d1e816e6fe2d0cc15a533d9ae968beab091,2048,2048,4.1943,RGB,3,75.0698,38.2565,242.0,1198.6328,8880e0d8d89080c8,ok,,
images/20260116_163359_026.bmp,images,20260116_163359_026.bmp,.bmp,12582966,12.0001,3c36f8a1275fd61a565f80702b46d57c7d0bc5df2ef769022e345d6c2cecf11f,2048,2048,4.1943,RGB,3,72.0603,28.6903,168.0,951.2993,d0c0d0c890d0c4c8,ok,,
images/20260116_163359_463.bmp,images,20260116_163359_463.bmp,.bmp,12582966,12.0001,44169c25a620c4c7bccec0f129fcc7b1ae3db6d3d90608b87e89b546e05a45ba,2048,2048,4.1943,RGB,3,75.9053,32.9669,231.0,806.0356,04c0c8c0e8b4b828,ok,,
images/20260116_163359_926.bmp,images,20260116_163359_926.bmp,.bmp,12582966,12.0001,30a06a42d22872d8365aa7f8e0983e8d68464865ef00b77dda1fb16a080f3573,2048,2048,4.1943,RGB,3,72.1875,24.8571,139.0,928.8795,10b0c860a0c88c48,ok,,
images/20260116_163400_366.bmp,images,20260116_163400_366.bmp,.bmp,12582966,12.0001,a1bb00c93d0d339b770fb23fdacd470d862dff89eb551861142b8b9ca93d3a22,2048,2048,4.1943,RGB,3,75.0404,35.8072,233.0,649.2103,58989890901090e0,ok,,
images/20260116_163401_250.bmp,images,20260116_163401_250.bmp,.bmp,12582966,12.0001,52abe5cb457bce55d526f7d29d0b7a632a1199ddc93033a1b17b54b521a3721f,2048,2048,4.1943,RGB,3,77.4992,33.5674,227.0,127.3666,c0c0c0e0c8e0d8d8,ok,,
images/20260116_163401_693.bmp,images,20260116_163401_693.bmp,.bmp,12582966,12.0001,28611b951f51acf37b044df3481da9e0339f8f34ca2c8344d2ee67469065c923,2048,2048,4.1943,RGB,3,76.9807,18.8897,64.0,96.4817,e0c0b0c0a4a0c0c0,ok,,
images/20260116_163402_136.bmp,images,20260116_163402_136.bmp,.bmp,12582966,12.0001,bc4ac585e35aa2f3fafbeefcd1388f47b1094659d4db096a0cd5ddc254699880,2048,2048,4.1943,RGB,3,81.3559,33.044,224.0,93.7333,c0c8d8d8e0c0c0c0,ok,,
images/20260116_163402_592.bmp,images,20260116_163402_592.bmp,.bmp,12582966,12.0001,38e211155712ee3cb6f10f0441933809646567d12a8dc3ecf5719d084907f5cc,2048,2048,4.1943,RGB,3,80.5582,33.2715,224.0,165.4887,d0e0c8d0b090c0e0,ok,,
images/20260116_163422_132.bmp,images,20260116_163422_132.bmp,.bmp,12582966,12.0001,048ba46c542fcf10076b9a952c75f318d62793283f999050cfb9c5f43ea5e037,2048,2048,4.1943,RGB,3,70.4138,38.2365,242.0,1652.9984,9890901090888020,ok,,
images/20260116_163422_584.bmp,images,20260116_163422_584.bmp,.bmp,12582966,12.0001,0feba973adfb06d9a68d04915c171229c363cf75e4b34454c344ffe870a6e762,2048,2048,4.1943,RGB,3,69.0361,36.4144,224.0,1609.0105,4050808c384cc892,ok,,
images/20260116_163423_020.bmp,images,20260116_163423_020.bmp,.bmp,12582966,12.0001,696be6087cef6dbd4b89d61cfaf1d562b40b3a09415a213dace5d3de4a7e7352,2048,2048,4.1943,RGB,3,72.529,30.1847,195.0,871.8175,88809094a0d880d8,ok,,
images/20260116_163423_498.bmp,images,20260116_163423_498.bmp,.bmp,12582966,12.0001,20e14ce626924588c1babf33449b03316324d4b2a4050ef051cad0032156fd4e,2048,2048,4.1943,RGB,3,75.1441,24.5162,139.0,502.7535,b890c4e4d890c0c0,ok,,
images/20260116_163423_936.bmp,images,20260116_163423_936.bmp,.bmp,12582966,12.0001,6b58a7ed36273c8049ab4d6180db0de18aea020bfcef5123bf1b0ed0cb395b99,2048,2048,4.1943,RGB,3,79.2793,33.4049,225.0,256.2551,e0b0d8e0c0e8c4d0,ok,,
images/20260116_163501_674.bmp,images,20260116_163501_674.bmp,.bmp,12582966,12.0001,b91786137fbbf56d7e4480582e26aa3bdfd32829c9c9d73b1539027fc5e160fd,2048,2048,4.1943,RGB,3,74.8545,30.5234,204.0,866.3586,d8e0e0c888808894,ok,,
images/20260116_163502_121.bmp,images,20260116_163502_121.bmp,.bmp,12582966,12.0001,fafc82d5826ebe9ca5eba2279ec22de71efe94b3d1a9b1675aa292d033bb7b11,2048,2048,4.1943,RGB,3,69.4776,31.0922,170.0,1507.4465,c4c084918ac080d0,ok,,
images/20260116_163502_564.bmp,images,20260116_163502_564.bmp,.bmp,12582966,12.0001,14817ee82310e239e132f47e6070b694b7719a958f891587e9b934be5cf5fff0,2048,2048,4.1943,RGB,3,75.1504,33.7478,239.0,779.6306,c0d0c0c498d88490,ok,,
images/20260116_163503_014.bmp,images,20260116_163503_014.bmp,.bmp,12582966,12.0001,ac288c0d883228047274825c45d12389c49906ef61e91cbddc4390f7dab0bd8c,2048,2048,4.1943,RGB,3,74.6554,29.6753,191.0,710.1759,d888c0c0b01858e0,ok,,
images/20260116_163503_468.bmp,images,20260116_163503_468.bmp,.bmp,12582966,12.0001,0acd9fe8192fa78d03e9e6f1559755b0f60eee83ddae24805626ad89708f1673,2048,2048,4.1943,RGB,3,73.75,22.5952,97.0,465.7029,90c0a0a0c0e0c2d8,ok,,
images/20260116_163503_907.bmp,images,20260116_163503_907.bmp,.bmp,12582966,12.0001,bf017d372a86acfcc0a6cd01ecb795abf99127e01e876a5235d34c126ff89b4d,2048,2048,4.1943,RGB,3,77.0645,35.2656,231.0,391.0365,d8d884b420889090,ok,,
images/20260116_163504_348.bmp,images,20260116_163504_348.bmp,.bmp,12582966,12.0001,8257033be0000ea9e283e0abc57204548d8b7b50d7ae1740258cabe4687f441e,2048,2048,4.1943,RGB,3,80.6748,32.6613,224.0,187.7508,e4c0c0d898c4e0e0,ok,,
images/20260116_163504_784.bmp,images,20260116_163504_784.bmp,.bmp,12582966,12.0001,1a9fe6096976de11c23067f1cf7be0bf931ffbe80633c7c75b68287385f48835,2048,2048,4.1943,RGB,3,77.9807,33.2242,226.0,50.3478,c0c0c0c0e0c0d8d8,ok,,
images/20260116_163515_922.bmp,images,20260116_163515_922.bmp,.bmp,12582966,12.0001,feac0b1e32819b15d5689de5809faa385b63ed73e1aaac79ea8b1a244cdc4496,2048,2048,4.1943,RGB,3,75.7776,22.0321,93.0,402.6739,c0c0e08490d09084,ok,,
images/20260116_163516_364.bmp,images,20260116_163516_364.bmp,.bmp,12582966,12.0001,f6a18a04a67cd8f8661587b77a7ddc4a180dcc6e394ad44ff12bcb9cf644a4f0,2048,2048,4.1943,RGB,3,72.1484,35.5559,225.0,1381.5095,8090b044c804a0c4,ok,,
images/20260116_163516_816.bmp,images,20260116_163516_816.bmp,.bmp,12582966,12.0001,04af2a6b4a434db94540aac17153a61e74dcc4b39542cac813a9c2ce3f0b2539,2048,2048,4.1943,RGB,3,75.5502,31.4887,230.0,730.6394,c48c9090ccc06098,ok,,
images/20260116_163517_703.bmp,images,20260116_163517_703.bmp,.bmp,12582966,12.0001,b4402f2ce5a4ba4bd1212cd29ed9386b06ed9c29b2e5356b5aec7e79d3385181,2048,2048,4.1943,RGB,3,75.2807,32.8851,232.0,728.4937,d890a8d82480d898,ok,,
images/20260116_163518_142.bmp,images,20260116_163518_142.bmp,.bmp,12582966,12.0001,5fe3db4d33df5f646806c8630556965543993af044bab225b58bcd669365de62,2048,2048,4.1943,RGB,3,73.6938,21.9548,82.0,323.3858,90e0e0d090c0e0c4,ok,,
images/20260116_163519_032.bmp,images,20260116_163519_032.bmp,.bmp,12582966,12.0001,0040728142b34f7c6821908273e500cb50e5e1fe1fc069a45a40d22f305a9cea,2048,2048,4.1943,RGB,3,75.8767,35.9336,235.0,462.9822,e090d0c0d8d8d0c8,ok,,
images/20260116_163519_482.bmp,images,20260116_163519_482.bmp,.bmp,12582966,12.0001,b4f5aaa27f760a4be16b0c8654d9e975111f4857a6711abb1811b243fde61c70,2048,2048,4.1943,RGB,3,77.0483,18.8702,64.0,97.2211,c0e0c0c0d0d8d0e0,ok,,
images/20260116_163519_922.bmp,images,20260116_163519_922.bmp,.bmp,12582966,12.0001,0f859fc705de9cdd8a71d3bd7e1e950dcc8736977f258c5d7410677b6871c4a8,2048,2048,4.1943,RGB,3,80.3903,33.7519,226.0,227.1714,d8d8c0c0c8c8c0c0,ok,,
images/20260116_163520_422.bmp,images,20260116_163520_422.bmp,.bmp,12582966,12.0001,9e56d53042401ba01c62b995b9d14295975af209f2d6e5cd44f8c8f0d7dab853,2048,2048,4.1943,RGB,3,81.1804,32.3967,224.0,47.9284,c0c0b0f0c0e060c0,ok,,
images/20260116_163533_290.bmp,images,20260116_163533_290.bmp,.bmp,12582966,12.0001,8f2820f6249bced083ce7543ae30f514d43064884501b69e32bb44d433d09bc2,2048,2048,4.1943,RGB,3,62.9442,34.5371,182.0,2149.8679,c0c0881a80909012,ok,,
images/20260116_163533_710.bmp,images,20260116_163533_710.bmp,.bmp,12582966,12.0001,b3ec9fa0e274fc9d19e595c906eb546f5f8650b0e3f3cfbf636532e0ab7aeb2e,2048,2048,4.1943,RGB,3,76.3567,39.6493,243.0,960.9472,88c0d0c8c0c4d8d8,ok,,
images/20260116_163534_168.bmp,images,20260116_163534_168.bmp,.bmp,12582966,12.0001,f586e3ed27c59ea39a4c221fe83e51add6a50756de97110a3f920e03bcc21908,2048,2048,4.1943,RGB,3,75.0196,21.5962,93.0,407.2222,b0a0c0c0c0c8d0c0,ok,,
images/20260116_163534_626.bmp,images,20260116_163534_626.bmp,.bmp,12582966,12.0001,a03fe6bb6156f16e19888e45f2aef2a5568139317accab0a8e8370e6424e1989,2048,2048,4.1943,RGB,3,79.2208,32.1854,225.0,242.6195,d090c0c090c0e0e4,ok,,
images/20260116_163535_065.bmp,images,20260116_163535_065.bmp,.bmp,12582966,12.0001,0c087b7f9bab302839992d429e41c0f728bbd0ea8255c3b5c15f6e7026faf4ee,2048,2048,4.1943,RGB,3,79.7585,31.3799,225.0,242.3549,e4f8f8c4e0e0e0c8,ok,,
images/20260116_163554_206.bmp,images,20260116_163554_206.bmp,.bmp,12582966,12.0001,6008d3b6ec04efed32fb828a8183fdb4986fc75a9f05438dd16bc89ee76a4bfb,2048,2048,4.1943,RGB,3,65.4275,32.0782,173.0,1734.1004,92d898d09090c090,ok,,
images/20260116_163554_643.bmp,images,20260116_163554_643.bmp,.bmp,12582966,12.0001,fcbf3f1bface632d786e7a92e0d0e057e147b1890c2ad84208da0259b996037c,2048,2048,4.1943,RGB,3,74.4342,33.1709,226.0,1001.0391,d09098c0e0c0c088,ok,,
images/20260116_163555_092.bmp,images,20260116_163555_092.bmp,.bmp,12582966,12.0001,53661ec6037b3011693bf6f2e113c6c72aaf297dbff334f9813fb385026271a1,2048,2048,4.1943,RGB,3,77.0927,30.9359,222.0,458.8897,c8c8c0e0d8c0c0c0,ok,,
images/20260116_163555_556.bmp,images,20260116_163555_556.bmp,.bmp,12582966,12.0001,b21dfaff4429a2fc2cd05c382a01bc0ce614925f188f0c157fa2663e8785b787,2048,2048,4.1943,RGB,3,77.5683,30.7523,233.0,359.1736,c8d8c0c0c0b0d0e4,ok,,
images/20260116_163555_998.bmp,images,20260116_163555_998.bmp,.bmp,12582966,12.0001,203f28d39be2655c3bcfbf84a280ae72824eac03ea9df6ec5aeb367e84d33af9,2048,2048,4.1943,RGB,3,79.5019,34.2637,230.0,301.258,c8c8c8c0e0c0f0f8,ok,,
images/20260116_163556_441.bmp,images,20260116_163556_441.bmp,.bmp,12582966,12.0001,ad68d5b9bbf7c74661ece0dfc0c1b3c9c4d1069d82b1026f74c213cc56a94a7f,2048,2048,4.1943,RGB,3,76.6367,19.1488,64.0,154.1539,c0e0c0e0e0c0c0e0,ok,,
images/20260116_163556_878.bmp,images,20260116_163556_878.bmp,.bmp,12582966,12.0001,aa9ef38b9bef91d875f1f668c88996175bd6f66fff43e876f42c143a1b33f014,2048,2048,4.1943,RGB,3,79.0329,33.3078,225.0,90.3255,d0d898b0e0c0c8e0,ok,,
images/20260116_163557_342.bmp,images,20260116_163557_342.bmp,.bmp,12582966,12.0001,6ced1ad53e53c3f05608184b67d375251c11407b0aea722361879ceb70c12ed4,2048,2048,4.1943,RGB,3,81.23,33.4408,225.0,126.4419,e0c0e0d0d8d8e4e0,ok,,
images/20260116_163557_765.bmp,images,20260116_163557_765.bmp,.bmp,12582966,12.0001,d110560c6df3e4f2db885cba257d7472c57a0142d1f99ea0f29a87ca06f6a82a,2048,2048,4.1943,RGB,3,74.6085,25.6584,122.57,145.6445,c8c0c0e0d0c0c0d8,ok,,
images/20260116_163558_214.bmp,images,20260116_163558_214.bmp,.bmp,12582966,12.0001,510af688ea5002f552e7fd476b75be413166b758afcbb1d252ab47bfe45948bd,2048,2048,4.1943,RGB,3,80.6516,28.0185,223.0,33.5705,d8e0c0c0e0c0c0c0,ok,,
images/20260116_163610_240.bmp,images,20260116_163610_240.bmp,.bmp,12582966,12.0001,ec159cf33baf3db735f6ab483ba1a9844f79e1c2f220dc0da1d5101123486d09,2048,2048,4.1943,RGB,3,69.3928,34.6769,203.0,1714.4104,94841088b0b88088,ok,,
images/20260116_163610_687.bmp,images,20260116_163610_687.bmp,.bmp,12582966,12.0001,9f5c460914ca6e6a5d870eb80e16da216c72a704d65b1ef684c41bf6a79cff35,2048,2048,4.1943,RGB,3,72.7651,35.4511,231.0,1129.5138,9810c00c8480d0d8,ok,,
images/20260116_163611_128.bmp,images,20260116_163611_128.bmp,.bmp,12582966,12.0001,95383b841b9c4bc7f2d3cf9b7614c1428c922fe37fa2c7b34ee2e963ba5f5c21,2048,2048,4.1943,RGB,3,72.7863,23.8923,118.0,526.8819,908080c0d0d0e0c8,ok,,
images/20260116_163611_588.bmp,images,20260116_163611_588.bmp,.bmp,12582966,12.0001,b733f233b1894bee9cb6e58851187cbd8ee68a0406bdf97a24e03caebd7d1154,2048,2048,4.1943,RGB,3,74.533,29.0845,181.0,826.9984,e0d8d8d0c0d8d8c8,ok,,
images/20260116_163612_020.bmp,images,20260116_163612_020.bmp,.bmp,12582966,12.0001,254a7c704f65e68c01c96f411f031d54caeaa8bacf4211b58e5bca8908aa16ca,2048,2048,4.1943,RGB,3,75.928,33.8478,233.0,290.4792,c8d0c0b090d8d8e0,ok,,
images/20260116_163612_472.bmp,images,20260116_163612_472.bmp,.bmp,12582966,12.0001,148307f14cfb2f0efeb808518b5d48a413c52fe395c305f421902f01dfca388e,2048,2048,4.1943,RGB,3,77.4862,18.41,63.0,67.4473,c0c0e4c0c0c0c0c0,ok,,
images/20260116_163745_284.bmp,images,20260116_163745_284.bmp,.bmp,12582966,12.0001,28ce83e893efad9d7dbebd4d43eb2aa5fa674e9ab859e2a471a52150ea0eb58a,2048,2048,4.1943,RGB,3,76.459,34.5245,235.0,794.5729,f4b0d890e8c080c8,ok,,
images/20260116_163745_722.bmp,images,20260116_163745_722.bmp,.bmp,12582966,12.0001,31d88a82440ca2526b45dd9b9093aca78ad92a12610448bce1ea46af61f55e6d,2048,2048,4.1943,RGB,3,72.4144,33.866,215.0,1256.8046,8884d290c08888a8,ok,,
images/20260116_163746_172.bmp,images,20260116_163746_172.bmp,.bmp,12582966,12.0001,1733680b58a206326f1230fc3cd00354ece20d9d2a876d3262c40140ade368c5,2048,2048,4.1943,RGB,3,73.5931,39.4145,237.0,1247.3699,901088cc58d8a0a0,ok,,
images/20260116_163746_627.bmp,images,20260116_163746_627.bmp,.bmp,12582966,12.0001,f7b61e2c6338343e5ee7d7a327cb96c7a8a17eabbf6cb39ad04eba2b7d87c810,2048,2048,4.1943,RGB,3,73.4475,27.919,162.0,639.459,88c8c4c8e060c4d8,ok,,
images/20260116_163747_070.bmp,images,20260116_163747_070.bmp,.bmp,12582966,12.0001,59c3a5e1052e90b64210881d411c1ffc9ae6f79991c20bb85bc7a89716199557,2048,2048,4.1943,RGB,3,75.6529,26.0338,144.0,538.1517,d880d0e0e4c8d0c4,ok,,
images/20260116_163747_520.bmp,images,20260116_163747_520.bmp,.bmp,12582966,12.0001,d8ce5945632de45d5e699e3b5154aaced2ab0218bd05eb460bf14035e2116389,2048,2048,4.1943,RGB,3,74.4512,31.694,219.0,570.5633,c060e0d89080b0e4,ok,,
images/20260116_163747_959.bmp,images,20260116_163747_959.bmp,.bmp,12582966,12.0001,e6c377ac9a74edf49838459dc7cb704f603eb4fbf6d9bacfeac99f72b2558dd4,2048,2048,4.1943,RGB,3,80.354,32.6123,224.0,263.2549,e0c0c0a088c0d0d8,ok,,
images/20260116_163759_968.bmp,images,20260116_163759_968.bmp,.bmp,12582966,12.0001,e18235664e0c2e7e3a4ada2e69e8377a7eeae6a7961b447f9702f7ef9521f118,2048,2048,4.1943,RGB,3,70.9697,28.9195,171.0,1170.9379,981888c41084a020,ok,,
images/20260116_163800_408.bmp,images,20260116_163800_408.bmp,.bmp,12582966,12.0001,b83ad7f1a482c69c5a0ae89945b70e4ffcd4d070888f4a6346b7110663239f98,2048,2048,4.1943,RGB,3,73.6856,33.9366,236.0,957.102,10a4d8d9848848b0,ok,,
images/20260116_163800_860.bmp,images,20260116_163800_860.bmp,.bmp,12582966,12.0001,d8fa8492586d1ed464f0c7256a38dd23ce4f8f47dea7d6a25a43230c40c48aba,2048,2048,4.1943,RGB,3,79.5366,34.7657,227.0,273.2275,8080c088c0d8d8c8,ok,,
images/20260116_163801_330.bmp,images,20260116_163801_330.bmp,.bmp,12582966,12.0001,d4b1229f9dd40c647a2526ce34ca02bfed06d5ca50f07777dc787ca844cd75bf,2048,2048,4.1943,RGB,3,72.9829,20.936,71.0,316.9455,c8d0c8c0e4c8c0d0,ok,,
images/20260116_163801_776.bmp,images,20260116_163801_776.bmp,.bmp,12582966,12.0001,9c35693f41fee827e22f2522bde14b2eb074117457be10d027df45b04e89ee85,2048,2048,4.1943,RGB,3,77.078,31.2861,228.0,496.6765,c4d8d0c020a0c494,ok,,
images/20260116_163802_220.bmp,images,20260116_163802_220.bmp,.bmp,12582966,12.0001,08ca21f73af4866fb6b8a212c21eb1a5abcd4b9058ae1b274a0b898170f6e278,2048,2048,4.1943,RGB,3,79.0831,31.4661,225.0,336.4682,e0c0c8c0c0d8c8e0,ok,,
images/20260116_163802_658.bmp,images,20260116_163802_658.bmp,.bmp,12582966,12.0001,e4a53c3971c8b7444c31a83ce213cb588c8136e4bf52631cfabb1b1a471d4d03,2048,2048,4.1943,RGB,3,79.798,33.2953,225.0,166.6043,c0a8b0c8d0c4b0b0,ok,,
images/20260116_163812_440.bmp,images,20260116_163812_440.bmp,.bmp,12582966,12.0001,03cc9b621cf44fdcdaa9959c36e7378887f60953f350bbb3ca6650ca0c9ab8b2,2048,2048,4.1943,RGB,3,74.9558,36.0739,240.0,1114.0974,9884e090909280c0,ok,,
images/20260116_163813_334.bmp,images,20260116_163813_334.bmp,.bmp,12582966,12.0001,452735c9249a28cc972ed08a182cdb3837abd71917162689173cc25b50b5059e,2048,2048,4.1943,RGB,3,74.4655,33.6425,231.0,925.2773,80c888cc60b8c8c4,ok,,
images/20260116_163814_224.bmp,images,20260116_163814_224.bmp,.bmp,12582966,12.0001,e2b8fb962e08111437e67b19164f57962a3320e2da5522a1620c6813ed3818e8,2048,2048,4.1943,RGB,3,73.13,23.2739,113.0,635.4271,c480c0c8c8c48c90,ok,,
images/20260116_163814_650.bmp,images,20260116_163814_650.bmp,.bmp,12582966,12.0001,6ef6de59a0834b4d80fc8fbcc6b20f548f2617d3d655a05cbb012927964d3bb0,2048,2048,4.1943,RGB,3,76.5052,33.471,231.0,370.2275,98d8a0986444e0c0,ok,,
images/20260116_163815_106.bmp,images,20260116_163815_106.bmp,.bmp,12582966,12.0001,9c8a1b5bc3ee088eac4fddb95e841de6751d05026cbb5256a65aa746b4b93040,2048,2048,4.1943,RGB,3,77.9462,32.407,230.0,380.4031,9090e090d89090e8,ok,,
images/20260116_163815_554.bmp,images,20260116_163815_554.bmp,.bmp,12582966,12.0001,5a2df801eaaf224b5773a048e42b55a54c36431daf520dcc1d83f61242bff5c9,2048,2048,4.1943,RGB,3,75.7353,29.3065,228.0,162.2461,a090a090d0c8e0d8,ok,,
images/20260116_163825_792.bmp,images,20260116_163825_792.bmp,.bmp,12582966,12.0001,e9e215d50dfdca4956695e304aafeadeec7b77762799fcf3fc007721128ee21e,2048,2048,4.1943,RGB,3,77.7708,35.356,232.0,848.892,d084d89890903098,ok,,
images/20260116_163826_240.bmp,images,20260116_163826_240.bmp,.bmp,12582966,12.0001,5a9a1f8153a10174cffecf4eba3c332f1109b6510ff834ab9d0923fab493a812,2048,2048,4.1943,RGB,3,70.5926,31.8673,196.0,1096.6948,cc289894a090d8c4,ok,,
images/20260116_163826_694.bmp,images,20260116_163826_694.bmp,.bmp,12582966,12.0001,da42aaf18ca8e60cc6889572062d8ceb7df78cb1c16ba640c4fb703cb95770fa,2048,2048,4.1943,RGB,3,71.5885,25.7662,144.0,1007.2515,a0d088a42c50c898,ok,,
images/20260116_163827_140.bmp,images,20260116_163827_140.bmp,.bmp,12582966,12.0001,d6aedaf1dc20cba071abb90766d0077ec96f62383a33754fe2e32ed9bf798fb6,2048,2048,4.1943,RGB,3,71.5422,33.0731,213.0,1324.2304,c858189804289090,ok,,
images/20260116_163827_578.bmp,images,20260116_163827_578.bmp,.bmp,12582966,12.0001,967f2b570858965c44d1657746a529c63c55179d29110253b357b096b6b5a868,2048,2048,4.1943,RGB,3,76.2048,35.1909,231.0,788.9927,8888b030d8989088,ok,,
images/20260116_163828_028.bmp,images,20260116_163828_028.bmp,.bmp,12582966,12.0001,c214f569bffa3b49fe80dd25966ecf614974d2b76794e59748e7b7e84b82cd05,2048,2048,4.1943,RGB,3,78.4382,29.077,225.0,306.3198,a030e0c4d8f8c4c8,ok,,
images/20260116_163828_466.bmp,images,20260116_163828_466.bmp,.bmp,12582966,12.0001,6b22ffd6311a72e401f0ac0ebee7ca05aa7706aaaadb425907cf48823354225a,2048,2048,4.1943,RGB,3,80.5442,32.7349,224.0,90.1779,c8c8d0c0c0e0d8d8,ok,,
images/20260116_163828_906.bmp,images,20260116_163828_906.bmp,.bmp,12582966,12.0001,54c69309f457607f046ef4c7163da55af73953e3616a57718229f76156a3eff8,2048,2048,4.1943,RGB,3,75.0422,18.9671,64.0,73.4657,90b0c0e0d0d0e0c0,ok,,
images/20260116_163829_354.bmp,images,20260116_163829_354.bmp,.bmp,12582966,12.0001,4848bdedf8e757dc41a762230895e24cf02766ecf8dfc8798c61f61dc021bc82,2048,2048,4.1943,RGB,3,80.7267,32.4883,224.0,214.2558,e0d8d8e490b0e8c0,ok,,
images/20260116_163840_038.bmp,images,20260116_163840_038.bmp,.bmp,12582966,12.0001,902e983362f2c25c454b51b8fd4e999c12168ee9a9e3b82735a4501dae6578a5,2048,2048,4.1943,RGB,3,75.6067,32.4838,219.0,856.5278,d8f0c8c8f0c0cc80,ok,,
images/20260116_163840_496.bmp,images,20260116_163840_496.bmp,.bmp,12582966,12.0001,ea21df614cb7cb65a0b427564423f04e1935696e465fa8546f7ada9b94bc874b,2048,2048,4.1943,RGB,3,73.0214,31.285,218.0,646.9313,d0c0e0909888a8c0,ok,,
images/20260116_163840_934.bmp,images,20260116_163840_934.bmp,.bmp,12582966,12.0001,af99fc59e256408674b760d95b4f6febc2f10fe0f2480da7a7d16e913a059c16,2048,2048,4.1943,RGB,3,75.484,25.8448,135.0,525.4476,c8c0c0c0c0c2c0d0,ok,,
images/20260116_163841_406.bmp,images,20260116_163841_406.bmp,.bmp,12582966,12.0001,defba387f7ced92025296c221605627ba304cbae762b1ef9d34e0e64209fac29,2048,2048,4.1943,RGB,3,74.8482,30.9565,220.0,773.1855,d8c4c0d890a0d890,ok,,
images/20260116_163841_830.bmp,images,20260116_163841_830.bmp,.bmp,12582966,12.0001,3ab337553132bba9c2d4bd6ef0dae37cc0f6ea84d582dcadcf0039672a823325,2048,2048,4.1943,RGB,3,73.9656,34.3076,229.0,1067.4793,e0b098c0a4a8c4e4,ok,,
images/20260116_163842_278.bmp,images,20260116_163842_278.bmp,.bmp,12582966,12.0001,3174188f41adf93adbee09fd7fa34e60a4dba973f81127c22dd553c0009aa87e,2048,2048,4.1943,RGB,3,78.8724,34.4911,231.0,453.2502,d0c4f0f0e4c4c4c0,ok,,
images/20260116_163922_175.bmp,images,20260116_163922_175.bmp,.bmp,12582966,12.0001,2eed6178999f29b9a5013b60ec3d1a2a260d0c5f98fdd04dd0e69298a631cc16,2048,2048,4.1943,RGB,3,71.8796,36.527,235.0,1453.7453,9090c0089cd88824,ok,,
images/20260116_163922_616.bmp,images,20260116_163922_616.bmp,.bmp,12582966,12.0001,b09215f8b8a4ea6ae7fbc750db80894583106d02fb10930571f971cf36befbf4,2048,2048,4.1943,RGB,3,68.9937,26.2987,142.0,830.0118,c0b0848cc0d09020,ok,,
images/20260116_163923_086.bmp,images,20260116_163923_086.bmp,.bmp,12582966,12.0001,21b075425706225fd3c6776d2b9aa949d85639208fd8d4d6950a1b542ef05602,2048,2048,4.1943,RGB,3,70.7716,35.2858,214.0,1647.6272,0898c28830840090,ok,,
images/20260116_163923_516.bmp,images,20260116_163923_516.bmp,.bmp,12582966,12.0001,988c01809922fac11043a5f8617096308bfdbe5666dc5859c8e1a1ad462753d2,2048,2048,4.1943,RGB,3,76.318,32.1283,230.0,708.2818,c02048c49838c4a4,ok,,
images/20260116_163923_956.bmp,images,20260116_163923_956.bmp,.bmp,12582966,12.0001,22758de9a48cc5319ce46514bfc82bf975f385c7bef84a7e9f9b39f9c04d7bf5,2048,2048,4.1943,RGB,3,78.0377,29.9889,224.0,274.6123,b0c0d0c0c0c8f8d0,ok,,
images/20260116_163924_400.bmp,images,20260116_163924_400.bmp,.bmp,12582966,12.0001,f6d346131bb3135731f4c9909cb87be1cb559ff2f06de816d262514191b25d23,2048,2048,4.1943,RGB,3,80.0843,29.8673,224.0,146.7084,c0f0d8c8e0c0c0f8,ok,,
images/20260116_163934_190.bmp,images,20260116_163934_190.bmp,.bmp,12582966,12.0001,521ee1b9542b3af97083243a7854cac0bb354feade6b04b616139bf2b911dd72,2048,2048,4.1943,RGB,3,77.5892,30.9513,215.0,634.7266,c0c0f8d8909888c0,ok,,
images/20260116_163934_626.bmp,images,20260116_163934_626.bmp,.bmp,12582966,12.0001,ef65a7061442cd050fa30e0a5c8926da416e8852ad898170a005715d72c37591,2048,2048,4.1943,RGB,3,71.5803,37.4899,243.0,1438.0118,90cc2088d09080c0,ok,,
images/20260116_163935_076.bmp,images,20260116_163935_076.bmp,.bmp,12582966,12.0001,2cc66aabf45d27c4a8f511315b4d187802efc4298467aadf5db760ef8b98b8bc,2048,2048,4.1943,RGB,3,71.1279,34.3309,206.0,1521.6146,e0a0a0c892a818c4,ok,,
images/20260116_163935_537.bmp,images,20260116_163935_537.bmp,.bmp,12582966,12.0001,3341ad78f7138c6a2329726619fa52ef5da49378b1293b531efe81e4ba7a0b5a,2048,2048,4.1943,RGB,3,72.0746,24.0034,121.0,699.1787,848ca4c8c8c8c0c8,ok,,
images/20260116_163935_966.bmp,images,20260116_163935_966.bmp,.bmp,12582966,12.0001,8c83fef5bd32de340e8e4142b6d27e519ca6cb2f3e3029c95ddcbdb20d8e1374,2048,2048,4.1943,RGB,3,74.3501,32.6014,234.0,587.9443,d81088d0e0c8c8e0,ok,,
images/20260116_163936_426.bmp,images,20260116_163936_426.bmp,.bmp,12582966,12.0001,9d8e4eec15496d13576cda5593734c63f997e859a67e860aa1bf46b7f3d4eaea,2048,2048,4.1943,RGB,3,80.6612,33.4766,224.0,152.616,c0e0c0d8584090e0,ok,,
images/20260116_163936_858.bmp,images,20260116_163936_858.bmp,.bmp,12582966,12.0001,8c0a098c99a2b6c71261438d63e6f7992024aa1dc7c7062aac0a5f205b4c0d2e,2048,2048,4.1943,RGB,3,77.631,33.7781,226.0,158.9971,c090d0d0e0c0d8d8,ok,,
images/20260116_163946_652.bmp,images,20260116_163946_652.bmp,.bmp,12582966,12.0001,600d279cda91476e77089ec080053c8713c20a4d5aaf7ecf940620bdbb212326,2048,2048,4.1943,RGB,3,71.9944,22.8667,100.0,513.163,90a0e0c090a48090,ok,,
images/20260116_163947_106.bmp,images,20260116_163947_106.bmp,.bmp,12582966,12.0001,972f79b71b77622f3992b6455c3aa1a94f74c2a90ee2eb1ab35f9f09d1135186,2048,2048,4.1943,RGB,3,73.4727,34.9725,231.0,1297.3456,2498900c846420c8,ok,,
images/20260116_163947_554.bmp,images,20260116_163947_554.bmp,.bmp,12582966,12.0001,249c3d2bd07baef76ba2ed4da2283b62906263303df0e3b6dab0b2329739ddc2,2048,2048,4.1943,RGB,3,70.0924,34.5052,218.0,1218.4262,2050988804d8c8a8,ok,,
images/20260116_163948_012.bmp,images,20260116_163948_012.bmp,.bmp,12582966,12.0001,2aae1cbc78ab98e23bb07abcd0933354b3f7923ef725c28fb22d69ca2fbc13bb,2048,2048,4.1943,RGB,3,71.7239,25.3275,133.0,901.6898,8884a428d8c4c4c4,ok,,
images/20260116_163948_436.bmp,images,20260116_163948_436.bmp,.bmp,12582966,12.0001,285a9fb434474f9d0713ea79a0e5d39151d5184eceb5e36e826d0b32a6ef6d17,2048,2048,4.1943,RGB,3,76.8245,35.7693,231.0,908.8097,c8d8389880c8c8a4,ok,,
images/20260116_163948_880.bmp,images,20260116_163948_880.bmp,.bmp,12582966,12.0001,bf78426fc6e715953a53d3b014b196192fe8f26ceb10992ccad66fac3048fca2,2048,2048,4.1943,RGB,3,80.1785,33.5141,226.0,188.3622,d8c8b0f0c0e0c8c0,ok,,
images/20260116_163949_336.bmp,images,20260116_163949_336.bmp,.bmp,12582966,12.0001,4414c287e34013c114a1c5e53ad14b9f2a6c1c949687636bcecffc25012ab4af,2048,2048,4.1943,RGB,3,80.1116,34.5061,226.0,306.1493,c8c080b0f8a8c0c0,ok,,
images/20260116_163949_775.bmp,images,20260116_163949_775.bmp,.bmp,12582966,12.0001,85f177504be22b3c836577f16457c48b84da96637afaec0b9b0be868a7f7d275,2048,2048,4.1943,RGB,3,80.0534,33.2588,224.0,173.4762,c8b0a0c020e0d898,ok,,
images/20260116_164000_010.bmp,images,20260116_164000_010.bmp,.bmp,12582966,12.0001,d9009b0d7d2645b189099650cf53cc568020e5a1f8d5c9dc2ab6ec1f6b4cfa0b,2048,2048,4.1943,RGB,3,80.7969,33.4191,224.0,250.5329,c0c4f8f0c4e09028,ok,,
images/20260116_164000_461.bmp,images,20260116_164000_461.bmp,.bmp,12582966,12.0001,b698e95753424cd7d9c42b9ddc8cff1967fa5a43fc242c7d8ca3e0ac22ab2100,2048,2048,4.1943,RGB,3,72.1253,29.2954,179.0,1071.4416,98c4c0a898d090c8,ok,,
images/20260116_164000_894.bmp,images,20260116_164000_894.bmp,.bmp,12582966,12.0001,aaf4ed4b4ece180157ed35e7d974deb23242e4d19c3a8a830cd8c7a1e961f023,2048,2048,4.1943,RGB,3,70.4138,30.0937,179.0,1184.6556,60a06490906ca018,ok,,
images/20260116_164001_788.bmp,images,20260116_164001_788.bmp,.bmp,12582966,12.0001,2d7c59acef1f5f8454a488938a1628b0384a512c5b8ceb685b3f057967e67a92,2048,2048,4.1943,RGB,3,72.3393,34.657,236.0,969.8754,c8c88098c8d0d090,ok,,
images/20260116_164003_134.bmp,images,20260116_164003_134.bmp,.bmp,12582966,12.0001,73022fae0f8705cc50f4b485df31ad399420ccec8b9e618e94e8093324be7c6f,2048,2048,4.1943,RGB,3,80.0389,33.4698,225.0,205.8424,b0b084c0c890d068,ok,,
images/20260116_164003_571.bmp,images,20260116_164003_571.bmp,.bmp,12582966,12.0001,bba425c8d01de22bebcdee05fd4ca43e552a187cd85ff9431631cef678bc0923,2048,2048,4.1943,RGB,3,80.1899,33.2557,225.0,337.968,c09078d0c0c8c0a0,ok,,
images/20260116_164004_028.bmp,images,20260116_164004_028.bmp,.bmp,12582966,12.0001,da9cbc245bc602aa675299971e05f1be1e0f767d56132ecf6b342c3ebcae2a48,2048,2048,4.1943,RGB,3,78.207,33.5224,225.0,314.041,e0b0b060d898b098,ok,,
images/20260116_164004_474.bmp,images,20260116_164004_474.bmp,.bmp,12582966,12.0001,3b113172f5297ed41ee12c83ddebcf09878ed9089db6cc90271b35cd02238fd0,2048,2048,4.1943,RGB,3,79.0547,32.0433,226.0,177.7595,b0e090c040c0e0d8,ok,,
images/20260116_164015_150.bmp,images,20260116_164015_150.bmp,.bmp,12582966,12.0001,377987e5880180399cfdd41aa2895045279f93c074d6aadb93d84c21b9914e1f,2048,2048,4.1943,RGB,3,72.6278,40.354,242.0,1421.5645,60c080d084b8d884,ok,,
images/20260116_164015_584.bmp,images,20260116_164015_584.bmp,.bmp,12582966,12.0001,b5ccd65d988da9cc7fd7215105f6339a6d3c70afcb7dcf110e09583789c4f409,2048,2048,4.1943,RGB,3,70.34,24.508,124.0,771.8046,808cc89090e088a0,ok,,
images/20260116_164016_038.bmp,images,20260116_164016_038.bmp,.bmp,12582966,12.0001,48ea6f354f7e15ebe81430948d2cd83eb6ebb776ede026a3f70ddbed3322726a,2048,2048,4.1943,RGB,3,79.191,34.5347,228.0,442.1643,d2d8d8e48880e090,ok,,
images/20260116_164016_486.bmp,images,20260116_164016_486.bmp,.bmp,12582966,12.0001,652f59d03517400c52afd012b9c6b76a83e4ce5f99da9cb25cb9e9426e41fa32,2048,2048,4.1943,RGB,3,79.5171,34.6691,227.0,378.8062,88c0d0d0d0d8c8c8,ok,,
images/20260116_164016_935.bmp,images,20260116_164016_935.bmp,.bmp,12582966,12.0001,06b11dca1566de66c0a0655d3456d0cdcef4a830c8357f7067fd67110b106fb8,2048,2048,4.1943,RGB,3,80.478,32.8962,224.0,113.1454,c0c0d0c8d0c8b0b0,ok,,
images/20260116_164017_375.bmp,images,20260116_164017_375.bmp,.bmp,12582966,12.0001,97d168ee2f2a68a12654745c8c61078880989eea61b16d2f94cabc4f80158168,2048,2048,4.1943,RGB,3,76.9364,20.704,65.0,184.6229,b098d8d0c0e0c0f0,ok,,
