hamming_distance,left_path,right_path
0,basler_120126/Image__2026-01-12__16-31-10.bmp,basler_120126/Image__2026-01-12__16-36-44.bmp
0,basler_120126/Image__2026-01-12__16-31-10.bmp,basler_120126/Image__2026-01-12__17-01-40.bmp
0,basler_120126/Image__2026-01-12__16-31-10.bmp,basler_120126/Image__2026-01-12__17-02-44.bmp
0,basler_120126/Image__2026-01-12__16-31-10.bmp,basler_120126/Image__2026-01-12__17-04-57.bmp
0,basler_120126/Image__2026-01-12__16-32-40.bmp,basler_120126/Image__2026-01-12__16-32-51.bmp
0,basler_120126/Image__2026-01-12__16-33-42.bmp,basler_120126/Image__2026-01-12__16-33-50.bmp
0,basler_120126/Image__2026-01-12__16-33-42.bmp,basler_120126/Image__2026-01-12__16-36-17.bmp
0,basler_120126/Image__2026-01-12__16-33-42.bmp,basler_120126/Image__2026-01-12__16-36-30.bmp
0,basler_120126/Image__2026-01-12__16-33-42.bmp,basler_120126/Image__2026-01-12__16-58-42.bmp
0,basler_120126/Image__2026-01-12__16-33-42.bmp,basler_120126/Image__2026-01-12__17-01-23.bmp
0,basler_120126/Image__2026-01-12__16-33-50.bmp,basler_120126/Image__2026-01-12__16-36-17.bmp
0,basler_120126/Image__2026-01-12__16-33-50.bmp,basler_120126/Image__2026-01-12__16-36-30.bmp
0,basler_120126/Image__2026-01-12__16-33-50.bmp,basler_120126/Image__2026-01-12__16-58-42.bmp
0,basler_120126/Image__2026-01-12__16-33-50.bmp,basler_120126/Image__2026-01-12__17-01-23.bmp
0,basler_120126/Image__2026-01-12__16-33-57.bmp,basler_120126/Image__2026-01-12__16-34-15.bmp
0,basler_120126/Image__2026-01-12__16-33-57.bmp,basler_120126/Image__2026-01-12__16-34-27.bmp
0,basler_120126/Image__2026-01-12__16-34-15.bmp,basler_120126/Image__2026-01-12__16-34-27.bmp
0,basler_120126/Image__2026-01-12__16-34-45.bmp,basler_120126/Image__2026-01-12__16-34-57.bmp
0,basler_120126/Image__2026-01-12__16-36-17.bmp,basler_120126/Image__2026-01-12__16-36-30.bmp
0,basler_120126/Image__2026-01-12__16-36-17.bmp,basler_120126/Image__2026-01-12__16-58-42.bmp
0,basler_120126/Image__2026-01-12__16-36-17.bmp,basler_120126/Image__2026-01-12__17-01-23.bmp
0,basler_120126/Image__2026-01-12__16-36-30.bmp,basler_120126/Image__2026-01-12__16-58-42.bmp
0,basler_120126/Image__2026-01-12__16-36-30.bmp,basler_120126/Image__2026-01-12__17-01-23.bmp
0,basler_120126/Image__2026-01-12__16-36-44.bmp,basler_120126/Image__2026-01-12__17-01-40.bmp
0,basler_120126/Image__2026-01-12__16-36-44.bmp,basler_120126/Image__2026-01-12__17-02-44.bmp
0,basler_120126/Image__2026-01-12__16-36-44.bmp,basler_120126/Image__2026-01-12__17-04-57.bmp
0,basler_120126/Image__2026-01-12__16-37-46.bmp,basler_120126/Image__2026-01-12__16-38-59.bmp
0,basler_120126/Image__2026-01-12__16-37-46.bmp,basler_120126/Image__2026-01-12__16-47-38.bmp
0,basler_120126/Image__2026-01-12__16-37-46.bmp,basler_120126/Image__2026-01-12__16-47-46.bmp
0,basler_120126/Image__2026-01-12__16-38-59.bmp,basler_120126/Image__2026-01-12__16-47-38.bmp
0,basler_120126/Image__2026-01-12__16-38-59.bmp,basler_120126/Image__2026-01-12__16-47-46.bmp
0,basler_120126/Image__2026-01-12__16-45-29.bmp,basler_120126/Image__2026-01-12__16-48-58.bmp
0,basler_120126/Image__2026-01-12__16-45-29.bmp,basler_120126/Image__2026-01-12__17-00-15.bmp
0,basler_120126/Image__2026-01-12__16-46-32.bmp,basler_120126/Image__2026-01-12__16-46-40.bmp
0,basler_120126/Image__2026-01-12__16-46-32.bmp,basler_120126/Image__2026-01-12__16-46-52.bmp
0,basler_120126/Image__2026-01-12__16-46-40.bmp,basler_120126/Image__2026-01-12__16-46-52.bmp
0,basler_120126/Image__2026-01-12__16-47-08.bmp,basler_120126/Image__2026-01-12__16-47-16.bmp
0,basler_120126/Image__2026-01-12__16-47-38.bmp,basler_120126/Image__2026-01-12__16-47-46.bmp
0,basler_120126/Image__2026-01-12__16-48-58.bmp,basler_120126/Image__2026-01-12__17-00-15.bmp
0,basler_120126/Image__2026-01-12__16-50-09.bmp,basler_120126/Image__2026-01-12__16-50-23.bmp
0,basler_120126/Image__2026-01-12__16-50-09.bmp,basler_120126/Image__2026-01-12__16-51-20.bmp
0,basler_120126/Image__2026-01-12__16-50-23.bmp,basler_120126/Image__2026-01-12__16-51-20.bmp
0,basler_120126/Image__2026-01-12__16-58-42.bmp,basler_120126/Image__2026-01-12__17-01-23.bmp
0,basler_120126/Image__2026-01-12__17-00-32.bmp,basler_OldObj/Image__2025-12-29__16-04-04.bmp
0,basler_120126/Image__2026-01-12__17-00-32.bmp,basler_OldObj/Image__2025-12-29__16-04-24.bmp
0,basler_120126/Image__2026-01-12__17-00-32.bmp,basler_OldObj/Image__2025-12-29__16-04-32.bmp
0,basler_120126/Image__2026-01-12__17-00-32.bmp,basler_OldObj/Image__2025-12-29__16-05-08.bmp
0,basler_120126/Image__2026-01-12__17-00-32.bmp,basler_OldObj/Image__2025-12-29__16-05-24.bmp
0,basler_120126/Image__2026-01-12__17-00-32.bmp,basler_OldObj/Image__2025-12-29__16-06-19.bmp
0,basler_120126/Image__2026-01-12__17-00-32.bmp,basler_OldObj/Image__2025-12-29__16-06-32.bmp
0,basler_120126/Image__2026-01-12__17-00-32.bmp,basler_OldObj/Image__2025-12-29__16-07-22.bmp
0,basler_120126/Image__2026-01-12__17-00-32.bmp,basler_OldObj/Image__2025-12-29__16-07-28.bmp
0,basler_120126/Image__2026-01-12__17-00-32.bmp,basler_OldObj/Image__2025-12-29__16-07-33.bmp
0,basler_120126/Image__2026-01-12__17-00-32.bmp,basler_OldObj/Image__2025-12-29__16-07-39.bmp
0,basler_120126/Image__2026-01-12__17-00-32.bmp,basler_OldObj/Image__2025-12-29__16-07-44.bmp
0,basler_120126/Image__2026-01-12__17-00-32.bmp,basler_OldObj/Image__2025-12-29__16-08-16.bmp
0,basler_120126/Image__2026-01-12__17-00-32.bmp,basler_OldObj/Image__2025-12-29__16-31-03.bmp
0,basler_120126/Image__2026-01-12__17-00-32.bmp,basler_OldObj/Image__2025-12-29__16-31-10.bmp
0,basler_120126/Image__2026-01-12__17-01-40.bmp,basler_120126/Image__2026-01-12__17-02-44.bmp
0,basler_120126/Image__2026-01-12__17-01-40.bmp,basler_120126/Image__2026-01-12__17-04-57.bmp
0,basler_120126/Image__2026-01-12__17-02-44.bmp,basler_120126/Image__2026-01-12__17-04-57.bmp
0,basler_OldObj/Image__2025-12-29__16-04-04.bmp,basler_OldObj/Image__2025-12-29__16-04-24.bmp
0,basler_OldObj/Image__2025-12-29__16-04-04.bmp,basler_OldObj/Image__2025-12-29__16-04-32.bmp
0,basler_OldObj/Image__2025-12-29__16-04-04.bmp,basler_OldObj/Image__2025-12-29__16-05-08.bmp
0,basler_OldObj/Image__2025-12-29__16-04-04.bmp,basler_OldObj/Image__2025-12-29__16-05-24.bmp
0,basler_OldObj/Image__2025-12-29__16-04-04.bmp,basler_OldObj/Image__2025-12-29__16-06-19.bmp
0,basler_OldObj/Image__2025-12-29__16-04-04.bmp,basler_OldObj/Image__2025-12-29__16-06-32.bmp
0,basler_OldObj/Image__2025-12-29__16-04-04.bmp,basler_OldObj/Image__2025-12-29__16-07-22.bmp
0,basler_OldObj/Image__2025-12-29__16-04-04.bmp,basler_OldObj/Image__2025-12-29__16-07-28.bmp
0,basler_OldObj/Image__2025-12-29__16-04-04.bmp,basler_OldObj/Image__2025-12-29__16-07-33.bmp
0,basler_OldObj/Image__2025-12-29__16-04-04.bmp,basler_OldObj/Image__2025-12-29__16-07-39.bmp
0,basler_OldObj/Image__2025-12-29__16-04-04.bmp,basler_OldObj/Image__2025-12-29__16-07-44.bmp
0,basler_OldObj/Image__2025-12-29__16-04-04.bmp,basler_OldObj/Image__2025-12-29__16-08-16.bmp
0,basler_OldObj/Image__2025-12-29__16-04-04.bmp,basler_OldObj/Image__2025-12-29__16-31-03.bmp
0,basler_OldObj/Image__2025-12-29__16-04-04.bmp,basler_OldObj/Image__2025-12-29__16-31-10.bmp
0,basler_OldObj/Image__2025-12-29__16-04-15.bmp,basler_OldObj/Image__2025-12-29__16-04-40.bmp
0,basler_OldObj/Image__2025-12-29__16-04-15.bmp,basler_OldObj/Image__2025-12-29__16-04-46.bmp
0,basler_OldObj/Image__2025-12-29__16-04-24.bmp,basler_OldObj/Image__2025-12-29__16-04-32.bmp
0,basler_OldObj/Image__2025-12-29__16-04-24.bmp,basler_OldObj/Image__2025-12-29__16-05-08.bmp
0,basler_OldObj/Image__2025-12-29__16-04-24.bmp,basler_OldObj/Image__2025-12-29__16-05-24.bmp
0,basler_OldObj/Image__2025-12-29__16-04-24.bmp,basler_OldObj/Image__2025-12-29__16-06-19.bmp
0,basler_OldObj/Image__2025-12-29__16-04-24.bmp,basler_OldObj/Image__2025-12-29__16-06-32.bmp
0,basler_OldObj/Image__2025-12-29__16-04-24.bmp,basler_OldObj/Image__2025-12-29__16-07-22.bmp
0,basler_OldObj/Image__2025-12-29__16-04-24.bmp,basler_OldObj/Image__2025-12-29__16-07-28.bmp
0,basler_OldObj/Image__2025-12-29__16-04-24.bmp,basler_OldObj/Image__2025-12-29__16-07-33.bmp
0,basler_OldObj/Image__2025-12-29__16-04-24.bmp,basler_OldObj/Image__2025-12-29__16-07-39.bmp
0,basler_OldObj/Image__2025-12-29__16-04-24.bmp,basler_OldObj/Image__2025-12-29__16-07-44.bmp
0,basler_OldObj/Image__2025-12-29__16-04-24.bmp,basler_OldObj/Image__2025-12-29__16-08-16.bmp
0,basler_OldObj/Image__2025-12-29__16-04-24.bmp,basler_OldObj/Image__2025-12-29__16-31-03.bmp
0,basler_OldObj/Image__2025-12-29__16-04-24.bmp,basler_OldObj/Image__2025-12-29__16-31-10.bmp
0,basler_OldObj/Image__2025-12-29__16-04-32.bmp,basler_OldObj/Image__2025-12-29__16-05-08.bmp
0,basler_OldObj/Image__2025-12-29__16-04-32.bmp,basler_OldObj/Image__2025-12-29__16-05-24.bmp
0,basler_OldObj/Image__2025-12-29__16-04-32.bmp,basler_OldObj/Image__2025-12-29__16-06-19.bmp
0,basler_OldObj/Image__2025-12-29__16-04-32.bmp,basler_OldObj/Image__2025-12-29__16-06-32.bmp
0,basler_OldObj/Image__2025-12-29__16-04-32.bmp,basler_OldObj/Image__2025-12-29__16-07-22.bmp
0,basler_OldObj/Image__2025-12-29__16-04-32.bmp,basler_OldObj/Image__2025-12-29__16-07-28.bmp
0,basler_OldObj/Image__2025-12-29__16-04-32.bmp,basler_OldObj/Image__2025-12-29__16-07-33.bmp
0,basler_OldObj/Image__2025-12-29__16-04-32.bmp,basler_OldObj/Image__2025-12-29__16-07-39.bmp
0,basler_OldObj/Image__2025-12-29__16-04-32.bmp,basler_OldObj/Image__2025-12-29__16-07-44.bmp
0,basler_OldObj/Image__2025-12-29__16-04-32.bmp,basler_OldObj/Image__2025-12-29__16-08-16.bmp
0,basler_OldObj/Image__2025-12-29__16-04-32.bmp,basler_OldObj/Image__2025-12-29__16-31-03.bmp
0,basler_OldObj/Image__2025-12-29__16-04-32.bmp,basler_OldObj/Image__2025-12-29__16-31-10.bmp
0,basler_OldObj/Image__2025-12-29__16-04-40.bmp,basler_OldObj/Image__2025-12-29__16-04-46.bmp
0,basler_OldObj/Image__2025-12-29__16-05-08.bmp,basler_OldObj/Image__2025-12-29__16-05-24.bmp
0,basler_OldObj/Image__2025-12-29__16-05-08.bmp,basler_OldObj/Image__2025-12-29__16-06-19.bmp
0,basler_OldObj/Image__2025-12-29__16-05-08.bmp,basler_OldObj/Image__2025-12-29__16-06-32.bmp
0,basler_OldObj/Image__2025-12-29__16-05-08.bmp,basler_OldObj/Image__2025-12-29__16-07-22.bmp
0,basler_OldObj/Image__2025-12-29__16-05-08.bmp,basler_OldObj/Image__2025-12-29__16-07-28.bmp
0,basler_OldObj/Image__2025-12-29__16-05-08.bmp,basler_OldObj/Image__2025-12-29__16-07-33.bmp
0,basler_OldObj/Image__2025-12-29__16-05-08.bmp,basler_OldObj/Image__2025-12-29__16-07-39.bmp
0,basler_OldObj/Image__2025-12-29__16-05-08.bmp,basler_OldObj/Image__2025-12-29__16-07-44.bmp
0,basler_OldObj/Image__2025-12-29__16-05-08.bmp,basler_OldObj/Image__2025-12-29__16-08-16.bmp
0,basler_OldObj/Image__2025-12-29__16-05-08.bmp,basler_OldObj/Image__2025-12-29__16-31-03.bmp
0,basler_OldObj/Image__2025-12-29__16-05-08.bmp,basler_OldObj/Image__2025-12-29__16-31-10.bmp
0,basler_OldObj/Image__2025-12-29__16-05-24.bmp,basler_OldObj/Image__2025-12-29__16-06-19.bmp
0,basler_OldObj/Image__2025-12-29__16-05-24.bmp,basler_OldObj/Image__2025-12-29__16-06-32.bmp
0,basler_OldObj/Image__2025-12-29__16-05-24.bmp,basler_OldObj/Image__2025-12-29__16-07-22.bmp
0,basler_OldObj/Image__2025-12-29__16-05-24.bmp,basler_OldObj/Image__2025-12-29__16-07-28.bmp
0,basler_OldObj/Image__2025-12-29__16-05-24.bmp,basler_OldObj/Image__2025-12-29__16-07-33.bmp
0,basler_OldObj/Image__2025-12-29__16-05-24.bmp,basler_OldObj/Image__2025-12-29__16-07-39.bmp
0,basler_OldObj/Image__2025-12-29__16-05-24.bmp,basler_OldObj/Image__2025-12-29__16-07-44.bmp
0,basler_OldObj/Image__2025-12-29__16-05-24.bmp,basler_OldObj/Image__2025-12-29__16-08-16.bmp
0,basler_OldObj/Image__2025-12-29__16-05-24.bmp,basler_OldObj/Image__2025-12-29__16-31-03.bmp
0,basler_OldObj/Image__2025-12-29__16-05-24.bmp,basler_OldObj/Image__2025-12-29__16-31-10.bmp
0,basler_OldObj/Image__2025-12-29__16-06-19.bmp,basler_OldObj/Image__2025-12-29__16-06-32.bmp
0,basler_OldObj/Image__2025-12-29__16-06-19.bmp,basler_OldObj/Image__2025-12-29__16-07-22.bmp
0,basler_OldObj/Image__2025-12-29__16-06-19.bmp,basler_OldObj/Image__2025-12-29__16-07-28.bmp
0,basler_OldObj/Image__2025-12-29__16-06-19.bmp,basler_OldObj/Image__2025-12-29__16-07-33.bmp
0,basler_OldObj/Image__2025-12-29__16-06-19.bmp,basler_OldObj/Image__2025-12-29__16-07-39.bmp
0,basler_OldObj/Image__2025-12-29__16-06-19.bmp,basler_OldObj/Image__2025-12-29__16-07-44.bmp
0,basler_OldObj/Image__2025-12-29__16-06-19.bmp,basler_OldObj/Image__2025-12-29__16-08-16.bmp
0,basler_OldObj/Image__2025-12-29__16-06-19.bmp,basler_OldObj/Image__2025-12-29__16-31-03.bmp
0,basler_OldObj/Image__2025-12-29__16-06-19.bmp,basler_OldObj/Image__2025-12-29__16-31-10.bmp
0,basler_OldObj/Image__2025-12-29__16-06-32.bmp,basler_OldObj/Image__2025-12-29__16-07-22.bmp
0,basler_OldObj/Image__2025-12-29__16-06-32.bmp,basler_OldObj/Image__2025-12-29__16-07-28.bmp
0,basler_OldObj/Image__2025-12-29__16-06-32.bmp,basler_OldObj/Image__2025-12-29__16-07-33.bmp
0,basler_OldObj/Image__2025-12-29__16-06-32.bmp,basler_OldObj/Image__2025-12-29__16-07-39.bmp
0,basler_OldObj/Image__2025-12-29__16-06-32.bmp,basler_OldObj/Image__2025-12-29__16-07-44.bmp
0,basler_OldObj/Image__2025-12-29__16-06-32.bmp,basler_OldObj/Image__2025-12-29__16-08-16.bmp
0,basler_OldObj/Image__2025-12-29__16-06-32.bmp,basler_OldObj/Image__2025-12-29__16-31-03.bmp
0,basler_OldObj/Image__2025-12-29__16-06-32.bmp,basler_OldObj/Image__2025-12-29__16-31-10.bmp
0,basler_OldObj/Image__2025-12-29__16-07-22.bmp,basler_OldObj/Image__2025-12-29__16-07-28.bmp
0,basler_OldObj/Image__2025-12-29__16-07-22.bmp,basler_OldObj/Image__2025-12-29__16-07-33.bmp
0,basler_OldObj/Image__2025-12-29__16-07-22.bmp,basler_OldObj/Image__2025-12-29__16-07-39.bmp
0,basler_OldObj/Image__2025-12-29__16-07-22.bmp,basler_OldObj/Image__2025-12-29__16-07-44.bmp
0,basler_OldObj/Image__2025-12-29__16-07-22.bmp,basler_OldObj/Image__2025-12-29__16-08-16.bmp
0,basler_OldObj/Image__2025-12-29__16-07-22.bmp,basler_OldObj/Image__2025-12-29__16-31-03.bmp
0,basler_OldObj/Image__2025-12-29__16-07-22.bmp,basler_OldObj/Image__2025-12-29__16-31-10.bmp
0,basler_OldObj/Image__2025-12-29__16-07-28.bmp,basler_OldObj/Image__2025-12-29__16-07-33.bmp
0,basler_OldObj/Image__2025-12-29__16-07-28.bmp,basler_OldObj/Image__2025-12-29__16-07-39.bmp
0,basler_OldObj/Image__2025-12-29__16-07-28.bmp,basler_OldObj/Image__2025-12-29__16-07-44.bmp
0,basler_OldObj/Image__2025-12-29__16-07-28.bmp,basler_OldObj/Image__2025-12-29__16-08-16.bmp
0,basler_OldObj/Image__2025-12-29__16-07-28.bmp,basler_OldObj/Image__2025-12-29__16-31-03.bmp
0,basler_OldObj/Image__2025-12-29__16-07-28.bmp,basler_OldObj/Image__2025-12-29__16-31-10.bmp
0,basler_OldObj/Image__2025-12-29__16-07-33.bmp,basler_OldObj/Image__2025-12-29__16-07-39.bmp
0,basler_OldObj/Image__2025-12-29__16-07-33.bmp,basler_OldObj/Image__2025-12-29__16-07-44.bmp
0,basler_OldObj/Image__2025-12-29__16-07-33.bmp,basler_OldObj/Image__2025-12-29__16-08-16.bmp
0,basler_OldObj/Image__2025-12-29__16-07-33.bmp,basler_OldObj/Image__2025-12-29__16-31-03.bmp
0,basler_OldObj/Image__2025-12-29__16-07-33.bmp,basler_OldObj/Image__2025-12-29__16-31-10.bmp
0,basler_OldObj/Image__2025-12-29__16-07-39.bmp,basler_OldObj/Image__2025-12-29__16-07-44.bmp
0,basler_OldObj/Image__2025-12-29__16-07-39.bmp,basler_OldObj/Image__2025-12-29__16-08-16.bmp
0,basler_OldObj/Image__2025-12-29__16-07-39.bmp,basler_OldObj/Image__2025-12-29__16-31-03.bmp
0,basler_OldObj/Image__2025-12-29__16-07-39.bmp,basler_OldObj/Image__2025-12-29__16-31-10.bmp
0,basler_OldObj/Image__2025-12-29__16-07-44.bmp,basler_OldObj/Image__2025-12-29__16-08-16.bmp
0,basler_OldObj/Image__2025-12-29__16-07-44.bmp,basler_OldObj/Image__2025-12-29__16-31-03.bmp
0,basler_OldObj/Image__2025-12-29__16-07-44.bmp,basler_OldObj/Image__2025-12-29__16-31-10.bmp
0,basler_OldObj/Image__2025-12-29__16-07-49.bmp,basler_OldObj/Image__2025-12-29__16-07-54.bmp
0,basler_OldObj/Image__2025-12-29__16-07-49.bmp,basler_OldObj/Image__2025-12-29__16-08-07.bmp
0,basler_OldObj/Image__2025-12-29__16-07-54.bmp,basler_OldObj/Image__2025-12-29__16-08-07.bmp
0,basler_OldObj/Image__2025-12-29__16-08-16.bmp,basler_OldObj/Image__2025-12-29__16-31-03.bmp
0,basler_OldObj/Image__2025-12-29__16-08-16.bmp,basler_OldObj/Image__2025-12-29__16-31-10.bmp
0,basler_OldObj/Image__2025-12-29__16-08-22.bmp,basler_OldObj/Image__2025-12-29__16-08-33.bmp
0,basler_OldObj/Image__2025-12-29__16-08-22.bmp,basler_OldObj/Image__2025-12-29__16-08-42.bmp
0,basler_OldObj/Image__2025-12-29__16-08-33.bmp,basler_OldObj/Image__2025-12-29__16-08-42.bmp
0,basler_OldObj/Image__2025-12-29__16-08-56.bmp,basler_OldObj/Image__2025-12-29__16-09-06.bmp
0,basler_OldObj/Image__2025-12-29__16-08-56.bmp,basler_OldObj/Image__2025-12-29__16-09-15.bmp
0,basler_OldObj/Image__2025-12-29__16-08-56.bmp,basler_OldObj/Image__2025-12-29__16-09-21.bmp
0,basler_OldObj/Image__2025-12-29__16-08-56.bmp,basler_OldObj/Image__2025-12-29__16-09-28.bmp
0,basler_OldObj/Image__2025-12-29__16-09-06.bmp,basler_OldObj/Image__2025-12-29__16-09-15.bmp
0,basler_OldObj/Image__2025-12-29__16-09-06.bmp,basler_OldObj/Image__2025-12-29__16-09-21.bmp
0,basler_OldObj/Image__2025-12-29__16-09-06.bmp,basler_OldObj/Image__2025-12-29__16-09-28.bmp
0,basler_OldObj/Image__2025-12-29__16-09-15.bmp,basler_OldObj/Image__2025-12-29__16-09-21.bmp
0,basler_OldObj/Image__2025-12-29__16-09-15.bmp,basler_OldObj/Image__2025-12-29__16-09-28.bmp
0,basler_OldObj/Image__2025-12-29__16-09-21.bmp,basler_OldObj/Image__2025-12-29__16-09-28.bmp
0,basler_OldObj/Image__2025-12-29__16-09-35.bmp,basler_OldObj/Image__2025-12-29__16-09-42.bmp
0,basler_OldObj/Image__2025-12-29__16-09-57.bmp,basler_OldObj/Image__2025-12-29__16-10-07.bmp
0,basler_OldObj/Image__2025-12-29__16-10-54.bmp,basler_OldObj/Image__2025-12-29__16-11-02.bmp
0,basler_OldObj/Image__2025-12-29__16-10-54.bmp,basler_OldObj/Image__2025-12-29__16-11-08.bmp
0,basler_OldObj/Image__2025-12-29__16-11-02.bmp,basler_OldObj/Image__2025-12-29__16-11-08.bmp
0,basler_OldObj/Image__2025-12-29__16-11-13.bmp,basler_OldObj/Image__2025-12-29__16-11-19.bmp
0,basler_OldObj/Image__2025-12-29__16-11-13.bmp,basler_OldObj/Image__2025-12-29__16-11-24.bmp
0,basler_OldObj/Image__2025-12-29__16-11-19.bmp,basler_OldObj/Image__2025-12-29__16-11-24.bmp
0,basler_OldObj/Image__2025-12-29__16-12-05.bmp,basler_OldObj/Image__2025-12-29__16-12-10.bmp
0,basler_OldObj/Image__2025-12-29__16-17-17.bmp,basler_OldObj/Image__2025-12-29__16-19-29.bmp
0,basler_OldObj/Image__2025-12-29__16-21-22.bmp,basler_OldObj/Image__2025-12-29__16-21-27.bmp
0,basler_OldObj/Image__2025-12-29__16-22-03.bmp,basler_OldObj/Image__2025-12-29__16-22-08.bmp
0,basler_OldObj/Image__2025-12-29__16-31-03.bmp,basler_OldObj/Image__2025-12-29__16-31-10.bmp
0,basler_OldObj/Image__2025-12-29__16-31-54.bmp,basler_OldObj/Image__2025-12-29__16-31-58.bmp
0,basler_OldObj/Image__2025-12-29__16-31-54.bmp,basler_OldObj/Image__2025-12-29__16-32-02.bmp
0,basler_OldObj/Image__2025-12-29__16-31-54.bmp,basler_OldObj/Image__2025-12-29__16-32-06.bmp
0,basler_OldObj/Image__2025-12-29__16-31-54.bmp,basler_OldObj/Image__2025-12-29__16-32-09.bmp
0,basler_OldObj/Image__2025-12-29__16-31-54.bmp,basler_OldObj/Image__2025-12-29__16-32-21.bmp
0,basler_OldObj/Image__2025-12-29__16-31-58.bmp,basler_OldObj/Image__2025-12-29__16-32-02.bmp
0,basler_OldObj/Image__2025-12-29__16-31-58.bmp,basler_OldObj/Image__2025-12-29__16-32-06.bmp
0,basler_OldObj/Image__2025-12-29__16-31-58.bmp,basler_OldObj/Image__2025-12-29__16-32-09.bmp
0,basler_OldObj/Image__2025-12-29__16-31-58.bmp,basler_OldObj/Image__2025-12-29__16-32-21.bmp
0,basler_OldObj/Image__2025-12-29__16-32-02.bmp,basler_OldObj/Image__2025-12-29__16-32-06.bmp
0,basler_OldObj/Image__2025-12-29__16-32-02.bmp,basler_OldObj/Image__2025-12-29__16-32-09.bmp
0,basler_OldObj/Image__2025-12-29__16-32-02.bmp,basler_OldObj/Image__2025-12-29__16-32-21.bmp
0,basler_OldObj/Image__2025-12-29__16-32-06.bmp,basler_OldObj/Image__2025-12-29__16-32-09.bmp
0,basler_OldObj/Image__2025-12-29__16-32-06.bmp,basler_OldObj/Image__2025-12-29__16-32-21.bmp
0,basler_OldObj/Image__2025-12-29__16-32-09.bmp,basler_OldObj/Image__2025-12-29__16-32-21.bmp
0,basler_OldObj/Image__2025-12-29__16-32-29.bmp,basler_OldObj/Image__2025-12-29__16-32-34.bmp
0,images/20260116_163139_294.bmp,images/20260116_163232_254.bmp
1,basler_120126/Image__2026-01-12__16-31-10.bmp,basler_120126/Image__2026-01-12__16-33-42.bmp
1,basler_120126/Image__2026-01-12__16-31-10.bmp,basler_120126/Image__2026-01-12__16-33-50.bmp
1,basler_120126/Image__2026-01-12__16-31-10.bmp,basler_120126/Image__2026-01-12__16-36-17.bmp
1,basler_120126/Image__2026-01-12__16-31-10.bmp,basler_120126/Image__2026-01-12__16-36-30.bmp
1,basler_120126/Image__2026-01-12__16-31-10.bmp,basler_120126/Image__2026-01-12__16-36-56.bmp
1,basler_120126/Image__2026-01-12__16-31-10.bmp,basler_120126/Image__2026-01-12__16-58-42.bmp
1,basler_120126/Image__2026-01-12__16-31-10.bmp,basler_120126/Image__2026-01-12__17-01-23.bmp
1,basler_120126/Image__2026-01-12__16-31-10.bmp,basler_120126/Image__2026-01-12__17-02-16.bmp
1,basler_120126/Image__2026-01-12__16-31-10.bmp,basler_120126/Image__2026-01-12__17-05-33.bmp
1,basler_120126/Image__2026-01-12__16-31-10.bmp,basler_OldObj/Image__2025-12-29__16-04-15.bmp
1,basler_120126/Image__2026-01-12__16-31-10.bmp,basler_OldObj/Image__2025-12-29__16-04-40.bmp
1,basler_120126/Image__2026-01-12__16-31-10.bmp,basler_OldObj/Image__2025-12-29__16-04-46.bmp
1,basler_120126/Image__2026-01-12__16-32-11.bmp,basler_120126/Image__2026-01-12__16-32-40.bmp
1,basler_120126/Image__2026-01-12__16-32-11.bmp,basler_120126/Image__2026-01-12__16-32-51.bmp
1,basler_120126/Image__2026-01-12__16-32-40.bmp,basler_120126/Image__2026-01-12__17-02-16.bmp
1,basler_120126/Image__2026-01-12__16-32-51.bmp,basler_120126/Image__2026-01-12__17-02-16.bmp
1,basler_120126/Image__2026-01-12__16-33-42.bmp,basler_120126/Image__2026-01-12__16-36-44.bmp
1,basler_120126/Image__2026-01-12__16-33-42.bmp,basler_120126/Image__2026-01-12__16-37-46.bmp
1,basler_120126/Image__2026-01-12__16-33-42.bmp,basler_120126/Image__2026-01-12__16-38-59.bmp
1,basler_120126/Image__2026-01-12__16-33-42.bmp,basler_120126/Image__2026-01-12__16-47-38.bmp
1,basler_120126/Image__2026-01-12__16-33-42.bmp,basler_120126/Image__2026-01-12__16-47-46.bmp
1,basler_120126/Image__2026-01-12__16-33-42.bmp,basler_120126/Image__2026-01-12__17-00-32.bmp
1,basler_120126/Image__2026-01-12__16-33-42.bmp,basler_120126/Image__2026-01-12__17-01-40.bmp
1,basler_120126/Image__2026-01-12__16-33-42.bmp,basler_120126/Image__2026-01-12__17-02-44.bmp
1,basler_120126/Image__2026-01-12__16-33-42.bmp,basler_120126/Image__2026-01-12__17-04-57.bmp
1,basler_120126/Image__2026-01-12__16-33-42.bmp,basler_OldObj/Image__2025-12-29__16-04-04.bmp
1,basler_120126/Image__2026-01-12__16-33-42.bmp,basler_OldObj/Image__2025-12-29__16-04-24.bmp
1,basler_120126/Image__2026-01-12__16-33-42.bmp,basler_OldObj/Image__2025-12-29__16-04-32.bmp
1,basler_120126/Image__2026-01-12__16-33-42.bmp,basler_OldObj/Image__2025-12-29__16-05-08.bmp
1,basler_120126/Image__2026-01-12__16-33-42.bmp,basler_OldObj/Image__2025-12-29__16-05-24.bmp
1,basler_120126/Image__2026-01-12__16-33-42.bmp,basler_OldObj/Image__2025-12-29__16-06-19.bmp
1,basler_120126/Image__2026-01-12__16-33-42.bmp,basler_OldObj/Image__2025-12-29__16-06-32.bmp
1,basler_120126/Image__2026-01-12__16-33-42.bmp,basler_OldObj/Image__2025-12-29__16-07-22.bmp
1,basler_120126/Image__2026-01-12__16-33-42.bmp,basler_OldObj/Image__2025-12-29__16-07-28.bmp
1,basler_120126/Image__2026-01-12__16-33-42.bmp,basler_OldObj/Image__2025-12-29__16-07-33.bmp
1,basler_120126/Image__2026-01-12__16-33-42.bmp,basler_OldObj/Image__2025-12-29__16-07-39.bmp
1,basler_120126/Image__2026-01-12__16-33-42.bmp,basler_OldObj/Image__2025-12-29__16-07-44.bmp
1,basler_120126/Image__2026-01-12__16-33-42.bmp,basler_OldObj/Image__2025-12-29__16-08-16.bmp
1,basler_120126/Image__2026-01-12__16-33-42.bmp,basler_OldObj/Image__2025-12-29__16-31-03.bmp
1,basler_120126/Image__2026-01-12__16-33-42.bmp,basler_OldObj/Image__2025-12-29__16-31-10.bmp
1,basler_120126/Image__2026-01-12__16-33-50.bmp,basler_120126/Image__2026-01-12__16-36-44.bmp
1,basler_120126/Image__2026-01-12__16-33-50.bmp,basler_120126/Image__2026-01-12__16-37-46.bmp
1,basler_120126/Image__2026-01-12__16-33-50.bmp,basler_120126/Image__2026-01-12__16-38-59.bmp
1,basler_120126/Image__2026-01-12__16-33-50.bmp,basler_120126/Image__2026-01-12__16-47-38.bmp
1,basler_120126/Image__2026-01-12__16-33-50.bmp,basler_120126/Image__2026-01-12__16-47-46.bmp
1,basler_120126/Image__2026-01-12__16-33-50.bmp,basler_120126/Image__2026-01-12__17-00-32.bmp
1,basler_120126/Image__2026-01-12__16-33-50.bmp,basler_120126/Image__2026-01-12__17-01-40.bmp
1,basler_120126/Image__2026-01-12__16-33-50.bmp,basler_120126/Image__2026-01-12__17-02-44.bmp
1,basler_120126/Image__2026-01-12__16-33-50.bmp,basler_120126/Image__2026-01-12__17-04-57.bmp
1,basler_120126/Image__2026-01-12__16-33-50.bmp,basler_OldObj/Image__2025-12-29__16-04-04.bmp
1,basler_120126/Image__2026-01-12__16-33-50.bmp,basler_OldObj/Image__2025-12-29__16-04-24.bmp
1,basler_120126/Image__2026-01-12__16-33-50.bmp,basler_OldObj/Image__2025-12-29__16-04-32.bmp
1,basler_120126/Image__2026-01-12__16-33-50.bmp,basler_OldObj/Image__2025-12-29__16-05-08.bmp
1,basler_120126/Image__2026-01-12__16-33-50.bmp,basler_OldObj/Image__2025-12-29__16-05-24.bmp
1,basler_120126/Image__2026-01-12__16-33-50.bmp,basler_OldObj/Image__2025-12-29__16-06-19.bmp
1,basler_120126/Image__2026-01-12__16-33-50.bmp,basler_OldObj/Image__2025-12-29__16-06-32.bmp
1,basler_120126/Image__2026-01-12__16-33-50.bmp,basler_OldObj/Image__2025-12-29__16-07-22.bmp
1,basler_120126/Image__2026-01-12__16-33-50.bmp,basler_OldObj/Image__2025-12-29__16-07-28.bmp
1,basler_120126/Image__2026-01-12__16-33-50.bmp,basler_OldObj/Image__2025-12-29__16-07-33.bmp
1,basler_120126/Image__2026-01-12__16-33-50.bmp,basler_OldObj/Image__2025-12-29__16-07-39.bmp
1,basler_120126/Image__2026-01-12__16-33-50.bmp,basler_OldObj/Image__2025-12-29__16-07-44.bmp
1,basler_120126/Image__2026-01-12__16-33-50.bmp,basler_OldObj/Image__2025-12-29__16-08-16.bmp
1,basler_120126/Image__2026-01-12__16-33-50.bmp,basler_OldObj/Image__2025-12-29__16-31-03.bmp
1,basler_120126/Image__2026-01-12__16-33-50.bmp,basler_OldObj/Image__2025-12-29__16-31-10.bmp
1,basler_120126/Image__2026-01-12__16-33-57.bmp,basler_120126/Image__2026-01-12__16-48-48.bmp
1,basler_120126/Image__2026-01-12__16-34-15.bmp,basler_120126/Image__2026-01-12__16-48-48.bmp
1,basler_120126/Image__2026-01-12__16-34-27.bmp,basler_120126/Image__2026-01-12__16-48-48.bmp
1,basler_120126/Image__2026-01-12__16-36-17.bmp,basler_120126/Image__2026-01-12__16-36-44.bmp
1,basler_120126/Image__2026-01-12__16-36-17.bmp,basler_120126/Image__2026-01-12__16-37-46.bmp
1,basler_120126/Image__2026-01-12__16-36-17.bmp,basler_120126/Image__2026-01-12__16-38-59.bmp
1,basler_120126/Image__2026-01-12__16-36-17.bmp,basler_120126/Image__2026-01-12__16-47-38.bmp
1,basler_120126/Image__2026-01-12__16-36-17.bmp,basler_120126/Image__2026-01-12__16-47-46.bmp
1,basler_120126/Image__2026-01-12__16-36-17.bmp,basler_120126/Image__2026-01-12__17-00-32.bmp
1,basler_120126/Image__2026-01-12__16-36-17.bmp,basler_120126/Image__2026-01-12__17-01-40.bmp
1,basler_120126/Image__2026-01-12__16-36-17.bmp,basler_120126/Image__2026-01-12__17-02-44.bmp
1,basler_120126/Image__2026-01-12__16-36-17.bmp,basler_120126/Image__2026-01-12__17-04-57.bmp
1,basler_120126/Image__2026-01-12__16-36-17.bmp,basler_OldObj/Image__2025-12-29__16-04-04.bmp
1,basler_120126/Image__2026-01-12__16-36-17.bmp,basler_OldObj/Image__2025-12-29__16-04-24.bmp
1,basler_120126/Image__2026-01-12__16-36-17.bmp,basler_OldObj/Image__2025-12-29__16-04-32.bmp
1,basler_120126/Image__2026-01-12__16-36-17.bmp,basler_OldObj/Image__2025-12-29__16-05-08.bmp
1,basler_120126/Image__2026-01-12__16-36-17.bmp,basler_OldObj/Image__2025-12-29__16-05-24.bmp
1,basler_120126/Image__2026-01-12__16-36-17.bmp,basler_OldObj/Image__2025-12-29__16-06-19.bmp
1,basler_120126/Image__2026-01-12__16-36-17.bmp,basler_OldObj/Image__2025-12-29__16-06-32.bmp
1,basler_120126/Image__2026-01-12__16-36-17.bmp,basler_OldObj/Image__2025-12-29__16-07-22.bmp
1,basler_120126/Image__2026-01-12__16-36-17.bmp,basler_OldObj/Image__2025-12-29__16-07-28.bmp
1,basler_120126/Image__2026-01-12__16-36-17.bmp,basler_OldObj/Image__2025-12-29__16-07-33.bmp
1,basler_120126/Image__2026-01-12__16-36-17.bmp,basler_OldObj/Image__2025-12-29__16-07-39.bmp
1,basler_120126/Image__2026-01-12__16-36-17.bmp,basler_OldObj/Image__2025-12-29__16-07-44.bmp
1,basler_120126/Image__2026-01-12__16-36-17.bmp,basler_OldObj/Image__2025-12-29__16-08-16.bmp
1,basler_120126/Image__2026-01-12__16-36-17.bmp,basler_OldObj/Image__2025-12-29__16-31-03.bmp
1,basler_120126/Image__2026-01-12__16-36-17.bmp,basler_OldObj/Image__2025-12-29__16-31-10.bmp
1,basler_120126/Image__2026-01-12__16-36-30.bmp,basler_120126/Image__2026-01-12__16-36-44.bmp
1,basler_120126/Image__2026-01-12__16-36-30.bmp,basler_120126/Image__2026-01-12__16-37-46.bmp
1,basler_120126/Image__2026-01-12__16-36-30.bmp,basler_120126/Image__2026-01-12__16-38-59.bmp
1,basler_120126/Image__2026-01-12__16-36-30.bmp,basler_120126/Image__2026-01-12__16-47-38.bmp
1,basler_120126/Image__2026-01-12__16-36-30.bmp,basler_120126/Image__2026-01-12__16-47-46.bmp
1,basler_120126/Image__2026-01-12__16-36-30.bmp,basler_120126/Image__2026-01-12__17-00-32.bmp
1,basler_120126/Image__2026-01-12__16-36-30.bmp,basler_120126/Image__2026-01-12__17-01-40.bmp
1,basler_120126/Image__2026-01-12__16-36-30.bmp,basler_120126/Image__2026-01-12__17-02-44.bmp
1,basler_120126/Image__2026-01-12__16-36-30.bmp,basler_120126/Image__2026-01-12__17-04-57.bmp
1,basler_120126/Image__2026-01-12__16-36-30.bmp,basler_OldObj/Image__2025-12-29__16-04-04.bmp
1,basler_120126/Image__2026-01-12__16-36-30.bmp,basler_OldObj/Image__2025-12-29__16-04-24.bmp
1,basler_120126/Image__2026-01-12__16-36-30.bmp,basler_OldObj/Image__2025-12-29__16-04-32.bmp
1,basler_120126/Image__2026-01-12__16-36-30.bmp,basler_OldObj/Image__2025-12-29__16-05-08.bmp
1,basler_120126/Image__2026-01-12__16-36-30.bmp,basler_OldObj/Image__2025-12-29__16-05-24.bmp
1,basler_120126/Image__2026-01-12__16-36-30.bmp,basler_OldObj/Image__2025-12-29__16-06-19.bmp
1,basler_120126/Image__2026-01-12__16-36-30.bmp,basler_OldObj/Image__2025-12-29__16-06-32.bmp
1,basler_120126/Image__2026-01-12__16-36-30.bmp,basler_OldObj/Image__2025-12-29__16-07-22.bmp
1,basler_120126/Image__2026-01-12__16-36-30.bmp,basler_OldObj/Image__2025-12-29__16-07-28.bmp
1,basler_120126/Image__2026-01-12__16-36-30.bmp,basler_OldObj/Image__2025-12-29__16-07-33.bmp
1,basler_120126/Image__2026-01-12__16-36-30.bmp,basler_OldObj/Image__2025-12-29__16-07-39.bmp
1,basler_120126/Image__2026-01-12__16-36-30.bmp,basler_OldObj/Image__2025-12-29__16-07-44.bmp
1,basler_120126/Image__2026-01-12__16-36-30.bmp,basler_OldObj/Image__2025-12-29__16-08-16.bmp
1,basler_120126/Image__2026-01-12__16-36-30.bmp,basler_OldObj/Image__2025-12-29__16-31-03.bmp
1,basler_120126/Image__2026-01-12__16-36-30.bmp,basler_OldObj/Image__2025-12-29__16-31-10.bmp
1,basler_120126/Image__2026-01-12__16-36-44.bmp,basler_120126/Image__2026-01-12__16-36-56.bmp
1,basler_120126/Image__2026-01-12__16-36-44.bmp,basler_120126/Image__2026-01-12__16-58-42.bmp
1,basler_120126/Image__2026-01-12__16-36-44.bmp,basler_120126/Image__2026-01-12__17-01-23.bmp
1,basler_120126/Image__2026-01-12__16-36-44.bmp,basler_120126/Image__2026-01-12__17-02-16.bmp
1,basler_120126/Image__2026-01-12__16-36-44.bmp,basler_120126/Image__2026-01-12__17-05-33.bmp
1,basler_120126/Image__2026-01-12__16-36-44.bmp,basler_OldObj/Image__2025-12-29__16-04-15.bmp
1,basler_120126/Image__2026-01-12__16-36-44.bmp,basler_OldObj/Image__2025-12-29__16-04-40.bmp
1,basler_120126/Image__2026-01-12__16-36-44.bmp,basler_OldObj/Image__2025-12-29__16-04-46.bmp
1,basler_120126/Image__2026-01-12__16-36-56.bmp,basler_120126/Image__2026-01-12__17-01-40.bmp
1,basler_120126/Image__2026-01-12__16-36-56.bmp,basler_120126/Image__2026-01-12__17-02-44.bmp
1,basler_120126/Image__2026-01-12__16-36-56.bmp,basler_120126/Image__2026-01-12__17-04-57.bmp
1,basler_120126/Image__2026-01-12__16-37-46.bmp,basler_120126/Image__2026-01-12__16-58-42.bmp
1,basler_120126/Image__2026-01-12__16-37-46.bmp,basler_120126/Image__2026-01-12__17-01-23.bmp
1,basler_120126/Image__2026-01-12__16-37-46.bmp,basler_120126/Image__2026-01-12__17-05-33.bmp
1,basler_120126/Image__2026-01-12__16-38-59.bmp,basler_120126/Image__2026-01-12__16-58-42.bmp
1,basler_120126/Image__2026-01-12__16-38-59.bmp,basler_120126/Image__2026-01-12__17-01-23.bmp
1,basler_120126/Image__2026-01-12__16-38-59.bmp,basler_120126/Image__2026-01-12__17-05-33.bmp
1,basler_120126/Image__2026-01-12__16-45-29.bmp,basler_120126/Image__2026-01-12__16-46-32.bmp
1,basler_120126/Image__2026-01-12__16-45-29.bmp,basler_120126/Image__2026-01-12__16-46-40.bmp
1,basler_120126/Image__2026-01-12__16-45-29.bmp,basler_120126/Image__2026-01-12__16-46-52.bmp
1,basler_120126/Image__2026-01-12__16-45-29.bmp,basler_120126/Image__2026-01-12__16-47-08.bmp
1,basler_120126/Image__2026-01-12__16-45-29.bmp,basler_120126/Image__2026-01-12__16-47-16.bmp
1,basler_120126/Image__2026-01-12__16-45-29.bmp,basler_120126/Image__2026-01-12__16-48-48.bmp
1,basler_120126/Image__2026-01-12__16-46-32.bmp,basler_120126/Image__2026-01-12__16-48-58.bmp
1,basler_120126/Image__2026-01-12__16-46-32.bmp,basler_120126/Image__2026-01-12__17-00-15.bmp
1,basler_120126/Image__2026-01-12__16-46-40.bmp,basler_120126/Image__2026-01-12__16-48-58.bmp
1,basler_120126/Image__2026-01-12__16-46-40.bmp,basler_120126/Image__2026-01-12__17-00-15.bmp
1,basler_120126/Image__2026-01-12__16-46-52.bmp,basler_120126/Image__2026-01-12__16-48-58.bmp
1,basler_120126/Image__2026-01-12__16-46-52.bmp,basler_120126/Image__2026-01-12__17-00-15.bmp
1,basler_120126/Image__2026-01-12__16-47-08.bmp,basler_120126/Image__2026-01-12__16-48-58.bmp
1,basler_120126/Image__2026-01-12__16-47-08.bmp,basler_120126/Image__2026-01-12__17-00-15.bmp
1,basler_120126/Image__2026-01-12__16-47-08.bmp,basler_120126/Image__2026-01-12__17-05-33.bmp
1,basler_120126/Image__2026-01-12__16-47-16.bmp,basler_120126/Image__2026-01-12__16-48-58.bmp
1,basler_120126/Image__2026-01-12__16-47-16.bmp,basler_120126/Image__2026-01-12__17-00-15.bmp
1,basler_120126/Image__2026-01-12__16-47-16.bmp,basler_120126/Image__2026-01-12__17-05-33.bmp
1,basler_120126/Image__2026-01-12__16-47-38.bmp,basler_120126/Image__2026-01-12__16-58-42.bmp
1,basler_120126/Image__2026-01-12__16-47-38.bmp,basler_120126/Image__2026-01-12__17-01-23.bmp
1,basler_120126/Image__2026-01-12__16-47-38.bmp,basler_120126/Image__2026-01-12__17-05-33.bmp
1,basler_120126/Image__2026-01-12__16-47-46.bmp,basler_120126/Image__2026-01-12__16-58-42.bmp
1,basler_120126/Image__2026-01-12__16-47-46.bmp,basler_120126/Image__2026-01-12__17-01-23.bmp
1,basler_120126/Image__2026-01-12__16-47-46.bmp,basler_120126/Image__2026-01-12__17-05-33.bmp
1,basler_120126/Image__2026-01-12__16-48-48.bmp,basler_120126/Image__2026-01-12__16-48-58.bmp
1,basler_120126/Image__2026-01-12__16-48-48.bmp,basler_120126/Image__2026-01-12__17-00-05.bmp
1,basler_120126/Image__2026-01-12__16-48-48.bmp,basler_120126/Image__2026-01-12__17-00-15.bmp
1,basler_120126/Image__2026-01-12__16-48-48.bmp,basler_120126/Image__2026-01-12__17-05-33.bmp
1,basler_120126/Image__2026-01-12__16-50-09.bmp,basler_120126/Image__2026-01-12__16-51-30.bmp
1,basler_120126/Image__2026-01-12__16-50-23.bmp,basler_120126/Image__2026-01-12__16-51-30.bmp
1,basler_120126/Image__2026-01-12__16-51-20.bmp,basler_120126/Image__2026-01-12__16-51-30.bmp
1,basler_120126/Image__2026-01-12__16-58-42.bmp,basler_120126/Image__2026-01-12__17-00-32.bmp
1,basler_120126/Image__2026-01-12__16-58-42.bmp,basler_120126/Image__2026-01-12__17-01-40.bmp
1,basler_120126/Image__2026-01-12__16-58-42.bmp,basler_120126/Image__2026-01-12__17-02-44.bmp
1,basler_120126/Image__2026-01-12__16-58-42.bmp,basler_120126/Image__2026-01-12__17-04-57.bmp
1,basler_120126/Image__2026-01-12__16-58-42.bmp,basler_OldObj/Image__2025-12-29__16-04-04.bmp
1,basler_120126/Image__2026-01-12__16-58-42.bmp,basler_OldObj/Image__2025-12-29__16-04-24.bmp
1,basler_120126/Image__2026-01-12__16-58-42.bmp,basler_OldObj/Image__2025-12-29__16-04-32.bmp
1,basler_120126/Image__2026-01-12__16-58-42.bmp,basler_OldObj/Image__2025-12-29__16-05-08.bmp
1,basler_120126/Image__2026-01-12__16-58-42.bmp,basler_OldObj/Image__2025-12-29__16-05-24.bmp
1,basler_120126/Image__2026-01-12__16-58-42.bmp,basler_OldObj/Image__2025-12-29__16-06-19.bmp
1,basler_120126/Image__2026-01-12__16-58-42.bmp,basler_OldObj/Image__2025-12-29__16-06-32.bmp
1,basler_120126/Image__2026-01-12__16-58-42.bmp,basler_OldObj/Image__2025-12-29__16-07-22.bmp
1,basler_120126/Image__2026-01-12__16-58-42.bmp,basler_OldObj/Image__2025-12-29__16-07-28.bmp
1,basler_120126/Image__2026-01-12__16-58-42.bmp,basler_OldObj/Image__2025-12-29__16-07-33.bmp
1,basler_120126/Image__2026-01-12__16-58-42.bmp,basler_OldObj/Image__2025-12-29__16-07-39.bmp
1,basler_120126/Image__2026-01-12__16-58-42.bmp,basler_OldObj/Image__2025-12-29__16-07-44.bmp
1,basler_120126/Image__2026-01-12__16-58-42.bmp,basler_OldObj/Image__2025-12-29__16-08-16.bmp
1,basler_120126/Image__2026-01-12__16-58-42.bmp,basler_OldObj/Image__2025-12-29__16-31-03.bmp
1,basler_120126/Image__2026-01-12__16-58-42.bmp,basler_OldObj/Image__2025-12-29__16-31-10.bmp
1,basler_120126/Image__2026-01-12__17-00-32.bmp,basler_120126/Image__2026-01-12__17-01-23.bmp
1,basler_120126/Image__2026-01-12__17-00-32.bmp,basler_OldObj/Image__2025-12-29__16-04-15.bmp
1,basler_120126/Image__2026-01-12__17-00-32.bmp,basler_OldObj/Image__2025-12-29__16-04-40.bmp
1,basler_120126/Image__2026-01-12__17-00-32.bmp,basler_OldObj/Image__2025-12-29__16-04-46.bmp
1,basler_120126/Image__2026-01-12__17-00-32.bmp,basler_OldObj/Image__2025-12-29__16-06-04.bmp
1,basler_120126/Image__2026-01-12__17-00-32.bmp,basler_OldObj/Image__2025-12-29__16-07-49.bmp
1,basler_120126/Image__2026-01-12__17-00-32.bmp,basler_OldObj/Image__2025-12-29__16-07-54.bmp
1,basler_120126/Image__2026-01-12__17-00-32.bmp,basler_OldObj/Image__2025-12-29__16-08-07.bmp
1,basler_120126/Image__2026-01-12__17-00-32.bmp,basler_OldObj/Image__2025-12-29__16-31-50.bmp
1,basler_120126/Image__2026-01-12__17-00-32.bmp,basler_tstRGB/RGB_red_E100000.bmp
1,basler_120126/Image__2026-01-12__17-01-23.bmp,basler_120126/Image__2026-01-12__17-01-40.bmp
1,basler_120126/Image__2026-01-12__17-01-23.bmp,basler_120126/Image__2026-01-12__17-02-44.bmp
1,basler_120126/Image__2026-01-12__17-01-23.bmp,basler_120126/Image__2026-01-12__17-04-57.bmp
1,basler_120126/Image__2026-01-12__17-01-23.bmp,basler_OldObj/Image__2025-12-29__16-04-04.bmp
1,basler_120126/Image__2026-01-12__17-01-23.bmp,basler_OldObj/Image__2025-12-29__16-04-24.bmp
1,basler_120126/Image__2026-01-12__17-01-23.bmp,basler_OldObj/Image__2025-12-29__16-04-32.bmp
1,basler_120126/Image__2026-01-12__17-01-23.bmp,basler_OldObj/Image__2025-12-29__16-05-08.bmp
1,basler_120126/Image__2026-01-12__17-01-23.bmp,basler_OldObj/Image__2025-12-29__16-05-24.bmp
1,basler_120126/Image__2026-01-12__17-01-23.bmp,basler_OldObj/Image__2025-12-29__16-06-19.bmp
1,basler_120126/Image__2026-01-12__17-01-23.bmp,basler_OldObj/Image__2025-12-29__16-06-32.bmp
1,basler_120126/Image__2026-01-12__17-01-23.bmp,basler_OldObj/Image__2025-12-29__16-07-22.bmp
1,basler_120126/Image__2026-01-12__17-01-23.bmp,basler_OldObj/Image__2025-12-29__16-07-28.bmp
1,basler_120126/Image__2026-01-12__17-01-23.bmp,basler_OldObj/Image__2025-12-29__16-07-33.bmp
1,basler_120126/Image__2026-01-12__17-01-23.bmp,basler_OldObj/Image__2025-12-29__16-07-39.bmp
1,basler_120126/Image__2026-01-12__17-01-23.bmp,basler_OldObj/Image__2025-12-29__16-07-44.bmp
1,basler_120126/Image__2026-01-12__17-01-23.bmp,basler_OldObj/Image__2025-12-29__16-08-16.bmp
1,basler_120126/Image__2026-01-12__17-01-23.bmp,basler_OldObj/Image__2025-12-29__16-31-03.bmp
1,basler_120126/Image__2026-01-12__17-01-23.bmp,basler_OldObj/Image__2025-12-29__16-31-10.bmp
1,basler_120126/Image__2026-01-12__17-01-40.bmp,basler_120126/Image__2026-01-12__17-02-16.bmp
1,basler_120126/Image__2026-01-12__17-01-40.bmp,basler_120126/Image__2026-01-12__17-05-33.bmp
1,basler_120126/Image__2026-01-12__17-01-40.bmp,basler_OldObj/Image__2025-12-29__16-04-15.bmp
1,basler_120126/Image__2026-01-12__17-01-40.bmp,basler_OldObj/Image__2025-12-29__16-04-40.bmp
1,basler_120126/Image__2026-01-12__17-01-40.bmp,basler_OldObj/Image__2025-12-29__16-04-46.bmp
1,basler_120126/Image__2026-01-12__17-02-16.bmp,basler_120126/Image__2026-01-12__17-02-44.bmp
1,basler_120126/Image__2026-01-12__17-02-16.bmp,basler_120126/Image__2026-01-12__17-04-57.bmp
1,basler_120126/Image__2026-01-12__17-02-44.bmp,basler_120126/Image__2026-01-12__17-05-33.bmp
1,basler_120126/Image__2026-01-12__17-02-44.bmp,basler_OldObj/Image__2025-12-29__16-04-15.bmp
1,basler_120126/Image__2026-01-12__17-02-44.bmp,basler_OldObj/Image__2025-12-29__16-04-40.bmp
1,basler_120126/Image__2026-01-12__17-02-44.bmp,basler_OldObj/Image__2025-12-29__16-04-46.bmp
1,basler_120126/Image__2026-01-12__17-04-57.bmp,basler_120126/Image__2026-01-12__17-05-33.bmp
1,basler_120126/Image__2026-01-12__17-04-57.bmp,basler_OldObj/Image__2025-12-29__16-04-15.bmp
1,basler_120126/Image__2026-01-12__17-04-57.bmp,basler_OldObj/Image__2025-12-29__16-04-40.bmp
1,basler_120126/Image__2026-01-12__17-04-57.bmp,basler_OldObj/Image__2025-12-29__16-04-46.bmp
1,basler_OldObj/Image__2025-12-29__16-04-04.bmp,basler_OldObj/Image__2025-12-29__16-04-15.bmp
1,basler_OldObj/Image__2025-12-29__16-04-04.bmp,basler_OldObj/Image__2025-12-29__16-04-40.bmp
1,basler_OldObj/Image__2025-12-29__16-04-04.bmp,basler_OldObj/Image__2025-12-29__16-04-46.bmp
1,basler_OldObj/Image__2025-12-29__16-04-04.bmp,basler_OldObj/Image__2025-12-29__16-06-04.bmp
1,basler_OldObj/Image__2025-12-29__16-04-04.bmp,basler_OldObj/Image__2025-12-29__16-07-49.bmp
1,basler_OldObj/Image__2025-12-29__16-04-04.bmp,basler_OldObj/Image__2025-12-29__16-07-54.bmp
1,basler_OldObj/Image__2025-12-29__16-04-04.bmp,basler_OldObj/Image__2025-12-29__16-08-07.bmp
1,basler_OldObj/Image__2025-12-29__16-04-04.bmp,basler_OldObj/Image__2025-12-29__16-31-50.bmp
1,basler_OldObj/Image__2025-12-29__16-04-04.bmp,basler_tstRGB/RGB_red_E100000.bmp
1,basler_OldObj/Image__2025-12-29__16-04-15.bmp,basler_OldObj/Image__2025-12-29__16-04-24.bmp
1,basler_OldObj/Image__2025-12-29__16-04-15.bmp,basler_OldObj/Image__2025-12-29__16-04-32.bmp
1,basler_OldObj/Image__2025-12-29__16-04-15.bmp,basler_OldObj/Image__2025-12-29__16-05-08.bmp
1,basler_OldObj/Image__2025-12-29__16-04-15.bmp,basler_OldObj/Image__2025-12-29__16-05-24.bmp
1,basler_OldObj/Image__2025-12-29__16-04-15.bmp,basler_OldObj/Image__2025-12-29__16-06-19.bmp
1,basler_OldObj/Image__2025-12-29__16-04-15.bmp,basler_OldObj/Image__2025-12-29__16-06-32.bmp
1,basler_OldObj/Image__2025-12-29__16-04-15.bmp,basler_OldObj/Image__2025-12-29__16-07-22.bmp
1,basler_OldObj/Image__2025-12-29__16-04-15.bmp,basler_OldObj/Image__2025-12-29__16-07-28.bmp
1,basler_OldObj/Image__2025-12-29__16-04-15.bmp,basler_OldObj/Image__2025-12-29__16-07-33.bmp
1,basler_OldObj/Image__2025-12-29__16-04-15.bmp,basler_OldObj/Image__2025-12-29__16-07-39.bmp
1,basler_OldObj/Image__2025-12-29__16-04-15.bmp,basler_OldObj/Image__2025-12-29__16-07-44.bmp
1,basler_OldObj/Image__2025-12-29__16-04-15.bmp,basler_OldObj/Image__2025-12-29__16-08-16.bmp
1,basler_OldObj/Image__2025-12-29__16-04-15.bmp,basler_OldObj/Image__2025-12-29__16-31-03.bmp
1,basler_OldObj/Image__2025-12-29__16-04-15.bmp,basler_OldObj/Image__2025-12-29__16-31-10.bmp
1,basler_OldObj/Image__2025-12-29__16-04-24.bmp,basler_OldObj/Image__2025-12-29__16-04-40.bmp
1,basler_OldObj/Image__2025-12-29__16-04-24.bmp,basler_OldObj/Image__2025-12-29__16-04-46.bmp
1,basler_OldObj/Image__2025-12-29__16-04-24.bmp,basler_OldObj/Image__2025-12-29__16-06-04.bmp
1,basler_OldObj/Image__2025-12-29__16-04-24.bmp,basler_OldObj/Image__2025-12-29__16-07-49.bmp
1,basler_OldObj/Image__2025-12-29__16-04-24.bmp,basler_OldObj/Image__2025-12-29__16-07-54.bmp
1,basler_OldObj/Image__2025-12-29__16-04-24.bmp,basler_OldObj/Image__2025-12-29__16-08-07.bmp
1,basler_OldObj/Image__2025-12-29__16-04-24.bmp,basler_OldObj/Image__2025-12-29__16-31-50.bmp
1,basler_OldObj/Image__2025-12-29__16-04-24.bmp,basler_tstRGB/RGB_red_E100000.bmp
1,basler_OldObj/Image__2025-12-29__16-04-32.bmp,basler_OldObj/Image__2025-12-29__16-04-40.bmp
1,basler_OldObj/Image__2025-12-29__16-04-32.bmp,basler_OldObj/Image__2025-12-29__16-04-46.bmp
1,basler_OldObj/Image__2025-12-29__16-04-32.bmp,basler_OldObj/Image__2025-12-29__16-06-04.bmp
1,basler_OldObj/Image__2025-12-29__16-04-32.bmp,basler_OldObj/Image__2025-12-29__16-07-49.bmp
1,basler_OldObj/Image__2025-12-29__16-04-32.bmp,basler_OldObj/Image__2025-12-29__16-07-54.bmp
1,basler_OldObj/Image__2025-12-29__16-04-32.bmp,basler_OldObj/Image__2025-12-29__16-08-07.bmp
1,basler_OldObj/Image__2025-12-29__16-04-32.bmp,basler_OldObj/Image__2025-12-29__16-31-50.bmp
1,basler_OldObj/Image__2025-12-29__16-04-32.bmp,basler_tstRGB/RGB_red_E100000.bmp
1,basler_OldObj/Image__2025-12-29__16-04-40.bmp,basler_OldObj/Image__2025-12-29__16-05-08.bmp
1,basler_OldObj/Image__2025-12-29__16-04-40.bmp,basler_OldObj/Image__2025-12-29__16-05-24.bmp
1,basler_OldObj/Image__2025-12-29__16-04-40.bmp,basler_OldObj/Image__2025-12-29__16-06-19.bmp
1,basler_OldObj/Image__2025-12-29__16-04-40.bmp,basler_OldObj/Image__2025-12-29__16-06-32.bmp
1,basler_OldObj/Image__2025-12-29__16-04-40.bmp,basler_OldObj/Image__2025-12-29__16-07-22.bmp
1,basler_OldObj/Image__2025-12-29__16-04-40.bmp,basler_OldObj/Image__2025-12-29__16-07-28.bmp
1,basler_OldObj/Image__2025-12-29__16-04-40.bmp,basler_OldObj/Image__2025-12-29__16-07-33.bmp
1,basler_OldObj/Image__2025-12-29__16-04-40.bmp,basler_OldObj/Image__2025-12-29__16-07-39.bmp
1,basler_OldObj/Image__2025-12-29__16-04-40.bmp,basler_OldObj/Image__2025-12-29__16-07-44.bmp
1,basler_OldObj/Image__2025-12-29__16-04-40.bmp,basler_OldObj/Image__2025-12-29__16-08-16.bmp
1,basler_OldObj/Image__2025-12-29__16-04-40.bmp,basler_OldObj/Image__2025-12-29__16-31-03.bmp
1,basler_OldObj/Image__2025-12-29__16-04-40.bmp,basler_OldObj/Image__2025-12-29__16-31-10.bmp
1,basler_OldObj/Image__2025-12-29__16-04-46.bmp,basler_OldObj/Image__2025-12-29__16-05-08.bmp
1,basler_OldObj/Image__2025-12-29__16-04-46.bmp,basler_OldObj/Image__2025-12-29__16-05-24.bmp
1,basler_OldObj/Image__2025-12-29__16-04-46.bmp,basler_OldObj/Image__2025-12-29__16-06-19.bmp
1,basler_OldObj/Image__2025-12-29__16-04-46.bmp,basler_OldObj/Image__2025-12-29__16-06-32.bmp
1,basler_OldObj/Image__2025-12-29__16-04-46.bmp,basler_OldObj/Image__2025-12-29__16-07-22.bmp
1,basler_OldObj/Image__2025-12-29__16-04-46.bmp,basler_OldObj/Image__2025-12-29__16-07-28.bmp
1,basler_OldObj/Image__2025-12-29__16-04-46.bmp,basler_OldObj/Image__2025-12-29__16-07-33.bmp
1,basler_OldObj/Image__2025-12-29__16-04-46.bmp,basler_OldObj/Image__2025-12-29__16-07-39.bmp
1,basler_OldObj/Image__2025-12-29__16-04-46.bmp,basler_OldObj/Image__2025-12-29__16-07-44.bmp
1,basler_OldObj/Image__2025-12-29__16-04-46.bmp,basler_OldObj/Image__2025-12-29__16-08-16.bmp
1,basler_OldObj/Image__2025-12-29__16-04-46.bmp,basler_OldObj/Image__2025-12-29__16-31-03.bmp
1,basler_OldObj/Image__2025-12-29__16-04-46.bmp,basler_OldObj/Image__2025-12-29__16-31-10.bmp
1,basler_OldObj/Image__2025-12-29__16-05-08.bmp,basler_OldObj/Image__2025-12-29__16-06-04.bmp
1,basler_OldObj/Image__2025-12-29__16-05-08.bmp,basler_OldObj/Image__2025-12-29__16-07-49.bmp
1,basler_OldObj/Image__2025-12-29__16-05-08.bmp,basler_OldObj/Image__2025-12-29__16-07-54.bmp
1,basler_OldObj/Image__2025-12-29__16-05-08.bmp,basler_OldObj/Image__2025-12-29__16-08-07.bmp
1,basler_OldObj/Image__2025-12-29__16-05-08.bmp,basler_OldObj/Image__2025-12-29__16-31-50.bmp
1,basler_OldObj/Image__2025-12-29__16-05-08.bmp,basler_tstRGB/RGB_red_E100000.bmp
1,basler_OldObj/Image__2025-12-29__16-05-24.bmp,basler_OldObj/Image__2025-12-29__16-06-04.bmp
1,basler_OldObj/Image__2025-12-29__16-05-24.bmp,basler_OldObj/Image__2025-12-29__16-07-49.bmp
1,basler_OldObj/Image__2025-12-29__16-05-24.bmp,basler_OldObj/Image__2025-12-29__16-07-54.bmp
1,basler_OldObj/Image__2025-12-29__16-05-24.bmp,basler_OldObj/Image__2025-12-29__16-08-07.bmp
1,basler_OldObj/Image__2025-12-29__16-05-24.bmp,basler_OldObj/Image__2025-12-29__16-31-50.bmp
1,basler_OldObj/Image__2025-12-29__16-05-24.bmp,basler_tstRGB/RGB_red_E100000.bmp
1,basler_OldObj/Image__2025-12-29__16-05-49.bmp,basler_OldObj/Image__2025-12-29__16-06-04.bmp
1,basler_OldObj/Image__2025-12-29__16-06-04.bmp,basler_OldObj/Image__2025-12-29__16-06-19.bmp
1,basler_OldObj/Image__2025-12-29__16-06-04.bmp,basler_OldObj/Image__2025-12-29__16-06-32.bmp
1,basler_OldObj/Image__2025-12-29__16-06-04.bmp,basler_OldObj/Image__2025-12-29__16-07-22.bmp
1,basler_OldObj/Image__2025-12-29__16-06-04.bmp,basler_OldObj/Image__2025-12-29__16-07-28.bmp
1,basler_OldObj/Image__2025-12-29__16-06-04.bmp,basler_OldObj/Image__2025-12-29__16-07-33.bmp
1,basler_OldObj/Image__2025-12-29__16-06-04.bmp,basler_OldObj/Image__2025-12-29__16-07-39.bmp
1,basler_OldObj/Image__2025-12-29__16-06-04.bmp,basler_OldObj/Image__2025-12-29__16-07-44.bmp
1,basler_OldObj/Image__2025-12-29__16-06-04.bmp,basler_OldObj/Image__2025-12-29__16-08-16.bmp
1,basler_OldObj/Image__2025-12-29__16-06-04.bmp,basler_OldObj/Image__2025-12-29__16-31-03.bmp
1,basler_OldObj/Image__2025-12-29__16-06-04.bmp,basler_OldObj/Image__2025-12-29__16-31-10.bmp
1,basler_OldObj/Image__2025-12-29__16-06-19.bmp,basler_OldObj/Image__2025-12-29__16-07-49.bmp
1,basler_OldObj/Image__2025-12-29__16-06-19.bmp,basler_OldObj/Image__2025-12-29__16-07-54.bmp
1,basler_OldObj/Image__2025-12-29__16-06-19.bmp,basler_OldObj/Image__2025-12-29__16-08-07.bmp
1,basler_OldObj/Image__2025-12-29__16-06-19.bmp,basler_OldObj/Image__2025-12-29__16-31-50.bmp
1,basler_OldObj/Image__2025-12-29__16-06-19.bmp,basler_tstRGB/RGB_red_E100000.bmp
1,basler_OldObj/Image__2025-12-29__16-06-32.bmp,basler_OldObj/Image__2025-12-29__16-07-49.bmp
1,basler_OldObj/Image__2025-12-29__16-06-32.bmp,basler_OldObj/Image__2025-12-29__16-07-54.bmp
1,basler_OldObj/Image__2025-12-29__16-06-32.bmp,basler_OldObj/Image__2025-12-29__16-08-07.bmp
1,basler_OldObj/Image__2025-12-29__16-06-32.bmp,basler_OldObj/Image__2025-12-29__16-31-50.bmp
1,basler_OldObj/Image__2025-12-29__16-06-32.bmp,basler_tstRGB/RGB_red_E100000.bmp
1,basler_OldObj/Image__2025-12-29__16-07-22.bmp,basler_OldObj/Image__2025-12-29__16-07-49.bmp
1,basler_OldObj/Image__2025-12-29__16-07-22.bmp,basler_OldObj/Image__2025-12-29__16-07-54.bmp
1,basler_OldObj/Image__2025-12-29__16-07-22.bmp,basler_OldObj/Image__2025-12-29__16-08-07.bmp
1,basler_OldObj/Image__2025-12-29__16-07-22.bmp,basler_OldObj/Image__2025-12-29__16-31-50.bmp
1,basler_OldObj/Image__2025-12-29__16-07-22.bmp,basler_tstRGB/RGB_red_E100000.bmp
1,basler_OldObj/Image__2025-12-29__16-07-28.bmp,basler_OldObj/Image__2025-12-29__16-07-49.bmp
1,basler_OldObj/Image__2025-12-29__16-07-28.bmp,basler_OldObj/Image__2025-12-29__16-07-54.bmp
1,basler_OldObj/Image__2025-12-29__16-07-28.bmp,basler_OldObj/Image__2025-12-29__16-08-07.bmp
1,basler_OldObj/Image__2025-12-29__16-07-28.bmp,basler_OldObj/Image__2025-12-29__16-31-50.bmp
1,basler_OldObj/Image__2025-12-29__16-07-28.bmp,basler_tstRGB/RGB_red_E100000.bmp
1,basler_OldObj/Image__2025-12-29__16-07-33.bmp,basler_OldObj/Image__2025-12-29__16-07-49.bmp
1,basler_OldObj/Image__2025-12-29__16-07-33.bmp,basler_OldObj/Image__2025-12-29__16-07-54.bmp
1,basler_OldObj/Image__2025-12-29__16-07-33.bmp,basler_OldObj/Image__2025-12-29__16-08-07.bmp
1,basler_OldObj/Image__2025-12-29__16-07-33.bmp,basler_OldObj/Image__2025-12-29__16-31-50.bmp
1,basler_OldObj/Image__2025-12-29__16-07-33.bmp,basler_tstRGB/RGB_red_E100000.bmp
1,basler_OldObj/Image__2025-12-29__16-07-39.bmp,basler_OldObj/Image__2025-12-29__16-07-49.bmp
1,basler_OldObj/Image__2025-12-29__16-07-39.bmp,basler_OldObj/Image__2025-12-29__16-07-54.bmp
1,basler_OldObj/Image__2025-12-29__16-07-39.bmp,basler_OldObj/Image__2025-12-29__16-08-07.bmp
1,basler_OldObj/Image__2025-12-29__16-07-39.bmp,basler_OldObj/Image__2025-12-29__16-31-50.bmp
1,basler_OldObj/Image__2025-12-29__16-07-39.bmp,basler_tstRGB/RGB_red_E100000.bmp
1,basler_OldObj/Image__2025-12-29__16-07-44.bmp,basler_OldObj/Image__2025-12-29__16-07-49.bmp
1,basler_OldObj/Image__2025-12-29__16-07-44.bmp,basler_OldObj/Image__2025-12-29__16-07-54.bmp
1,basler_OldObj/Image__2025-12-29__16-07-44.bmp,basler_OldObj/Image__2025-12-29__16-08-07.bmp
1,basler_OldObj/Image__2025-12-29__16-07-44.bmp,basler_OldObj/Image__2025-12-29__16-31-50.bmp
1,basler_OldObj/Image__2025-12-29__16-07-44.bmp,basler_tstRGB/RGB_red_E100000.bmp
1,basler_OldObj/Image__2025-12-29__16-07-49.bmp,basler_OldObj/Image__2025-12-29__16-08-16.bmp
1,basler_OldObj/Image__2025-12-29__16-07-49.bmp,basler_OldObj/Image__2025-12-29__16-08-22.bmp
1,basler_OldObj/Image__2025-12-29__16-07-49.bmp,basler_OldObj/Image__2025-12-29__16-08-33.bmp
1,basler_OldObj/Image__2025-12-29__16-07-49.bmp,basler_OldObj/Image__2025-12-29__16-08-42.bmp
1,basler_OldObj/Image__2025-12-29__16-07-49.bmp,basler_OldObj/Image__2025-12-29__16-31-03.bmp
1,basler_OldObj/Image__2025-12-29__16-07-49.bmp,basler_OldObj/Image__2025-12-29__16-31-10.bmp
1,basler_OldObj/Image__2025-12-29__16-07-54.bmp,basler_OldObj/Image__2025-12-29__16-08-16.bmp
1,basler_OldObj/Image__2025-12-29__16-07-54.bmp,basler_OldObj/Image__2025-12-29__16-08-22.bmp
1,basler_OldObj/Image__2025-12-29__16-07-54.bmp,basler_OldObj/Image__2025-12-29__16-08-33.bmp
1,basler_OldObj/Image__2025-12-29__16-07-54.bmp,basler_OldObj/Image__2025-12-29__16-08-42.bmp
1,basler_OldObj/Image__2025-12-29__16-07-54.bmp,basler_OldObj/Image__2025-12-29__16-31-03.bmp
1,basler_OldObj/Image__2025-12-29__16-07-54.bmp,basler_OldObj/Image__2025-12-29__16-31-10.bmp
1,basler_OldObj/Image__2025-12-29__16-08-07.bmp,basler_OldObj/Image__2025-12-29__16-08-16.bmp
1,basler_OldObj/Image__2025-12-29__16-08-07.bmp,basler_OldObj/Image__2025-12-29__16-08-22.bmp
1,basler_OldObj/Image__2025-12-29__16-08-07.bmp,basler_OldObj/Image__2025-12-29__16-08-33.bmp
1,basler_OldObj/Image__2025-12-29__16-08-07.bmp,basler_OldObj/Image__2025-12-29__16-08-42.bmp
1,basler_OldObj/Image__2025-12-29__16-08-07.bmp,basler_OldObj/Image__2025-12-29__16-31-03.bmp
1,basler_OldObj/Image__2025-12-29__16-08-07.bmp,basler_OldObj/Image__2025-12-29__16-31-10.bmp
1,basler_OldObj/Image__2025-12-29__16-08-16.bmp,basler_OldObj/Image__2025-12-29__16-31-50.bmp
1,basler_OldObj/Image__2025-12-29__16-08-16.bmp,basler_tstRGB/RGB_red_E100000.bmp
1,basler_OldObj/Image__2025-12-29__16-08-22.bmp,basler_OldObj/Image__2025-12-29__16-08-56.bmp
1,basler_OldObj/Image__2025-12-29__16-08-22.bmp,basler_OldObj/Image__2025-12-29__16-09-06.bmp
1,basler_OldObj/Image__2025-12-29__16-08-22.bmp,basler_OldObj/Image__2025-12-29__16-09-15.bmp
1,basler_OldObj/Image__2025-12-29__16-08-22.bmp,basler_OldObj/Image__2025-12-29__16-09-21.bmp
1,basler_OldObj/Image__2025-12-29__16-08-22.bmp,basler_OldObj/Image__2025-12-29__16-09-28.bmp
1,basler_OldObj/Image__2025-12-29__16-08-33.bmp,basler_OldObj/Image__2025-12-29__16-08-56.bmp
1,basler_OldObj/Image__2025-12-29__16-08-33.bmp,basler_OldObj/Image__2025-12-29__16-09-06.bmp
1,basler_OldObj/Image__2025-12-29__16-08-33.bmp,basler_OldObj/Image__2025-12-29__16-09-15.bmp
1,basler_OldObj/Image__2025-12-29__16-08-33.bmp,basler_OldObj/Image__2025-12-29__16-09-21.bmp
1,basler_OldObj/Image__2025-12-29__16-08-33.bmp,basler_OldObj/Image__2025-12-29__16-09-28.bmp
1,basler_OldObj/Image__2025-12-29__16-08-42.bmp,basler_OldObj/Image__2025-12-29__16-08-56.bmp
1,basler_OldObj/Image__2025-12-29__16-08-42.bmp,basler_OldObj/Image__2025-12-29__16-09-06.bmp
1,basler_OldObj/Image__2025-12-29__16-08-42.bmp,basler_OldObj/Image__2025-12-29__16-09-15.bmp
1,basler_OldObj/Image__2025-12-29__16-08-42.bmp,basler_OldObj/Image__2025-12-29__16-09-21.bmp
1,basler_OldObj/Image__2025-12-29__16-08-42.bmp,basler_OldObj/Image__2025-12-29__16-09-28.bmp
1,basler_OldObj/Image__2025-12-29__16-10-17.bmp,basler_OldObj/Image__2025-12-29__16-10-25.bmp
1,basler_OldObj/Image__2025-12-29__16-10-39.bmp,basler_OldObj/Image__2025-12-29__16-10-46.bmp
1,basler_OldObj/Image__2025-12-29__16-11-37.bmp,basler_OldObj/Image__2025-12-29__16-11-44.bmp
1,basler_OldObj/Image__2025-12-29__16-11-37.bmp,basler_OldObj/Image__2025-12-29__16-12-05.bmp
1,basler_OldObj/Image__2025-12-29__16-11-37.bmp,basler_OldObj/Image__2025-12-29__16-12-10.bmp
1,basler_OldObj/Image__2025-12-29__16-13-32.bmp,basler_OldObj/Image__2025-12-29__16-13-40.bmp
1,basler_OldObj/Image__2025-12-29__16-13-40.bmp,basler_OldObj/Image__2025-12-29__16-13-47.bmp
1,basler_OldObj/Image__2025-12-29__16-14-00.bmp,basler_OldObj/Image__2025-12-29__16-17-17.bmp
1,basler_OldObj/Image__2025-12-29__16-14-00.bmp,basler_OldObj/Image__2025-12-29__16-19-29.bmp
1,basler_OldObj/Image__2025-12-29__16-21-22.bmp,basler_OldObj/Image__2025-12-29__16-21-30.bmp
1,basler_OldObj/Image__2025-12-29__16-21-27.bmp,basler_OldObj/Image__2025-12-29__16-21-30.bmp
1,basler_OldObj/Image__2025-12-29__16-21-30.bmp,basler_OldObj/Image__2025-12-29__16-21-36.bmp
1,basler_OldObj/Image__2025-12-29__16-21-36.bmp,basler_OldObj/Image__2025-12-29__16-21-40.bmp
1,basler_OldObj/Image__2025-12-29__16-21-40.bmp,basler_OldObj/Image__2025-12-29__16-21-44.bmp
1,basler_OldObj/Image__2025-12-29__16-31-03.bmp,basler_OldObj/Image__2025-12-29__16-31-50.bmp
1,basler_OldObj/Image__2025-12-29__16-31-03.bmp,basler_tstRGB/RGB_red_E100000.bmp
1,basler_OldObj/Image__2025-12-29__16-31-10.bmp,basler_OldObj/Image__2025-12-29__16-31-50.bmp
1,basler_OldObj/Image__2025-12-29__16-31-10.bmp,basler_tstRGB/RGB_red_E100000.bmp
1,basler_OldObj/Image__2025-12-29__16-31-50.bmp,basler_OldObj/Image__2025-12-29__16-31-54.bmp
1,basler_OldObj/Image__2025-12-29__16-31-50.bmp,basler_OldObj/Image__2025-12-29__16-31-58.bmp
1,basler_OldObj/Image__2025-12-29__16-31-50.bmp,basler_OldObj/Image__2025-12-29__16-32-02.bmp
1,basler_OldObj/Image__2025-12-29__16-31-50.bmp,basler_OldObj/Image__2025-12-29__16-32-06.bmp
1,basler_OldObj/Image__2025-12-29__16-31-50.bmp,basler_OldObj/Image__2025-12-29__16-32-09.bmp
1,basler_OldObj/Image__2025-12-29__16-31-50.bmp,basler_OldObj/Image__2025-12-29__16-32-21.bmp
1,basler_OldObj/Image__2025-12-29__16-31-54.bmp,basler_OldObj/Image__2025-12-29__16-32-14.bmp
1,basler_OldObj/Image__2025-12-29__16-31-58.bmp,basler_OldObj/Image__2025-12-29__16-32-14.bmp
1,basler_OldObj/Image__2025-12-29__16-32-02.bmp,basler_OldObj/Image__2025-12-29__16-32-14.bmp
1,basler_OldObj/Image__2025-12-29__16-32-06.bmp,basler_OldObj/Image__2025-12-29__16-32-14.bmp
1,basler_OldObj/Image__2025-12-29__16-32-09.bmp,basler_OldObj/Image__2025-12-29__16-32-14.bmp
1,basler_OldObj/Image__2025-12-29__16-32-14.bmp,basler_OldObj/Image__2025-12-29__16-32-21.bmp
1,images/20260116_155408_096.bmp,images/20260116_163347_896.bmp
1,images/20260116_155435_694.bmp,images/20260116_160753_410.bmp
1,images/20260116_161153_572.bmp,images/20260116_163402_136.bmp
2,basler_120126/Image__2026-01-12__16-31-10.bmp,basler_120126/Image__2026-01-12__16-32-40.bmp
2,basler_120126/Image__2026-01-12__16-31-10.bmp,basler_120126/Image__2026-01-12__16-32-51.bmp
2,basler_120126/Image__2026-01-12__16-31-10.bmp,basler_120126/Image__2026-01-12__16-37-46.bmp
2,basler_120126/Image__2026-01-12__16-31-10.bmp,basler_120126/Image__2026-01-12__16-38-59.bmp
2,basler_120126/Image__2026-01-12__16-31-10.bmp,basler_120126/Image__2026-01-12__16-47-08.bmp
2,basler_120126/Image__2026-01-12__16-31-10.bmp,basler_120126/Image__2026-01-12__16-47-16.bmp
2,basler_120126/Image__2026-01-12__16-31-10.bmp,basler_120126/Image__2026-01-12__16-47-38.bmp
2,basler_120126/Image__2026-01-12__16-31-10.bmp,basler_120126/Image__2026-01-12__16-47-46.bmp
2,basler_120126/Image__2026-01-12__16-31-10.bmp,basler_120126/Image__2026-01-12__16-48-48.bmp
2,basler_120126/Image__2026-01-12__16-31-10.bmp,basler_120126/Image__2026-01-12__16-58-30.bmp
2,basler_120126/Image__2026-01-12__16-31-10.bmp,basler_120126/Image__2026-01-12__17-00-32.bmp
2,basler_120126/Image__2026-01-12__16-31-10.bmp,basler_OldObj/Image__2025-12-29__16-04-04.bmp
2,basler_120126/Image__2026-01-12__16-31-10.bmp,basler_OldObj/Image__2025-12-29__16-04-24.bmp
2,basler_120126/Image__2026-01-12__16-31-10.bmp,basler_OldObj/Image__2025-12-29__16-04-32.bmp
2,basler_120126/Image__2026-01-12__16-31-10.bmp,basler_OldObj/Image__2025-12-29__16-05-08.bmp
2,basler_120126/Image__2026-01-12__16-31-10.bmp,basler_OldObj/Image__2025-12-29__16-05-24.bmp
2,basler_120126/Image__2026-01-12__16-31-10.bmp,basler_OldObj/Image__2025-12-29__16-06-19.bmp
2,basler_120126/Image__2026-01-12__16-31-10.bmp,basler_OldObj/Image__2025-12-29__16-06-32.bmp
2,basler_120126/Image__2026-01-12__16-31-10.bmp,basler_OldObj/Image__2025-12-29__16-07-22.bmp
2,basler_120126/Image__2026-01-12__16-31-10.bmp,basler_OldObj/Image__2025-12-29__16-07-28.bmp
2,basler_120126/Image__2026-01-12__16-31-10.bmp,basler_OldObj/Image__2025-12-29__16-07-33.bmp
2,basler_120126/Image__2026-01-12__16-31-10.bmp,basler_OldObj/Image__2025-12-29__16-07-39.bmp
2,basler_120126/Image__2026-01-12__16-31-10.bmp,basler_OldObj/Image__2025-12-29__16-07-44.bmp
2,basler_120126/Image__2026-01-12__16-31-10.bmp,basler_OldObj/Image__2025-12-29__16-08-16.bmp
2,basler_120126/Image__2026-01-12__16-31-10.bmp,basler_OldObj/Image__2025-12-29__16-31-03.bmp
2,basler_120126/Image__2026-01-12__16-31-10.bmp,basler_OldObj/Image__2025-12-29__16-31-10.bmp
2,basler_120126/Image__2026-01-12__16-32-11.bmp,basler_120126/Image__2026-01-12__16-33-42.bmp
2,basler_120126/Image__2026-01-12__16-32-11.bmp,basler_120126/Image__2026-01-12__16-33-50.bmp
2,basler_120126/Image__2026-01-12__16-32-11.bmp,basler_120126/Image__2026-01-12__16-36-17.bmp
2,basler_120126/Image__2026-01-12__16-32-11.bmp,basler_120126/Image__2026-01-12__16-36-30.bmp
2,basler_120126/Image__2026-01-12__16-32-11.bmp,basler_120126/Image__2026-01-12__16-58-42.bmp
2,basler_120126/Image__2026-01-12__16-32-11.bmp,basler_120126/Image__2026-01-12__17-01-23.bmp
2,basler_120126/Image__2026-01-12__16-32-11.bmp,basler_120126/Image__2026-01-12__17-02-16.bmp
2,basler_120126/Image__2026-01-12__16-32-40.bmp,basler_120126/Image__2026-01-12__16-36-44.bmp
2,basler_120126/Image__2026-01-12__16-32-40.bmp,basler_120126/Image__2026-01-12__16-47-08.bmp
2,basler_120126/Image__2026-01-12__16-32-40.bmp,basler_120126/Image__2026-01-12__16-47-16.bmp
2,basler_120126/Image__2026-01-12__16-32-40.bmp,basler_120126/Image__2026-01-12__17-01-40.bmp
2,basler_120126/Image__2026-01-12__16-32-40.bmp,basler_120126/Image__2026-01-12__17-02-44.bmp
2,basler_120126/Image__2026-01-12__16-32-40.bmp,basler_120126/Image__2026-01-12__17-04-57.bmp
2,basler_120126/Image__2026-01-12__16-32-51.bmp,basler_120126/Image__2026-01-12__16-36-44.bmp
2,basler_120126/Image__2026-01-12__16-32-51.bmp,basler_120126/Image__2026-01-12__16-47-08.bmp
2,basler_120126/Image__2026-01-12__16-32-51.bmp,basler_120126/Image__2026-01-12__16-47-16.bmp
2,basler_120126/Image__2026-01-12__16-32-51.bmp,basler_120126/Image__2026-01-12__17-01-40.bmp
2,basler_120126/Image__2026-01-12__16-32-51.bmp,basler_120126/Image__2026-01-12__17-02-44.bmp
2,basler_120126/Image__2026-01-12__16-32-51.bmp,basler_120126/Image__2026-01-12__17-04-57.bmp
2,basler_120126/Image__2026-01-12__16-33-42.bmp,basler_120126/Image__2026-01-12__16-36-56.bmp
2,basler_120126/Image__2026-01-12__16-33-42.bmp,basler_120126/Image__2026-01-12__17-02-16.bmp
2,basler_120126/Image__2026-01-12__16-33-42.bmp,basler_120126/Image__2026-01-12__17-05-33.bmp
2,basler_120126/Image__2026-01-12__16-33-42.bmp,basler_OldObj/Image__2025-12-29__16-04-15.bmp
2,basler_120126/Image__2026-01-12__16-33-42.bmp,basler_OldObj/Image__2025-12-29__16-04-40.bmp
2,basler_120126/Image__2026-01-12__16-33-42.bmp,basler_OldObj/Image__2025-12-29__16-04-46.bmp
2,basler_120126/Image__2026-01-12__16-33-42.bmp,basler_OldObj/Image__2025-12-29__16-06-04.bmp
2,basler_120126/Image__2026-01-12__16-33-42.bmp,basler_OldObj/Image__2025-12-29__16-07-49.bmp
2,basler_120126/Image__2026-01-12__16-33-42.bmp,basler_OldObj/Image__2025-12-29__16-07-54.bmp
2,basler_120126/Image__2026-01-12__16-33-42.bmp,basler_OldObj/Image__2025-12-29__16-08-07.bmp
2,basler_120126/Image__2026-01-12__16-33-42.bmp,basler_OldObj/Image__2025-12-29__16-31-50.bmp
2,basler_120126/Image__2026-01-12__16-33-42.bmp,basler_tstRGB/RGB_red_E100000.bmp
2,basler_120126/Image__2026-01-12__16-33-50.bmp,basler_120126/Image__2026-01-12__16-36-56.bmp
2,basler_120126/Image__2026-01-12__16-33-50.bmp,basler_120126/Image__2026-01-12__17-02-16.bmp
2,basler_120126/Image__2026-01-12__16-33-50.bmp,basler_120126/Image__2026-01-12__17-05-33.bmp
2,basler_120126/Image__2026-01-12__16-33-50.bmp,basler_OldObj/Image__2025-12-29__16-04-15.bmp
2,basler_120126/Image__2026-01-12__16-33-50.bmp,basler_OldObj/Image__2025-12-29__16-04-40.bmp
2,basler_120126/Image__2026-01-12__16-33-50.bmp,basler_OldObj/Image__2025-12-29__16-04-46.bmp
2,basler_120126/Image__2026-01-12__16-33-50.bmp,basler_OldObj/Image__2025-12-29__16-06-04.bmp
2,basler_120126/Image__2026-01-12__16-33-50.bmp,basler_OldObj/Image__2025-12-29__16-07-49.bmp
2,basler_120126/Image__2026-01-12__16-33-50.bmp,basler_OldObj/Image__2025-12-29__16-07-54.bmp
2,basler_120126/Image__2026-01-12__16-33-50.bmp,basler_OldObj/Image__2025-12-29__16-08-07.bmp
2,basler_120126/Image__2026-01-12__16-33-50.bmp,basler_OldObj/Image__2025-12-29__16-31-50.bmp
2,basler_120126/Image__2026-01-12__16-33-50.bmp,basler_tstRGB/RGB_red_E100000.bmp
2,basler_120126/Image__2026-01-12__16-33-57.bmp,basler_120126/Image__2026-01-12__16-45-29.bmp
2,basler_120126/Image__2026-01-12__16-33-57.bmp,basler_120126/Image__2026-01-12__16-48-58.bmp
2,basler_120126/Image__2026-01-12__16-33-57.bmp,basler_120126/Image__2026-01-12__17-00-05.bmp
2,basler_120126/Image__2026-01-12__16-33-57.bmp,basler_120126/Image__2026-01-12__17-00-15.bmp
2,basler_120126/Image__2026-01-12__16-33-57.bmp,basler_120126/Image__2026-01-12__17-05-33.bmp
2,basler_120126/Image__2026-01-12__16-34-15.bmp,basler_120126/Image__2026-01-12__16-45-29.bmp
2,basler_120126/Image__2026-01-12__16-34-15.bmp,basler_120126/Image__2026-01-12__16-48-58.bmp
2,basler_120126/Image__2026-01-12__16-34-15.bmp,basler_120126/Image__2026-01-12__17-00-05.bmp
2,basler_120126/Image__2026-01-12__16-34-15.bmp,basler_120126/Image__2026-01-12__17-00-15.bmp
2,basler_120126/Image__2026-01-12__16-34-15.bmp,basler_120126/Image__2026-01-12__17-05-33.bmp
2,basler_120126/Image__2026-01-12__16-34-27.bmp,basler_120126/Image__2026-01-12__16-45-29.bmp
2,basler_120126/Image__2026-01-12__16-34-27.bmp,basler_120126/Image__2026-01-12__16-48-58.bmp
2,basler_120126/Image__2026-01-12__16-34-27.bmp,basler_120126/Image__2026-01-12__17-00-05.bmp
2,basler_120126/Image__2026-01-12__16-34-27.bmp,basler_120126/Image__2026-01-12__17-00-15.bmp
2,basler_120126/Image__2026-01-12__16-34-27.bmp,basler_120126/Image__2026-01-12__17-05-33.bmp
2,basler_120126/Image__2026-01-12__16-36-17.bmp,basler_120126/Image__2026-01-12__16-36-56.bmp
2,basler_120126/Image__2026-01-12__16-36-17.bmp,basler_120126/Image__2026-01-12__17-02-16.bmp
2,basler_120126/Image__2026-01-12__16-36-17.bmp,basler_120126/Image__2026-01-12__17-05-33.bmp
2,basler_120126/Image__2026-01-12__16-36-17.bmp,basler_OldObj/Image__2025-12-29__16-04-15.bmp
2,basler_120126/Image__2026-01-12__16-36-17.bmp,basler_OldObj/Image__2025-12-29__16-04-40.bmp
2,basler_120126/Image__2026-01-12__16-36-17.bmp,basler_OldObj/Image__2025-12-29__16-04-46.bmp
2,basler_120126/Image__2026-01-12__16-36-17.bmp,basler_OldObj/Image__2025-12-29__16-06-04.bmp
2,basler_120126/Image__2026-01-12__16-36-17.bmp,basler_OldObj/Image__2025-12-29__16-07-49.bmp
2,basler_120126/Image__2026-01-12__16-36-17.bmp,basler_OldObj/Image__2025-12-29__16-07-54.bmp
2,basler_120126/Image__2026-01-12__16-36-17.bmp,basler_OldObj/Image__2025-12-29__16-08-07.bmp
2,basler_120126/Image__2026-01-12__16-36-17.bmp,basler_OldObj/Image__2025-12-29__16-31-50.bmp
2,basler_120126/Image__2026-01-12__16-36-17.bmp,basler_tstRGB/RGB_red_E100000.bmp
2,basler_120126/Image__2026-01-12__16-36-30.bmp,basler_120126/Image__2026-01-12__16-36-56.bmp
2,basler_120126/Image__2026-01-12__16-36-30.bmp,basler_120126/Image__2026-01-12__17-02-16.bmp
2,basler_120126/Image__2026-01-12__16-36-30.bmp,basler_120126/Image__2026-01-12__17-05-33.bmp
2,basler_120126/Image__2026-01-12__16-36-30.bmp,basler_OldObj/Image__2025-12-29__16-04-15.bmp
2,basler_120126/Image__2026-01-12__16-36-30.bmp,basler_OldObj/Image__2025-12-29__16-04-40.bmp
2,basler_120126/Image__2026-01-12__16-36-30.bmp,basler_OldObj/Image__2025-12-29__16-04-46.bmp
2,basler_120126/Image__2026-01-12__16-36-30.bmp,basler_OldObj/Image__2025-12-29__16-06-04.bmp
2,basler_120126/Image__2026-01-12__16-36-30.bmp,basler_OldObj/Image__2025-12-29__16-07-49.bmp
2,basler_120126/Image__2026-01-12__16-36-30.bmp,basler_OldObj/Image__2025-12-29__16-07-54.bmp
2,basler_120126/Image__2026-01-12__16-36-30.bmp,basler_OldObj/Image__2025-12-29__16-08-07.bmp
2,basler_120126/Image__2026-01-12__16-36-30.bmp,basler_OldObj/Image__2025-12-29__16-31-50.bmp
2,basler_120126/Image__2026-01-12__16-36-30.bmp,basler_tstRGB/RGB_red_E100000.bmp
2,basler_120126/Image__2026-01-12__16-36-44.bmp,basler_120126/Image__2026-01-12__16-37-46.bmp
2,basler_120126/Image__2026-01-12__16-36-44.bmp,basler_120126/Image__2026-01-12__16-38-59.bmp
2,basler_120126/Image__2026-01-12__16-36-44.bmp,basler_120126/Image__2026-01-12__16-47-08.bmp
2,basler_120126/Image__2026-01-12__16-36-44.bmp,basler_120126/Image__2026-01-12__16-47-16.bmp
2,basler_120126/Image__2026-01-12__16-36-44.bmp,basler_120126/Image__2026-01-12__16-47-38.bmp
2,basler_120126/Image__2026-01-12__16-36-44.bmp,basler_120126/Image__2026-01-12__16-47-46.bmp
2,basler_120126/Image__2026-01-12__16-36-44.bmp,basler_120126/Image__2026-01-12__16-48-48.bmp
2,basler_120126/Image__2026-01-12__16-36-44.bmp,basler_120126/Image__2026-01-12__16-58-30.bmp
2,basler_120126/Image__2026-01-12__16-36-44.bmp,basler_120126/Image__2026-01-12__17-00-32.bmp
2,basler_120126/Image__2026-01-12__16-36-44.bmp,basler_OldObj/Image__2025-12-29__16-04-04.bmp
2,basler_120126/Image__2026-01-12__16-36-44.bmp,basler_OldObj/Image__2025-12-29__16-04-24.bmp
2,basler_120126/Image__2026-01-12__16-36-44.bmp,basler_OldObj/Image__2025-12-29__16-04-32.bmp
2,basler_120126/Image__2026-01-12__16-36-44.bmp,basler_OldObj/Image__2025-12-29__16-05-08.bmp
2,basler_120126/Image__2026-01-12__16-36-44.bmp,basler_OldObj/Image__2025-12-29__16-05-24.bmp
2,basler_120126/Image__2026-01-12__16-36-44.bmp,basler_OldObj/Image__2025-12-29__16-06-19.bmp
2,basler_120126/Image__2026-01-12__16-36-44.bmp,basler_OldObj/Image__2025-12-29__16-06-32.bmp
2,basler_120126/Image__2026-01-12__16-36-44.bmp,basler_OldObj/Image__2025-12-29__16-07-22.bmp
2,basler_120126/Image__2026-01-12__16-36-44.bmp,basler_OldObj/Image__2025-12-29__16-07-28.bmp
2,basler_120126/Image__2026-01-12__16-36-44.bmp,basler_OldObj/Image__2025-12-29__16-07-33.bmp
2,basler_120126/Image__2026-01-12__16-36-44.bmp,basler_OldObj/Image__2025-12-29__16-07-39.bmp
2,basler_120126/Image__2026-01-12__16-36-44.bmp,basler_OldObj/Image__2025-12-29__16-07-44.bmp
2,basler_120126/Image__2026-01-12__16-36-44.bmp,basler_OldObj/Image__2025-12-29__16-08-16.bmp
2,basler_120126/Image__2026-01-12__16-36-44.bmp,basler_OldObj/Image__2025-12-29__16-31-03.bmp
2,basler_120126/Image__2026-01-12__16-36-44.bmp,basler_OldObj/Image__2025-12-29__16-31-10.bmp
2,basler_120126/Image__2026-01-12__16-36-56.bmp,basler_120126/Image__2026-01-12__16-58-42.bmp
2,basler_120126/Image__2026-01-12__16-36-56.bmp,basler_120126/Image__2026-01-12__17-01-23.bmp
2,basler_120126/Image__2026-01-12__16-36-56.bmp,basler_120126/Image__2026-01-12__17-02-16.bmp
2,basler_120126/Image__2026-01-12__16-36-56.bmp,basler_120126/Image__2026-01-12__17-05-33.bmp
2,basler_120126/Image__2026-01-12__16-36-56.bmp,basler_OldObj/Image__2025-12-29__16-04-15.bmp
2,basler_120126/Image__2026-01-12__16-36-56.bmp,basler_OldObj/Image__2025-12-29__16-04-40.bmp
2,basler_120126/Image__2026-01-12__16-36-56.bmp,basler_OldObj/Image__2025-12-29__16-04-46.bmp
2,basler_120126/Image__2026-01-12__16-37-46.bmp,basler_120126/Image__2026-01-12__16-46-32.bmp
2,basler_120126/Image__2026-01-12__16-37-46.bmp,basler_120126/Image__2026-01-12__16-46-40.bmp
2,basler_120126/Image__2026-01-12__16-37-46.bmp,basler_120126/Image__2026-01-12__16-46-52.bmp
2,basler_120126/Image__2026-01-12__16-37-46.bmp,basler_120126/Image__2026-01-12__16-47-08.bmp
2,basler_120126/Image__2026-01-12__16-37-46.bmp,basler_120126/Image__2026-01-12__16-47-16.bmp
2,basler_120126/Image__2026-01-12__16-37-46.bmp,basler_120126/Image__2026-01-12__16-48-35.bmp
2,basler_120126/Image__2026-01-12__16-37-46.bmp,basler_120126/Image__2026-01-12__16-48-48.bmp
2,basler_120126/Image__2026-01-12__16-37-46.bmp,basler_120126/Image__2026-01-12__17-00-32.bmp
2,basler_120126/Image__2026-01-12__16-37-46.bmp,basler_120126/Image__2026-01-12__17-01-40.bmp
2,basler_120126/Image__2026-01-12__16-37-46.bmp,basler_120126/Image__2026-01-12__17-02-44.bmp
2,basler_120126/Image__2026-01-12__16-37-46.bmp,basler_120126/Image__2026-01-12__17-04-57.bmp
2,basler_120126/Image__2026-01-12__16-37-46.bmp,basler_OldObj/Image__2025-12-29__16-04-04.bmp
2,basler_120126/Image__2026-01-12__16-37-46.bmp,basler_OldObj/Image__2025-12-29__16-04-24.bmp
2,basler_120126/Image__2026-01-12__16-37-46.bmp,basler_OldObj/Image__2025-12-29__16-04-32.bmp
2,basler_120126/Image__2026-01-12__16-37-46.bmp,basler_OldObj/Image__2025-12-29__16-05-08.bmp
2,basler_120126/Image__2026-01-12__16-37-46.bmp,basler_OldObj/Image__2025-12-29__16-05-24.bmp
2,basler_120126/Image__2026-01-12__16-37-46.bmp,basler_OldObj/Image__2025-12-29__16-06-19.bmp
2,basler_120126/Image__2026-01-12__16-37-46.bmp,basler_OldObj/Image__2025-12-29__16-06-32.bmp
2,basler_120126/Image__2026-01-12__16-37-46.bmp,basler_OldObj/Image__2025-12-29__16-07-22.bmp
2,basler_120126/Image__2026-01-12__16-37-46.bmp,basler_OldObj/Image__2025-12-29__16-07-28.bmp
2,basler_120126/Image__2026-01-12__16-37-46.bmp,basler_OldObj/Image__2025-12-29__16-07-33.bmp
2,basler_120126/Image__2026-01-12__16-37-46.bmp,basler_OldObj/Image__2025-12-29__16-07-39.bmp
2,basler_120126/Image__2026-01-12__16-37-46.bmp,basler_OldObj/Image__2025-12-29__16-07-44.bmp
2,basler_120126/Image__2026-01-12__16-37-46.bmp,basler_OldObj/Image__2025-12-29__16-08-16.bmp
2,basler_120126/Image__2026-01-12__16-37-46.bmp,basler_OldObj/Image__2025-12-29__16-31-03.bmp
2,basler_120126/Image__2026-01-12__16-37-46.bmp,basler_OldObj/Image__2025-12-29__16-31-10.bmp
2,basler_120126/Image__2026-01-12__16-38-59.bmp,basler_120126/Image__2026-01-12__16-46-32.bmp
2,basler_120126/Image__2026-01-12__16-38-59.bmp,basler_120126/Image__2026-01-12__16-46-40.bmp
2,basler_120126/Image__2026-01-12__16-38-59.bmp,basler_120126/Image__2026-01-12__16-46-52.bmp
2,basler_120126/Image__2026-01-12__16-38-59.bmp,basler_120126/Image__2026-01-12__16-47-08.bmp
2,basler_120126/Image__2026-01-12__16-38-59.bmp,basler_120126/Image__2026-01-12__16-47-16.bmp
2,basler_120126/Image__2026-01-12__16-38-59.bmp,basler_120126/Image__2026-01-12__16-48-35.bmp
2,basler_120126/Image__2026-01-12__16-38-59.bmp,basler_120126/Image__2026-01-12__16-48-48.bmp
2,basler_120126/Image__2026-01-12__16-38-59.bmp,basler_120126/Image__2026-01-12__17-00-32.bmp
2,basler_120126/Image__2026-01-12__16-38-59.bmp,basler_120126/Image__2026-01-12__17-01-40.bmp
2,basler_120126/Image__2026-01-12__16-38-59.bmp,basler_120126/Image__2026-01-12__17-02-44.bmp
2,basler_120126/Image__2026-01-12__16-38-59.bmp,basler_120126/Image__2026-01-12__17-04-57.bmp
2,basler_120126/Image__2026-01-12__16-38-59.bmp,basler_OldObj/Image__2025-12-29__16-04-04.bmp
2,basler_120126/Image__2026-01-12__16-38-59.bmp,basler_OldObj/Image__2025-12-29__16-04-24.bmp
2,basler_120126/Image__2026-01-12__16-38-59.bmp,basler_OldObj/Image__2025-12-29__16-04-32.bmp
2,basler_120126/Image__2026-01-12__16-38-59.bmp,basler_OldObj/Image__2025-12-29__16-05-08.bmp
2,basler_120126/Image__2026-01-12__16-38-59.bmp,basler_OldObj/Image__2025-12-29__16-05-24.bmp
2,basler_120126/Image__2026-01-12__16-38-59.bmp,basler_OldObj/Image__2025-12-29__16-06-19.bmp
2,basler_120126/Image__2026-01-12__16-38-59.bmp,basler_OldObj/Image__2025-12-29__16-06-32.bmp
2,basler_120126/Image__2026-01-12__16-38-59.bmp,basler_OldObj/Image__2025-12-29__16-07-22.bmp
2,basler_120126/Image__2026-01-12__16-38-59.bmp,basler_OldObj/Image__2025-12-29__16-07-28.bmp
2,basler_120126/Image__2026-01-12__16-38-59.bmp,basler_OldObj/Image__2025-12-29__16-07-33.bmp
2,basler_120126/Image__2026-01-12__16-38-59.bmp,basler_OldObj/Image__2025-12-29__16-07-39.bmp
2,basler_120126/Image__2026-01-12__16-38-59.bmp,basler_OldObj/Image__2025-12-29__16-07-44.bmp
2,basler_120126/Image__2026-01-12__16-38-59.bmp,basler_OldObj/Image__2025-12-29__16-08-16.bmp
2,basler_120126/Image__2026-01-12__16-38-59.bmp,basler_OldObj/Image__2025-12-29__16-31-03.bmp
2,basler_120126/Image__2026-01-12__16-38-59.bmp,basler_OldObj/Image__2025-12-29__16-31-10.bmp
2,basler_120126/Image__2026-01-12__16-45-29.bmp,basler_120126/Image__2026-01-12__17-00-05.bmp
2,basler_120126/Image__2026-01-12__16-45-29.bmp,basler_120126/Image__2026-01-12__17-05-33.bmp
2,basler_120126/Image__2026-01-12__16-46-32.bmp,basler_120126/Image__2026-01-12__16-47-08.bmp
2,basler_120126/Image__2026-01-12__16-46-32.bmp,basler_120126/Image__2026-01-12__16-47-16.bmp
2,basler_120126/Image__2026-01-12__16-46-32.bmp,basler_120126/Image__2026-01-12__16-47-38.bmp
2,basler_120126/Image__2026-01-12__16-46-32.bmp,basler_120126/Image__2026-01-12__16-47-46.bmp
2,basler_120126/Image__2026-01-12__16-46-32.bmp,basler_120126/Image__2026-01-12__16-48-35.bmp
2,basler_120126/Image__2026-01-12__16-46-32.bmp,basler_120126/Image__2026-01-12__16-48-48.bmp
2,basler_120126/Image__2026-01-12__16-46-32.bmp,basler_120126/Image__2026-01-12__16-50-09.bmp
2,basler_120126/Image__2026-01-12__16-46-32.bmp,basler_120126/Image__2026-01-12__16-50-23.bmp
2,basler_120126/Image__2026-01-12__16-46-32.bmp,basler_120126/Image__2026-01-12__16-51-20.bmp
2,basler_120126/Image__2026-01-12__16-46-40.bmp,basler_120126/Image__2026-01-12__16-47-08.bmp
2,basler_120126/Image__2026-01-12__16-46-40.bmp,basler_120126/Image__2026-01-12__16-47-16.bmp
2,basler_120126/Image__2026-01-12__16-46-40.bmp,basler_120126/Image__2026-01-12__16-47-38.bmp
2,basler_120126/Image__2026-01-12__16-46-40.bmp,basler_120126/Image__2026-01-12__16-47-46.bmp
2,basler_120126/Image__2026-01-12__16-46-40.bmp,basler_120126/Image__2026-01-12__16-48-35.bmp
2,basler_120126/Image__2026-01-12__16-46-40.bmp,basler_120126/Image__2026-01-12__16-48-48.bmp
2,basler_120126/Image__2026-01-12__16-46-40.bmp,basler_120126/Image__2026-01-12__16-50-09.bmp
2,basler_120126/Image__2026-01-12__16-46-40.bmp,basler_120126/Image__2026-01-12__16-50-23.bmp
2,basler_120126/Image__2026-01-12__16-46-40.bmp,basler_120126/Image__2026-01-12__16-51-20.bmp
2,basler_120126/Image__2026-01-12__16-46-52.bmp,basler_120126/Image__2026-01-12__16-47-08.bmp
2,basler_120126/Image__2026-01-12__16-46-52.bmp,basler_120126/Image__2026-01-12__16-47-16.bmp
2,basler_120126/Image__2026-01-12__16-46-52.bmp,basler_120126/Image__2026-01-12__16-47-38.bmp
2,basler_120126/Image__2026-01-12__16-46-52.bmp,basler_120126/Image__2026-01-12__16-47-46.bmp
2,basler_120126/Image__2026-01-12__16-46-52.bmp,basler_120126/Image__2026-01-12__16-48-35.bmp
2,basler_120126/Image__2026-01-12__16-46-52.bmp,basler_120126/Image__2026-01-12__16-48-48.bmp
2,basler_120126/Image__2026-01-12__16-46-52.bmp,basler_120126/Image__2026-01-12__16-50-09.bmp
2,basler_120126/Image__2026-01-12__16-46-52.bmp,basler_120126/Image__2026-01-12__16-50-23.bmp
2,basler_120126/Image__2026-01-12__16-46-52.bmp,basler_120126/Image__2026-01-12__16-51-20.bmp
2,basler_120126/Image__2026-01-12__16-47-08.bmp,basler_120126/Image__2026-01-12__16-47-38.bmp
2,basler_120126/Image__2026-01-12__16-47-08.bmp,basler_120126/Image__2026-01-12__16-47-46.bmp
2,basler_120126/Image__2026-01-12__16-47-08.bmp,basler_120126/Image__2026-01-12__16-48-48.bmp
2,basler_120126/Image__2026-01-12__16-47-08.bmp,basler_120126/Image__2026-01-12__17-01-40.bmp
2,basler_120126/Image__2026-01-12__16-47-08.bmp,basler_120126/Image__2026-01-12__17-02-44.bmp
2,basler_120126/Image__2026-01-12__16-47-08.bmp,basler_120126/Image__2026-01-12__17-04-57.bmp
2,basler_120126/Image__2026-01-12__16-47-16.bmp,basler_120126/Image__2026-01-12__16-47-38.bmp
2,basler_120126/Image__2026-01-12__16-47-16.bmp,basler_120126/Image__2026-01-12__16-47-46.bmp
2,basler_120126/Image__2026-01-12__16-47-16.bmp,basler_120126/Image__2026-01-12__16-48-48.bmp
2,basler_120126/Image__2026-01-12__16-47-16.bmp,basler_120126/Image__2026-01-12__17-01-40.bmp
2,basler_120126/Image__2026-01-12__16-47-16.bmp,basler_120126/Image__2026-01-12__17-02-44.bmp
2,basler_120126/Image__2026-01-12__16-47-16.bmp,basler_120126/Image__2026-01-12__17-04-57.bmp
2,basler_120126/Image__2026-01-12__16-47-38.bmp,basler_120126/Image__2026-01-12__16-48-35.bmp
2,basler_120126/Image__2026-01-12__16-47-38.bmp,basler_120126/Image__2026-01-12__16-48-48.bmp
2,basler_120126/Image__2026-01-12__16-47-38.bmp,basler_120126/Image__2026-01-12__17-00-32.bmp
2,basler_120126/Image__2026-01-12__16-47-38.bmp,basler_120126/Image__2026-01-12__17-01-40.bmp
2,basler_120126/Image__2026-01-12__16-47-38.bmp,basler_120126/Image__2026-01-12__17-02-44.bmp
2,basler_120126/Image__2026-01-12__16-47-38.bmp,basler_120126/Image__2026-01-12__17-04-57.bmp
2,basler_120126/Image__2026-01-12__16-47-38.bmp,basler_OldObj/Image__2025-12-29__16-04-04.bmp
2,basler_120126/Image__2026-01-12__16-47-38.bmp,basler_OldObj/Image__2025-12-29__16-04-24.bmp
2,basler_120126/Image__2026-01-12__16-47-38.bmp,basler_OldObj/Image__2025-12-29__16-04-32.bmp
2,basler_120126/Image__2026-01-12__16-47-38.bmp,basler_OldObj/Image__2025-12-29__16-05-08.bmp
2,basler_120126/Image__2026-01-12__16-47-38.bmp,basler_OldObj/Image__2025-12-29__16-05-24.bmp
2,basler_120126/Image__2026-01-12__16-47-38.bmp,basler_OldObj/Image__2025-12-29__16-06-19.bmp
2,basler_120126/Image__2026-01-12__16-47-38.bmp,basler_OldObj/Image__2025-12-29__16-06-32.bmp
2,basler_120126/Image__2026-01-12__16-47-38.bmp,basler_OldObj/Image__2025-12-29__16-07-22.bmp
2,basler_120126/Image__2026-01-12__16-47-38.bmp,basler_OldObj/Image__2025-12-29__16-07-28.bmp
2,basler_120126/Image__2026-01-12__16-47-38.bmp,basler_OldObj/Image__2025-12-29__16-07-33.bmp
2,basler_120126/Image__2026-01-12__16-47-38.bmp,basler_OldObj/Image__2025-12-29__16-07-39.bmp
2,basler_120126/Image__2026-01-12__16-47-38.bmp,basler_OldObj/Image__2025-12-29__16-07-44.bmp
2,basler_120126/Image__2026-01-12__16-47-38.bmp,basler_OldObj/Image__2025-12-29__16-08-16.bmp
2,basler_120126/Image__2026-01-12__16-47-38.bmp,basler_OldObj/Image__2025-12-29__16-31-03.bmp
2,basler_120126/Image__2026-01-12__16-47-38.bmp,basler_OldObj/Image__2025-12-29__16-31-10.bmp
2,basler_120126/Image__2026-01-12__16-47-46.bmp,basler_120126/Image__2026-01-12__16-48-35.bmp
2,basler_120126/Image__2026-01-12__16-47-46.bmp,basler_120126/Image__2026-01-12__16-48-48.bmp
2,basler_120126/Image__2026-01-12__16-47-46.bmp,basler_120126/Image__2026-01-12__17-00-32.bmp
2,basler_120126/Image__2026-01-12__16-47-46.bmp,basler_120126/Image__2026-01-12__17-01-40.bmp
2,basler_120126/Image__2026-01-12__16-47-46.bmp,basler_120126/Image__2026-01-12__17-02-44.bmp
2,basler_120126/Image__2026-01-12__16-47-46.bmp,basler_120126/Image__2026-01-12__17-04-57.bmp
2,basler_120126/Image__2026-01-12__16-47-46.bmp,basler_OldObj/Image__2025-12-29__16-04-04.bmp
2,basler_120126/Image__2026-01-12__16-47-46.bmp,basler_OldObj/Image__2025-12-29__16-04-24.bmp
2,basler_120126/Image__2026-01-12__16-47-46.bmp,basler_OldObj/Image__2025-12-29__16-04-32.bmp
2,basler_120126/Image__2026-01-12__16-47-46.bmp,basler_OldObj/Image__2025-12-29__16-05-08.bmp
2,basler_120126/Image__2026-01-12__16-47-46.bmp,basler_OldObj/Image__2025-12-29__16-05-24.bmp
2,basler_120126/Image__2026-01-12__16-47-46.bmp,basler_OldObj/Image__2025-12-29__16-06-19.bmp
2,basler_120126/Image__2026-01-12__16-47-46.bmp,basler_OldObj/Image__2025-12-29__16-06-32.bmp
2,basler_120126/Image__2026-01-12__16-47-46.bmp,basler_OldObj/Image__2025-12-29__16-07-22.bmp
2,basler_120126/Image__2026-01-12__16-47-46.bmp,basler_OldObj/Image__2025-12-29__16-07-28.bmp
2,basler_120126/Image__2026-01-12__16-47-46.bmp,basler_OldObj/Image__2025-12-29__16-07-33.bmp
2,basler_120126/Image__2026-01-12__16-47-46.bmp,basler_OldObj/Image__2025-12-29__16-07-39.bmp
2,basler_120126/Image__2026-01-12__16-47-46.bmp,basler_OldObj/Image__2025-12-29__16-07-44.bmp
2,basler_120126/Image__2026-01-12__16-47-46.bmp,basler_OldObj/Image__2025-12-29__16-08-16.bmp
2,basler_120126/Image__2026-01-12__16-47-46.bmp,basler_OldObj/Image__2025-12-29__16-31-03.bmp
2,basler_120126/Image__2026-01-12__16-47-46.bmp,basler_OldObj/Image__2025-12-29__16-31-10.bmp
2,basler_120126/Image__2026-01-12__16-48-35.bmp,basler_120126/Image__2026-01-12__16-48-48.bmp
2,basler_120126/Image__2026-01-12__16-48-48.bmp,basler_120126/Image__2026-01-12__17-01-40.bmp
2,basler_120126/Image__2026-01-12__16-48-48.bmp,basler_120126/Image__2026-01-12__17-02-44.bmp
2,basler_120126/Image__2026-01-12__16-48-48.bmp,basler_120126/Image__2026-01-12__17-04-57.bmp
2,basler_120126/Image__2026-01-12__16-48-58.bmp,basler_120126/Image__2026-01-12__17-00-05.bmp
2,basler_120126/Image__2026-01-12__16-48-58.bmp,basler_120126/Image__2026-01-12__17-05-33.bmp
2,basler_120126/Image__2026-01-12__16-50-37.bmp,basler_120126/Image__2026-01-12__16-51-38.bmp
2,basler_120126/Image__2026-01-12__16-58-30.bmp,basler_120126/Image__2026-01-12__17-01-40.bmp
2,basler_120126/Image__2026-01-12__16-58-30.bmp,basler_120126/Image__2026-01-12__17-02-44.bmp
2,basler_120126/Image__2026-01-12__16-58-30.bmp,basler_120126/Image__2026-01-12__17-04-57.bmp
2,basler_120126/Image__2026-01-12__16-58-42.bmp,basler_120126/Image__2026-01-12__17-02-16.bmp
2,basler_120126/Image__2026-01-12__16-58-42.bmp,basler_120126/Image__2026-01-12__17-05-33.bmp
2,basler_120126/Image__2026-01-12__16-58-42.bmp,basler_OldObj/Image__2025-12-29__16-04-15.bmp
2,basler_120126/Image__2026-01-12__16-58-42.bmp,basler_OldObj/Image__2025-12-29__16-04-40.bmp
2,basler_120126/Image__2026-01-12__16-58-42.bmp,basler_OldObj/Image__2025-12-29__16-04-46.bmp
2,basler_120126/Image__2026-01-12__16-58-42.bmp,basler_OldObj/Image__2025-12-29__16-06-04.bmp
2,basler_120126/Image__2026-01-12__16-58-42.bmp,basler_OldObj/Image__2025-12-29__16-07-49.bmp
2,basler_120126/Image__2026-01-12__16-58-42.bmp,basler_OldObj/Image__2025-12-29__16-07-54.bmp
2,basler_120126/Image__2026-01-12__16-58-42.bmp,basler_OldObj/Image__2025-12-29__16-08-07.bmp
2,basler_120126/Image__2026-01-12__16-58-42.bmp,basler_OldObj/Image__2025-12-29__16-31-50.bmp
2,basler_120126/Image__2026-01-12__16-58-42.bmp,basler_tstRGB/RGB_red_E100000.bmp
2,basler_120126/Image__2026-01-12__17-00-05.bmp,basler_120126/Image__2026-01-12__17-00-15.bmp
2,basler_120126/Image__2026-01-12__17-00-05.bmp,basler_120126/Image__2026-01-12__17-05-33.bmp
2,basler_120126/Image__2026-01-12__17-00-15.bmp,basler_120126/Image__2026-01-12__17-05-33.bmp
2,basler_120126/Image__2026-01-12__17-00-32.bmp,basler_120126/Image__2026-01-12__17-01-40.bmp
2,basler_120126/Image__2026-01-12__17-00-32.bmp,basler_120126/Image__2026-01-12__17-02-44.bmp
2,basler_120126/Image__2026-01-12__17-00-32.bmp,basler_120126/Image__2026-01-12__17-04-57.bmp
2,basler_120126/Image__2026-01-12__17-00-32.bmp,basler_OldObj/Image__2025-12-29__16-05-49.bmp
2,basler_120126/Image__2026-01-12__17-00-32.bmp,basler_OldObj/Image__2025-12-29__16-08-22.bmp
2,basler_120126/Image__2026-01-12__17-00-32.bmp,basler_OldObj/Image__2025-12-29__16-08-33.bmp
2,basler_120126/Image__2026-01-12__17-00-32.bmp,basler_OldObj/Image__2025-12-29__16-08-42.bmp
2,basler_120126/Image__2026-01-12__17-00-32.bmp,basler_OldObj/Image__2025-12-29__16-10-17.bmp
2,basler_120126/Image__2026-01-12__17-00-32.bmp,basler_OldObj/Image__2025-12-29__16-31-54.bmp
2,basler_120126/Image__2026-01-12__17-00-32.bmp,basler_OldObj/Image__2025-12-29__16-31-58.bmp
2,basler_120126/Image__2026-01-12__17-00-32.bmp,basler_OldObj/Image__2025-12-29__16-32-02.bmp
2,basler_120126/Image__2026-01-12__17-00-32.bmp,basler_OldObj/Image__2025-12-29__16-32-06.bmp
2,basler_120126/Image__2026-01-12__17-00-32.bmp,basler_OldObj/Image__2025-12-29__16-32-09.bmp
2,basler_120126/Image__2026-01-12__17-00-32.bmp,basler_OldObj/Image__2025-12-29__16-32-21.bmp
2,basler_120126/Image__2026-01-12__17-01-23.bmp,basler_120126/Image__2026-01-12__17-02-16.bmp
2,basler_120126/Image__2026-01-12__17-01-23.bmp,basler_120126/Image__2026-01-12__17-05-33.bmp
2,basler_120126/Image__2026-01-12__17-01-23.bmp,basler_OldObj/Image__2025-12-29__16-04-15.bmp
2,basler_120126/Image__2026-01-12__17-01-23.bmp,basler_OldObj/Image__2025-12-29__16-04-40.bmp
2,basler_120126/Image__2026-01-12__17-01-23.bmp,basler_OldObj/Image__2025-12-29__16-04-46.bmp
2,basler_120126/Image__2026-01-12__17-01-23.bmp,basler_OldObj/Image__2025-12-29__16-06-04.bmp
2,basler_120126/Image__2026-01-12__17-01-23.bmp,basler_OldObj/Image__2025-12-29__16-07-49.bmp
2,basler_120126/Image__2026-01-12__17-01-23.bmp,basler_OldObj/Image__2025-12-29__16-07-54.bmp
2,basler_120126/Image__2026-01-12__17-01-23.bmp,basler_OldObj/Image__2025-12-29__16-08-07.bmp
2,basler_120126/Image__2026-01-12__17-01-23.bmp,basler_OldObj/Image__2025-12-29__16-31-50.bmp
2,basler_120126/Image__2026-01-12__17-01-23.bmp,basler_tstRGB/RGB_red_E100000.bmp
2,basler_120126/Image__2026-01-12__17-01-40.bmp,basler_OldObj/Image__2025-12-29__16-04-04.bmp
2,basler_120126/Image__2026-01-12__17-01-40.bmp,basler_OldObj/Image__2025-12-29__16-04-24.bmp
2,basler_120126/Image__2026-01-12__17-01-40.bmp,basler_OldObj/Image__2025-12-29__16-04-32.bmp
2,basler_120126/Image__2026-01-12__17-01-40.bmp,basler_OldObj/Image__2025-12-29__16-05-08.bmp
2,basler_120126/Image__2026-01-12__17-01-40.bmp,basler_OldObj/Image__2025-12-29__16-05-24.bmp
2,basler_120126/Image__2026-01-12__17-01-40.bmp,basler_OldObj/Image__2025-12-29__16-06-19.bmp
2,basler_120126/Image__2026-01-12__17-01-40.bmp,basler_OldObj/Image__2025-12-29__16-06-32.bmp
2,basler_120126/Image__2026-01-12__17-01-40.bmp,basler_OldObj/Image__2025-12-29__16-07-22.bmp
2,basler_120126/Image__2026-01-12__17-01-40.bmp,basler_OldObj/Image__2025-12-29__16-07-28.bmp
2,basler_120126/Image__2026-01-12__17-01-40.bmp,basler_OldObj/Image__2025-12-29__16-07-33.bmp
2,basler_120126/Image__2026-01-12__17-01-40.bmp,basler_OldObj/Image__2025-12-29__16-07-39.bmp
2,basler_120126/Image__2026-01-12__17-01-40.bmp,basler_OldObj/Image__2025-12-29__16-07-44.bmp
2,basler_120126/Image__2026-01-12__17-01-40.bmp,basler_OldObj/Image__2025-12-29__16-08-16.bmp
2,basler_120126/Image__2026-01-12__17-01-40.bmp,basler_OldObj/Image__2025-12-29__16-31-03.bmp
2,basler_120126/Image__2026-01-12__17-01-40.bmp,basler_OldObj/Image__2025-12-29__16-31-10.bmp
2,basler_120126/Image__2026-01-12__17-01-59.bmp,basler_120126/Image__2026-01-12__17-04-34.bmp
2,basler_120126/Image__2026-01-12__17-02-16.bmp,basler_120126/Image__2026-01-12__17-05-33.bmp
2,basler_120126/Image__2026-01-12__17-02-16.bmp,basler_OldObj/Image__2025-12-29__16-04-15.bmp
2,basler_120126/Image__2026-01-12__17-02-16.bmp,basler_OldObj/Image__2025-12-29__16-04-40.bmp
2,basler_120126/Image__2026-01-12__17-02-16.bmp,basler_OldObj/Image__2025-12-29__16-04-46.bmp
2,basler_120126/Image__2026-01-12__17-02-44.bmp,basler_OldObj/Image__2025-12-29__16-04-04.bmp
2,basler_120126/Image__2026-01-12__17-02-44.bmp,basler_OldObj/Image__2025-12-29__16-04-24.bmp
2,basler_120126/Image__2026-01-12__17-02-44.bmp,basler_OldObj/Image__2025-12-29__16-04-32.bmp
2,basler_120126/Image__2026-01-12__17-02-44.bmp,basler_OldObj/Image__2025-12-29__16-05-08.bmp
2,basler_120126/Image__2026-01-12__17-02-44.bmp,basler_OldObj/Image__2025-12-29__16-05-24.bmp
2,basler_120126/Image__2026-01-12__17-02-44.bmp,basler_OldObj/Image__2025-12-29__16-06-19.bmp
2,basler_120126/Image__2026-01-12__17-02-44.bmp,basler_OldObj/Image__2025-12-29__16-06-32.bmp
2,basler_120126/Image__2026-01-12__17-02-44.bmp,basler_OldObj/Image__2025-12-29__16-07-22.bmp
2,basler_120126/Image__2026-01-12__17-02-44.bmp,basler_OldObj/Image__2025-12-29__16-07-28.bmp
2,basler_120126/Image__2026-01-12__17-02-44.bmp,basler_OldObj/Image__2025-12-29__16-07-33.bmp
2,basler_120126/Image__2026-01-12__17-02-44.bmp,basler_OldObj/Image__2025-12-29__16-07-39.bmp
2,basler_120126/Image__2026-01-12__17-02-44.bmp,basler_OldObj/Image__2025-12-29__16-07-44.bmp
2,basler_120126/Image__2026-01-12__17-02-44.bmp,basler_OldObj/Image__2025-12-29__16-08-16.bmp
2,basler_120126/Image__2026-01-12__17-02-44.bmp,basler_OldObj/Image__2025-12-29__16-31-03.bmp
2,basler_120126/Image__2026-01-12__17-02-44.bmp,basler_OldObj/Image__2025-12-29__16-31-10.bmp
2,basler_120126/Image__2026-01-12__17-04-34.bmp,basler_OldObj/Image__2025-12-29__16-04-15.bmp
2,basler_120126/Image__2026-01-12__17-04-34.bmp,basler_OldObj/Image__2025-12-29__16-04-40.bmp
2,basler_120126/Image__2026-01-12__17-04-34.bmp,basler_OldObj/Image__2025-12-29__16-04-46.bmp
2,basler_120126/Image__2026-01-12__17-04-34.bmp,basler_tstRGB/RGB_red_E100000.bmp
2,basler_120126/Image__2026-01-12__17-04-57.bmp,basler_OldObj/Image__2025-12-29__16-04-04.bmp
2,basler_120126/Image__2026-01-12__17-04-57.bmp,basler_OldObj/Image__2025-12-29__16-04-24.bmp
2,basler_120126/Image__2026-01-12__17-04-57.bmp,basler_OldObj/Image__2025-12-29__16-04-32.bmp
2,basler_120126/Image__2026-01-12__17-04-57.bmp,basler_OldObj/Image__2025-12-29__16-05-08.bmp
2,basler_120126/Image__2026-01-12__17-04-57.bmp,basler_OldObj/Image__2025-12-29__16-05-24.bmp
2,basler_120126/Image__2026-01-12__17-04-57.bmp,basler_OldObj/Image__2025-12-29__16-06-19.bmp
2,basler_120126/Image__2026-01-12__17-04-57.bmp,basler_OldObj/Image__2025-12-29__16-06-32.bmp
2,basler_120126/Image__2026-01-12__17-04-57.bmp,basler_OldObj/Image__2025-12-29__16-07-22.bmp
2,basler_120126/Image__2026-01-12__17-04-57.bmp,basler_OldObj/Image__2025-12-29__16-07-28.bmp
2,basler_120126/Image__2026-01-12__17-04-57.bmp,basler_OldObj/Image__2025-12-29__16-07-33.bmp
2,basler_120126/Image__2026-01-12__17-04-57.bmp,basler_OldObj/Image__2025-12-29__16-07-39.bmp
2,basler_120126/Image__2026-01-12__17-04-57.bmp,basler_OldObj/Image__2025-12-29__16-07-44.bmp
2,basler_120126/Image__2026-01-12__17-04-57.bmp,basler_OldObj/Image__2025-12-29__16-08-16.bmp
2,basler_120126/Image__2026-01-12__17-04-57.bmp,basler_OldObj/Image__2025-12-29__16-31-03.bmp
2,basler_120126/Image__2026-01-12__17-04-57.bmp,basler_OldObj/Image__2025-12-29__16-31-10.bmp
2,basler_120126/Image__2026-01-12__17-05-33.bmp,basler_OldObj/Image__2025-12-29__16-04-15.bmp
2,basler_120126/Image__2026-01-12__17-05-33.bmp,basler_OldObj/Image__2025-12-29__16-04-40.bmp
2,basler_120126/Image__2026-01-12__17-05-33.bmp,basler_OldObj/Image__2025-12-29__16-04-46.bmp
2,basler_OldObj/Image__2025-12-29__16-04-04.bmp,basler_OldObj/Image__2025-12-29__16-05-49.bmp
2,basler_OldObj/Image__2025-12-29__16-04-04.bmp,basler_OldObj/Image__2025-12-29__16-08-22.bmp
2,basler_OldObj/Image__2025-12-29__16-04-04.bmp,basler_OldObj/Image__2025-12-29__16-08-33.bmp
2,basler_OldObj/Image__2025-12-29__16-04-04.bmp,basler_OldObj/Image__2025-12-29__16-08-42.bmp
2,basler_OldObj/Image__2025-12-29__16-04-04.bmp,basler_OldObj/Image__2025-12-29__16-10-17.bmp
2,basler_OldObj/Image__2025-12-29__16-04-04.bmp,basler_OldObj/Image__2025-12-29__16-31-54.bmp
2,basler_OldObj/Image__2025-12-29__16-04-04.bmp,basler_OldObj/Image__2025-12-29__16-31-58.bmp
2,basler_OldObj/Image__2025-12-29__16-04-04.bmp,basler_OldObj/Image__2025-12-29__16-32-02.bmp
2,basler_OldObj/Image__2025-12-29__16-04-04.bmp,basler_OldObj/Image__2025-12-29__16-32-06.bmp
2,basler_OldObj/Image__2025-12-29__16-04-04.bmp,basler_OldObj/Image__2025-12-29__16-32-09.bmp
2,basler_OldObj/Image__2025-12-29__16-04-04.bmp,basler_OldObj/Image__2025-12-29__16-32-21.bmp
2,basler_OldObj/Image__2025-12-29__16-04-15.bmp,basler_OldObj/Image__2025-12-29__16-06-04.bmp
2,basler_OldObj/Image__2025-12-29__16-04-15.bmp,basler_OldObj/Image__2025-12-29__16-07-49.bmp
2,basler_OldObj/Image__2025-12-29__16-04-15.bmp,basler_OldObj/Image__2025-12-29__16-07-54.bmp
2,basler_OldObj/Image__2025-12-29__16-04-15.bmp,basler_OldObj/Image__2025-12-29__16-08-07.bmp
2,basler_OldObj/Image__2025-12-29__16-04-15.bmp,basler_OldObj/Image__2025-12-29__16-31-50.bmp
2,basler_OldObj/Image__2025-12-29__16-04-15.bmp,basler_tstRGB/RGB_red_E100000.bmp
2,basler_OldObj/Image__2025-12-29__16-04-24.bmp,basler_OldObj/Image__2025-12-29__16-05-49.bmp
2,basler_OldObj/Image__2025-12-29__16-04-24.bmp,basler_OldObj/Image__2025-12-29__16-08-22.bmp
2,basler_OldObj/Image__2025-12-29__16-04-24.bmp,basler_OldObj/Image__2025-12-29__16-08-33.bmp
2,basler_OldObj/Image__2025-12-29__16-04-24.bmp,basler_OldObj/Image__2025-12-29__16-08-42.bmp
2,basler_OldObj/Image__2025-12-29__16-04-24.bmp,basler_OldObj/Image__2025-12-29__16-10-17.bmp
2,basler_OldObj/Image__2025-12-29__16-04-24.bmp,basler_OldObj/Image__2025-12-29__16-31-54.bmp
2,basler_OldObj/Image__2025-12-29__16-04-24.bmp,basler_OldObj/Image__2025-12-29__16-31-58.bmp
2,basler_OldObj/Image__2025-12-29__16-04-24.bmp,basler_OldObj/Image__2025-12-29__16-32-02.bmp
2,basler_OldObj/Image__2025-12-29__16-04-24.bmp,basler_OldObj/Image__2025-12-29__16-32-06.bmp
2,basler_OldObj/Image__2025-12-29__16-04-24.bmp,basler_OldObj/Image__2025-12-29__16-32-09.bmp
2,basler_OldObj/Image__2025-12-29__16-04-24.bmp,basler_OldObj/Image__2025-12-29__16-32-21.bmp
2,basler_OldObj/Image__2025-12-29__16-04-32.bmp,basler_OldObj/Image__2025-12-29__16-05-49.bmp
2,basler_OldObj/Image__2025-12-29__16-04-32.bmp,basler_OldObj/Image__2025-12-29__16-08-22.bmp
2,basler_OldObj/Image__2025-12-29__16-04-32.bmp,basler_OldObj/Image__2025-12-29__16-08-33.bmp
2,basler_OldObj/Image__2025-12-29__16-04-32.bmp,basler_OldObj/Image__2025-12-29__16-08-42.bmp
2,basler_OldObj/Image__2025-12-29__16-04-32.bmp,basler_OldObj/Image__2025-12-29__16-10-17.bmp
2,basler_OldObj/Image__2025-12-29__16-04-32.bmp,basler_OldObj/Image__2025-12-29__16-31-54.bmp
2,basler_OldObj/Image__2025-12-29__16-04-32.bmp,basler_OldObj/Image__2025-12-29__16-31-58.bmp
2,basler_OldObj/Image__2025-12-29__16-04-32.bmp,basler_OldObj/Image__2025-12-29__16-32-02.bmp
2,basler_OldObj/Image__2025-12-29__16-04-32.bmp,basler_OldObj/Image__2025-12-29__16-32-06.bmp
2,basler_OldObj/Image__2025-12-29__16-04-32.bmp,basler_OldObj/Image__2025-12-29__16-32-09.bmp
2,basler_OldObj/Image__2025-12-29__16-04-32.bmp,basler_OldObj/Image__2025-12-29__16-32-21.bmp
2,basler_OldObj/Image__2025-12-29__16-04-40.bmp,basler_OldObj/Image__2025-12-29__16-06-04.bmp
2,basler_OldObj/Image__2025-12-29__16-04-40.bmp,basler_OldObj/Image__2025-12-29__16-07-49.bmp
2,basler_OldObj/Image__2025-12-29__16-04-40.bmp,basler_OldObj/Image__2025-12-29__16-07-54.bmp
2,basler_OldObj/Image__2025-12-29__16-04-40.bmp,basler_OldObj/Image__2025-12-29__16-08-07.bmp
2,basler_OldObj/Image__2025-12-29__16-04-40.bmp,basler_OldObj/Image__2025-12-29__16-31-50.bmp
2,basler_OldObj/Image__2025-12-29__16-04-40.bmp,basler_tstRGB/RGB_red_E100000.bmp
2,basler_OldObj/Image__2025-12-29__16-04-46.bmp,basler_OldObj/Image__2025-12-29__16-06-04.bmp
2,basler_OldObj/Image__2025-12-29__16-04-46.bmp,basler_OldObj/Image__2025-12-29__16-07-49.bmp
2,basler_OldObj/Image__2025-12-29__16-04-46.bmp,basler_OldObj/Image__2025-12-29__16-07-54.bmp
2,basler_OldObj/Image__2025-12-29__16-04-46.bmp,basler_OldObj/Image__2025-12-29__16-08-07.bmp
2,basler_OldObj/Image__2025-12-29__16-04-46.bmp,basler_OldObj/Image__2025-12-29__16-31-50.bmp
2,basler_OldObj/Image__2025-12-29__16-04-46.bmp,basler_tstRGB/RGB_red_E100000.bmp
2,basler_OldObj/Image__2025-12-29__16-05-08.bmp,basler_OldObj/Image__2025-12-29__16-05-49.bmp
2,basler_OldObj/Image__2025-12-29__16-05-08.bmp,basler_OldObj/Image__2025-12-29__16-08-22.bmp
2,basler_OldObj/Image__2025-12-29__16-05-08.bmp,basler_OldObj/Image__2025-12-29__16-08-33.bmp
2,basler_OldObj/Image__2025-12-29__16-05-08.bmp,basler_OldObj/Image__2025-12-29__16-08-42.bmp
2,basler_OldObj/Image__2025-12-29__16-05-08.bmp,basler_OldObj/Image__2025-12-29__16-10-17.bmp
2,basler_OldObj/Image__2025-12-29__16-05-08.bmp,basler_OldObj/Image__2025-12-29__16-31-54.bmp
2,basler_OldObj/Image__2025-12-29__16-05-08.bmp,basler_OldObj/Image__2025-12-29__16-31-58.bmp
2,basler_OldObj/Image__2025-12-29__16-05-08.bmp,basler_OldObj/Image__2025-12-29__16-32-02.bmp
2,basler_OldObj/Image__2025-12-29__16-05-08.bmp,basler_OldObj/Image__2025-12-29__16-32-06.bmp
2,basler_OldObj/Image__2025-12-29__16-05-08.bmp,basler_OldObj/Image__2025-12-29__16-32-09.bmp
2,basler_OldObj/Image__2025-12-29__16-05-08.bmp,basler_OldObj/Image__2025-12-29__16-32-21.bmp
2,basler_OldObj/Image__2025-12-29__16-05-24.bmp,basler_OldObj/Image__2025-12-29__16-05-49.bmp
2,basler_OldObj/Image__2025-12-29__16-05-24.bmp,basler_OldObj/Image__2025-12-29__16-08-22.bmp
2,basler_OldObj/Image__2025-12-29__16-05-24.bmp,basler_OldObj/Image__2025-12-29__16-08-33.bmp
2,basler_OldObj/Image__2025-12-29__16-05-24.bmp,basler_OldObj/Image__2025-12-29__16-08-42.bmp
2,basler_OldObj/Image__2025-12-29__16-05-24.bmp,basler_OldObj/Image__2025-12-29__16-10-17.bmp
2,basler_OldObj/Image__2025-12-29__16-05-24.bmp,basler_OldObj/Image__2025-12-29__16-31-54.bmp
2,basler_OldObj/Image__2025-12-29__16-05-24.bmp,basler_OldObj/Image__2025-12-29__16-31-58.bmp
2,basler_OldObj/Image__2025-12-29__16-05-24.bmp,basler_OldObj/Image__2025-12-29__16-32-02.bmp
2,basler_OldObj/Image__2025-12-29__16-05-24.bmp,basler_OldObj/Image__2025-12-29__16-32-06.bmp
2,basler_OldObj/Image__2025-12-29__16-05-24.bmp,basler_OldObj/Image__2025-12-29__16-32-09.bmp
2,basler_OldObj/Image__2025-12-29__16-05-24.bmp,basler_OldObj/Image__2025-12-29__16-32-21.bmp
2,basler_OldObj/Image__2025-12-29__16-05-49.bmp,basler_OldObj/Image__2025-12-29__16-06-19.bmp
2,basler_OldObj/Image__2025-12-29__16-05-49.bmp,basler_OldObj/Image__2025-12-29__16-06-32.bmp
2,basler_OldObj/Image__2025-12-29__16-05-49.bmp,basler_OldObj/Image__2025-12-29__16-07-22.bmp
2,basler_OldObj/Image__2025-12-29__16-05-49.bmp,basler_OldObj/Image__2025-12-29__16-07-28.bmp
2,basler_OldObj/Image__2025-12-29__16-05-49.bmp,basler_OldObj/Image__2025-12-29__16-07-33.bmp
2,basler_OldObj/Image__2025-12-29__16-05-49.bmp,basler_OldObj/Image__2025-12-29__16-07-39.bmp
2,basler_OldObj/Image__2025-12-29__16-05-49.bmp,basler_OldObj/Image__2025-12-29__16-07-44.bmp
2,basler_OldObj/Image__2025-12-29__16-05-49.bmp,basler_OldObj/Image__2025-12-29__16-08-16.bmp
2,basler_OldObj/Image__2025-12-29__16-05-49.bmp,basler_OldObj/Image__2025-12-29__16-31-03.bmp
2,basler_OldObj/Image__2025-12-29__16-05-49.bmp,basler_OldObj/Image__2025-12-29__16-31-10.bmp
2,basler_OldObj/Image__2025-12-29__16-06-04.bmp,basler_OldObj/Image__2025-12-29__16-07-49.bmp
2,basler_OldObj/Image__2025-12-29__16-06-04.bmp,basler_OldObj/Image__2025-12-29__16-07-54.bmp
2,basler_OldObj/Image__2025-12-29__16-06-04.bmp,basler_OldObj/Image__2025-12-29__16-08-07.bmp
2,basler_OldObj/Image__2025-12-29__16-06-04.bmp,basler_OldObj/Image__2025-12-29__16-31-50.bmp
2,basler_OldObj/Image__2025-12-29__16-06-04.bmp,basler_tstRGB/RGB_red_E100000.bmp
2,basler_OldObj/Image__2025-12-29__16-06-19.bmp,basler_OldObj/Image__2025-12-29__16-08-22.bmp
2,basler_OldObj/Image__2025-12-29__16-06-19.bmp,basler_OldObj/Image__2025-12-29__16-08-33.bmp
2,basler_OldObj/Image__2025-12-29__16-06-19.bmp,basler_OldObj/Image__2025-12-29__16-08-42.bmp
2,basler_OldObj/Image__2025-12-29__16-06-19.bmp,basler_OldObj/Image__2025-12-29__16-10-17.bmp
2,basler_OldObj/Image__2025-12-29__16-06-19.bmp,basler_OldObj/Image__2025-12-29__16-31-54.bmp
2,basler_OldObj/Image__2025-12-29__16-06-19.bmp,basler_OldObj/Image__2025-12-29__16-31-58.bmp
2,basler_OldObj/Image__2025-12-29__16-06-19.bmp,basler_OldObj/Image__2025-12-29__16-32-02.bmp
2,basler_OldObj/Image__2025-12-29__16-06-19.bmp,basler_OldObj/Image__2025-12-29__16-32-06.bmp
2,basler_OldObj/Image__2025-12-29__16-06-19.bmp,basler_OldObj/Image__2025-12-29__16-32-09.bmp
2,basler_OldObj/Image__2025-12-29__16-06-19.bmp,basler_OldObj/Image__2025-12-29__16-32-21.bmp
2,basler_OldObj/Image__2025-12-29__16-06-32.bmp,basler_OldObj/Image__2025-12-29__16-08-22.bmp
2,basler_OldObj/Image__2025-12-29__16-06-32.bmp,basler_OldObj/Image__2025-12-29__16-08-33.bmp
2,basler_OldObj/Image__2025-12-29__16-06-32.bmp,basler_OldObj/Image__2025-12-29__16-08-42.bmp
2,basler_OldObj/Image__2025-12-29__16-06-32.bmp,basler_OldObj/Image__2025-12-29__16-10-17.bmp
2,basler_OldObj/Image__2025-12-29__16-06-32.bmp,basler_OldObj/Image__2025-12-29__16-31-54.bmp
2,basler_OldObj/Image__2025-12-29__16-06-32.bmp,basler_OldObj/Image__2025-12-29__16-31-58.bmp
2,basler_OldObj/Image__2025-12-29__16-06-32.bmp,basler_OldObj/Image__2025-12-29__16-32-02.bmp
2,basler_OldObj/Image__2025-12-29__16-06-32.bmp,basler_OldObj/Image__2025-12-29__16-32-06.bmp
2,basler_OldObj/Image__2025-12-29__16-06-32.bmp,basler_OldObj/Image__2025-12-29__16-32-09.bmp
2,basler_OldObj/Image__2025-12-29__16-06-32.bmp,basler_OldObj/Image__2025-12-29__16-32-21.bmp
2,basler_OldObj/Image__2025-12-29__16-07-22.bmp,basler_OldObj/Image__2025-12-29__16-08-22.bmp
2,basler_OldObj/Image__2025-12-29__16-07-22.bmp,basler_OldObj/Image__2025-12-29__16-08-33.bmp
2,basler_OldObj/Image__2025-12-29__16-07-22.bmp,basler_OldObj/Image__2025-12-29__16-08-42.bmp
2,basler_OldObj/Image__2025-12-29__16-07-22.bmp,basler_OldObj/Image__2025-12-29__16-10-17.bmp
2,basler_OldObj/Image__2025-12-29__16-07-22.bmp,basler_OldObj/Image__2025-12-29__16-31-54.bmp
2,basler_OldObj/Image__2025-12-29__16-07-22.bmp,basler_OldObj/Image__2025-12-29__16-31-58.bmp
2,basler_OldObj/Image__2025-12-29__16-07-22.bmp,basler_OldObj/Image__2025-12-29__16-32-02.bmp
2,basler_OldObj/Image__2025-12-29__16-07-22.bmp,basler_OldObj/Image__2025-12-29__16-32-06.bmp
2,basler_OldObj/Image__2025-12-29__16-07-22.bmp,basler_OldObj/Image__2025-12-29__16-32-09.bmp
2,basler_OldObj/Image__2025-12-29__16-07-22.bmp,basler_OldObj/Image__2025-12-29__16-32-21.bmp
2,basler_OldObj/Image__2025-12-29__16-07-28.bmp,basler_OldObj/Image__2025-12-29__16-08-22.bmp
2,basler_OldObj/Image__2025-12-29__16-07-28.bmp,basler_OldObj/Image__2025-12-29__16-08-33.bmp
2,basler_OldObj/Image__2025-12-29__16-07-28.bmp,basler_OldObj/Image__2025-12-29__16-08-42.bmp
2,basler_OldObj/Image__2025-12-29__16-07-28.bmp,basler_OldObj/Image__2025-12-29__16-10-17.bmp
2,basler_OldObj/Image__2025-12-29__16-07-28.bmp,basler_OldObj/Image__2025-12-29__16-31-54.bmp
2,basler_OldObj/Image__2025-12-29__16-07-28.bmp,basler_OldObj/Image__2025-12-29__16-31-58.bmp
2,basler_OldObj/Image__2025-12-29__16-07-28.bmp,basler_OldObj/Image__2025-12-29__16-32-02.bmp
2,basler_OldObj/Image__2025-12-29__16-07-28.bmp,basler_OldObj/Image__2025-12-29__16-32-06.bmp
2,basler_OldObj/Image__2025-12-29__16-07-28.bmp,basler_OldObj/Image__2025-12-29__16-32-09.bmp
2,basler_OldObj/Image__2025-12-29__16-07-28.bmp,basler_OldObj/Image__2025-12-29__16-32-21.bmp
2,basler_OldObj/Image__2025-12-29__16-07-33.bmp,basler_OldObj/Image__2025-12-29__16-08-22.bmp
2,basler_OldObj/Image__2025-12-29__16-07-33.bmp,basler_OldObj/Image__2025-12-29__16-08-33.bmp
2,basler_OldObj/Image__2025-12-29__16-07-33.bmp,basler_OldObj/Image__2025-12-29__16-08-42.bmp
2,basler_OldObj/Image__2025-12-29__16-07-33.bmp,basler_OldObj/Image__2025-12-29__16-10-17.bmp
2,basler_OldObj/Image__2025-12-29__16-07-33.bmp,basler_OldObj/Image__2025-12-29__16-31-54.bmp
2,basler_OldObj/Image__2025-12-29__16-07-33.bmp,basler_OldObj/Image__2025-12-29__16-31-58.bmp
2,basler_OldObj/Image__2025-12-29__16-07-33.bmp,basler_OldObj/Image__2025-12-29__16-32-02.bmp
2,basler_OldObj/Image__2025-12-29__16-07-33.bmp,basler_OldObj/Image__2025-12-29__16-32-06.bmp
2,basler_OldObj/Image__2025-12-29__16-07-33.bmp,basler_OldObj/Image__2025-12-29__16-32-09.bmp
2,basler_OldObj/Image__2025-12-29__16-07-33.bmp,basler_OldObj/Image__2025-12-29__16-32-21.bmp
2,basler_OldObj/Image__2025-12-29__16-07-39.bmp,basler_OldObj/Image__2025-12-29__16-08-22.bmp
2,basler_OldObj/Image__2025-12-29__16-07-39.bmp,basler_OldObj/Image__2025-12-29__16-08-33.bmp
2,basler_OldObj/Image__2025-12-29__16-07-39.bmp,basler_OldObj/Image__2025-12-29__16-08-42.bmp
2,basler_OldObj/Image__2025-12-29__16-07-39.bmp,basler_OldObj/Image__2025-12-29__16-10-17.bmp
2,basler_OldObj/Image__2025-12-29__16-07-39.bmp,basler_OldObj/Image__2025-12-29__16-31-54.bmp
2,basler_OldObj/Image__2025-12-29__16-07-39.bmp,basler_OldObj/Image__2025-12-29__16-31-58.bmp
2,basler_OldObj/Image__2025-12-29__16-07-39.bmp,basler_OldObj/Image__2025-12-29__16-32-02.bmp
2,basler_OldObj/Image__2025-12-29__16-07-39.bmp,basler_OldObj/Image__2025-12-29__16-32-06.bmp
2,basler_OldObj/Image__2025-12-29__16-07-39.bmp,basler_OldObj/Image__2025-12-29__16-32-09.bmp
2,basler_OldObj/Image__2025-12-29__16-07-39.bmp,basler_OldObj/Image__2025-12-29__16-32-21.bmp
2,basler_OldObj/Image__2025-12-29__16-07-44.bmp,basler_OldObj/Image__2025-12-29__16-08-22.bmp
2,basler_OldObj/Image__2025-12-29__16-07-44.bmp,basler_OldObj/Image__2025-12-29__16-08-33.bmp
2,basler_OldObj/Image__2025-12-29__16-07-44.bmp,basler_OldObj/Image__2025-12-29__16-08-42.bmp
2,basler_OldObj/Image__2025-12-29__16-07-44.bmp,basler_OldObj/Image__2025-12-29__16-10-17.bmp
2,basler_OldObj/Image__2025-12-29__16-07-44.bmp,basler_OldObj/Image__2025-12-29__16-31-54.bmp
2,basler_OldObj/Image__2025-12-29__16-07-44.bmp,basler_OldObj/Image__2025-12-29__16-31-58.bmp
2,basler_OldObj/Image__2025-12-29__16-07-44.bmp,basler_OldObj/Image__2025-12-29__16-32-02.bmp
2,basler_OldObj/Image__2025-12-29__16-07-44.bmp,basler_OldObj/Image__2025-12-29__16-32-06.bmp
2,basler_OldObj/Image__2025-12-29__16-07-44.bmp,basler_OldObj/Image__2025-12-29__16-32-09.bmp
2,basler_OldObj/Image__2025-12-29__16-07-44.bmp,basler_OldObj/Image__2025-12-29__16-32-21.bmp
2,basler_OldObj/Image__2025-12-29__16-07-49.bmp,basler_OldObj/Image__2025-12-29__16-08-56.bmp
2,basler_OldObj/Image__2025-12-29__16-07-49.bmp,basler_OldObj/Image__2025-12-29__16-09-06.bmp
2,basler_OldObj/Image__2025-12-29__16-07-49.bmp,basler_OldObj/Image__2025-12-29__16-09-15.bmp
2,basler_OldObj/Image__2025-12-29__16-07-49.bmp,basler_OldObj/Image__2025-12-29__16-09-21.bmp
2,basler_OldObj/Image__2025-12-29__16-07-49.bmp,basler_OldObj/Image__2025-12-29__16-09-28.bmp
2,basler_OldObj/Image__2025-12-29__16-07-49.bmp,basler_OldObj/Image__2025-12-29__16-09-35.bmp
2,basler_OldObj/Image__2025-12-29__16-07-49.bmp,basler_OldObj/Image__2025-12-29__16-09-42.bmp
2,basler_OldObj/Image__2025-12-29__16-07-49.bmp,basler_OldObj/Image__2025-12-29__16-09-49.bmp
2,basler_OldObj/Image__2025-12-29__16-07-49.bmp,basler_OldObj/Image__2025-12-29__16-31-50.bmp
2,basler_OldObj/Image__2025-12-29__16-07-49.bmp,basler_tstRGB/RGB_red_E100000.bmp
2,basler_OldObj/Image__2025-12-29__16-07-54.bmp,basler_OldObj/Image__2025-12-29__16-08-56.bmp
2,basler_OldObj/Image__2025-12-29__16-07-54.bmp,basler_OldObj/Image__2025-12-29__16-09-06.bmp
2,basler_OldObj/Image__2025-12-29__16-07-54.bmp,basler_OldObj/Image__2025-12-29__16-09-15.bmp
2,basler_OldObj/Image__2025-12-29__16-07-54.bmp,basler_OldObj/Image__2025-12-29__16-09-21.bmp
2,basler_OldObj/Image__2025-12-29__16-07-54.bmp,basler_OldObj/Image__2025-12-29__16-09-28.bmp
2,basler_OldObj/Image__2025-12-29__16-07-54.bmp,basler_OldObj/Image__2025-12-29__16-09-35.bmp
2,basler_OldObj/Image__2025-12-29__16-07-54.bmp,basler_OldObj/Image__2025-12-29__16-09-42.bmp
2,basler_OldObj/Image__2025-12-29__16-07-54.bmp,basler_OldObj/Image__2025-12-29__16-09-49.bmp
2,basler_OldObj/Image__2025-12-29__16-07-54.bmp,basler_OldObj/Image__2025-12-29__16-31-50.bmp
2,basler_OldObj/Image__2025-12-29__16-07-54.bmp,basler_tstRGB/RGB_red_E100000.bmp
2,basler_OldObj/Image__2025-12-29__16-08-07.bmp,basler_OldObj/Image__2025-12-29__16-08-56.bmp
2,basler_OldObj/Image__2025-12-29__16-08-07.bmp,basler_OldObj/Image__2025-12-29__16-09-06.bmp
2,basler_OldObj/Image__2025-12-29__16-08-07.bmp,basler_OldObj/Image__2025-12-29__16-09-15.bmp
2,basler_OldObj/Image__2025-12-29__16-08-07.bmp,basler_OldObj/Image__2025-12-29__16-09-21.bmp
2,basler_OldObj/Image__2025-12-29__16-08-07.bmp,basler_OldObj/Image__2025-12-29__16-09-28.bmp
2,basler_OldObj/Image__2025-12-29__16-08-07.bmp,basler_OldObj/Image__2025-12-29__16-09-35.bmp
2,basler_OldObj/Image__2025-12-29__16-08-07.bmp,basler_OldObj/Image__2025-12-29__16-09-42.bmp
2,basler_OldObj/Image__2025-12-29__16-08-07.bmp,basler_OldObj/Image__2025-12-29__16-09-49.bmp
2,basler_OldObj/Image__2025-12-29__16-08-07.bmp,basler_OldObj/Image__2025-12-29__16-31-50.bmp
2,basler_OldObj/Image__2025-12-29__16-08-07.bmp,basler_tstRGB/RGB_red_E100000.bmp
2,basler_OldObj/Image__2025-12-29__16-08-16.bmp,basler_OldObj/Image__2025-12-29__16-08-22.bmp
2,basler_OldObj/Image__2025-12-29__16-08-16.bmp,basler_OldObj/Image__2025-12-29__16-08-33.bmp
2,basler_OldObj/Image__2025-12-29__16-08-16.bmp,basler_OldObj/Image__2025-12-29__16-08-42.bmp
2,basler_OldObj/Image__2025-12-29__16-08-16.bmp,basler_OldObj/Image__2025-12-29__16-10-17.bmp
2,basler_OldObj/Image__2025-12-29__16-08-16.bmp,basler_OldObj/Image__2025-12-29__16-31-54.bmp
2,basler_OldObj/Image__2025-12-29__16-08-16.bmp,basler_OldObj/Image__2025-12-29__16-31-58.bmp
2,basler_OldObj/Image__2025-12-29__16-08-16.bmp,basler_OldObj/Image__2025-12-29__16-32-02.bmp
2,basler_OldObj/Image__2025-12-29__16-08-16.bmp,basler_OldObj/Image__2025-12-29__16-32-06.bmp
2,basler_OldObj/Image__2025-12-29__16-08-16.bmp,basler_OldObj/Image__2025-12-29__16-32-09.bmp
2,basler_OldObj/Image__2025-12-29__16-08-16.bmp,basler_OldObj/Image__2025-12-29__16-32-21.bmp
2,basler_OldObj/Image__2025-12-29__16-08-22.bmp,basler_OldObj/Image__2025-12-29__16-31-03.bmp
2,basler_OldObj/Image__2025-12-29__16-08-22.bmp,basler_OldObj/Image__2025-12-29__16-31-10.bmp
2,basler_OldObj/Image__2025-12-29__16-08-33.bmp,basler_OldObj/Image__2025-12-29__16-31-03.bmp
2,basler_OldObj/Image__2025-12-29__16-08-33.bmp,basler_OldObj/Image__2025-12-29__16-31-10.bmp
2,basler_OldObj/Image__2025-12-29__16-08-42.bmp,basler_OldObj/Image__2025-12-29__16-31-03.bmp
2,basler_OldObj/Image__2025-12-29__16-08-42.bmp,basler_OldObj/Image__2025-12-29__16-31-10.bmp
2,basler_OldObj/Image__2025-12-29__16-08-56.bmp,basler_OldObj/Image__2025-12-29__16-09-35.bmp
2,basler_OldObj/Image__2025-12-29__16-08-56.bmp,basler_OldObj/Image__2025-12-29__16-09-42.bmp
2,basler_OldObj/Image__2025-12-29__16-09-06.bmp,basler_OldObj/Image__2025-12-29__16-09-35.bmp
2,basler_OldObj/Image__2025-12-29__16-09-06.bmp,basler_OldObj/Image__2025-12-29__16-09-42.bmp
2,basler_OldObj/Image__2025-12-29__16-09-15.bmp,basler_OldObj/Image__2025-12-29__16-09-35.bmp
2,basler_OldObj/Image__2025-12-29__16-09-15.bmp,basler_OldObj/Image__2025-12-29__16-09-42.bmp
2,basler_OldObj/Image__2025-12-29__16-09-21.bmp,basler_OldObj/Image__2025-12-29__16-09-35.bmp
2,basler_OldObj/Image__2025-12-29__16-09-21.bmp,basler_OldObj/Image__2025-12-29__16-09-42.bmp
2,basler_OldObj/Image__2025-12-29__16-09-28.bmp,basler_OldObj/Image__2025-12-29__16-09-35.bmp
2,basler_OldObj/Image__2025-12-29__16-09-28.bmp,basler_OldObj/Image__2025-12-29__16-09-42.bmp
2,basler_OldObj/Image__2025-12-29__16-09-35.bmp,basler_OldObj/Image__2025-12-29__16-09-49.bmp
2,basler_OldObj/Image__2025-12-29__16-09-42.bmp,basler_OldObj/Image__2025-12-29__16-09-49.bmp
2,basler_OldObj/Image__2025-12-29__16-09-57.bmp,basler_OldObj/Image__2025-12-29__16-10-17.bmp
2,basler_OldObj/Image__2025-12-29__16-09-57.bmp,basler_OldObj/Image__2025-12-29__16-10-46.bmp
2,basler_OldObj/Image__2025-12-29__16-10-07.bmp,basler_OldObj/Image__2025-12-29__16-10-17.bmp
2,basler_OldObj/Image__2025-12-29__16-10-07.bmp,basler_OldObj/Image__2025-12-29__16-10-46.bmp
2,basler_OldObj/Image__2025-12-29__16-10-17.bmp,basler_OldObj/Image__2025-12-29__16-31-03.bmp
2,basler_OldObj/Image__2025-12-29__16-10-17.bmp,basler_OldObj/Image__2025-12-29__16-31-10.bmp
2,basler_OldObj/Image__2025-12-29__16-10-25.bmp,basler_OldObj/Image__2025-12-29__16-10-54.bmp
2,basler_OldObj/Image__2025-12-29__16-10-25.bmp,basler_OldObj/Image__2025-12-29__16-11-02.bmp
2,basler_OldObj/Image__2025-12-29__16-10-25.bmp,basler_OldObj/Image__2025-12-29__16-11-08.bmp
2,basler_OldObj/Image__2025-12-29__16-10-39.bmp,basler_OldObj/Image__2025-12-29__16-10-54.bmp
2,basler_OldObj/Image__2025-12-29__16-10-39.bmp,basler_OldObj/Image__2025-12-29__16-11-02.bmp
2,basler_OldObj/Image__2025-12-29__16-10-39.bmp,basler_OldObj/Image__2025-12-29__16-11-08.bmp
2,basler_OldObj/Image__2025-12-29__16-10-54.bmp,basler_OldObj/Image__2025-12-29__16-11-13.bmp
2,basler_OldObj/Image__2025-12-29__16-10-54.bmp,basler_OldObj/Image__2025-12-29__16-11-19.bmp
2,basler_OldObj/Image__2025-12-29__16-10-54.bmp,basler_OldObj/Image__2025-12-29__16-11-24.bmp
2,basler_OldObj/Image__2025-12-29__16-11-02.bmp,basler_OldObj/Image__2025-12-29__16-11-13.bmp
2,basler_OldObj/Image__2025-12-29__16-11-02.bmp,basler_OldObj/Image__2025-12-29__16-11-19.bmp
2,basler_OldObj/Image__2025-12-29__16-11-02.bmp,basler_OldObj/Image__2025-12-29__16-11-24.bmp
2,basler_OldObj/Image__2025-12-29__16-11-08.bmp,basler_OldObj/Image__2025-12-29__16-11-13.bmp
2,basler_OldObj/Image__2025-12-29__16-11-08.bmp,basler_OldObj/Image__2025-12-29__16-11-19.bmp
2,basler_OldObj/Image__2025-12-29__16-11-08.bmp,basler_OldObj/Image__2025-12-29__16-11-24.bmp
2,basler_OldObj/Image__2025-12-29__16-11-13.bmp,basler_OldObj/Image__2025-12-29__16-11-44.bmp
2,basler_OldObj/Image__2025-12-29__16-11-13.bmp,basler_OldObj/Image__2025-12-29__16-12-05.bmp
2,basler_OldObj/Image__2025-12-29__16-11-13.bmp,basler_OldObj/Image__2025-12-29__16-12-10.bmp
2,basler_OldObj/Image__2025-12-29__16-11-19.bmp,basler_OldObj/Image__2025-12-29__16-11-44.bmp
2,basler_OldObj/Image__2025-12-29__16-11-19.bmp,basler_OldObj/Image__2025-12-29__16-12-05.bmp
2,basler_OldObj/Image__2025-12-29__16-11-19.bmp,basler_OldObj/Image__2025-12-29__16-12-10.bmp
2,basler_OldObj/Image__2025-12-29__16-11-24.bmp,basler_OldObj/Image__2025-12-29__16-11-44.bmp
2,basler_OldObj/Image__2025-12-29__16-11-24.bmp,basler_OldObj/Image__2025-12-29__16-12-05.bmp
2,basler_OldObj/Image__2025-12-29__16-11-24.bmp,basler_OldObj/Image__2025-12-29__16-12-10.bmp
2,basler_OldObj/Image__2025-12-29__16-11-44.bmp,basler_OldObj/Image__2025-12-29__16-12-05.bmp
2,basler_OldObj/Image__2025-12-29__16-11-44.bmp,basler_OldObj/Image__2025-12-29__16-12-10.bmp
2,basler_OldObj/Image__2025-12-29__16-13-32.bmp,basler_OldObj/Image__2025-12-29__16-13-47.bmp
2,basler_OldObj/Image__2025-12-29__16-21-22.bmp,basler_OldObj/Image__2025-12-29__16-21-36.bmp
2,basler_OldObj/Image__2025-12-29__16-21-27.bmp,basler_OldObj/Image__2025-12-29__16-21-36.bmp
2,basler_OldObj/Image__2025-12-29__16-21-30.bmp,basler_OldObj/Image__2025-12-29__16-21-40.bmp
2,basler_OldObj/Image__2025-12-29__16-21-36.bmp,basler_OldObj/Image__2025-12-29__16-21-44.bmp
2,basler_OldObj/Image__2025-12-29__16-21-44.bmp,basler_OldObj/Image__2025-12-29__16-21-48.bmp
2,basler_OldObj/Image__2025-12-29__16-22-03.bmp,basler_OldObj/Image__2025-12-29__16-22-13.bmp
2,basler_OldObj/Image__2025-12-29__16-22-08.bmp,basler_OldObj/Image__2025-12-29__16-22-13.bmp
2,basler_OldObj/Image__2025-12-29__16-31-03.bmp,basler_OldObj/Image__2025-12-29__16-31-54.bmp
2,basler_OldObj/Image__2025-12-29__16-31-03.bmp,basler_OldObj/Image__2025-12-29__16-31-58.bmp
2,basler_OldObj/Image__2025-12-29__16-31-03.bmp,basler_OldObj/Image__2025-12-29__16-32-02.bmp
2,basler_OldObj/Image__2025-12-29__16-31-03.bmp,basler_OldObj/Image__2025-12-29__16-32-06.bmp
2,basler_OldObj/Image__2025-12-29__16-31-03.bmp,basler_OldObj/Image__2025-12-29__16-32-09.bmp
2,basler_OldObj/Image__2025-12-29__16-31-03.bmp,basler_OldObj/Image__2025-12-29__16-32-21.bmp
2,basler_OldObj/Image__2025-12-29__16-31-10.bmp,basler_OldObj/Image__2025-12-29__16-31-54.bmp
2,basler_OldObj/Image__2025-12-29__16-31-10.bmp,basler_OldObj/Image__2025-12-29__16-31-58.bmp
2,basler_OldObj/Image__2025-12-29__16-31-10.bmp,basler_OldObj/Image__2025-12-29__16-32-02.bmp
2,basler_OldObj/Image__2025-12-29__16-31-10.bmp,basler_OldObj/Image__2025-12-29__16-32-06.bmp
2,basler_OldObj/Image__2025-12-29__16-31-10.bmp,basler_OldObj/Image__2025-12-29__16-32-09.bmp
2,basler_OldObj/Image__2025-12-29__16-31-10.bmp,basler_OldObj/Image__2025-12-29__16-32-21.bmp
2,basler_OldObj/Image__2025-12-29__16-31-50.bmp,basler_OldObj/Image__2025-12-29__16-32-14.bmp
2,basler_OldObj/Image__2025-12-29__16-31-50.bmp,basler_tstRGB/RGB_red_E100000.bmp
2,images/20260116_155328_028.bmp,images/20260116_155349_837.bmp
2,images/20260116_155350_717.bmp,images/20260116_155352_963.bmp
2,images/20260116_155350_717.bmp,images/20260116_163229_136.bmp
2,images/20260116_155350_717.bmp,images/20260116_163558_214.bmp
2,images/20260116_155352_963.bmp,images/20260116_163229_136.bmp
2,images/20260116_155352_963.bmp,images/20260116_163558_214.bmp
2,images/20260116_155425_456.bmp,images/20260116_161333_831.bmp
2,images/20260116_155438_809.bmp,images/20260116_163319_838.bmp
2,images/20260116_160707_573.bmp,images/20260116_163229_586.bmp
2,images/20260116_160804_111.bmp,images/20260116_161104_161.bmp
2,images/20260116_161333_831.bmp,images/20260116_161518_745.bmp
2,images/20260116_161334_712.bmp,images/20260116_161427_678.bmp
2,images/20260116_161417_433.bmp,images/20260116_161524_523.bmp
2,images/20260116_161417_433.bmp,images/20260116_163139_294.bmp
2,images/20260116_161417_433.bmp,images/20260116_163232_254.bmp
2,images/20260116_161524_523.bmp,images/20260116_163139_294.bmp
2,images/20260116_161524_523.bmp,images/20260116_163232_254.bmp
2,images/20260116_161626_853.bmp,images/20260116_163230_516.bmp
2,images/20260116_163229_136.bmp,images/20260116_163558_214.bmp
